ID,Unnamed: 0,Rank,Name,OVR,PAC,SHO,PAS,DRI,DEF,PHY,Acceleration,Sprint Speed,Positioning,Finishing,Shot Power,Long Shots,Volleys,Penalties,Vision,Crossing,Free Kick Accuracy,Short Passing,Long Passing,Curve,Dribbling,Agility,Balance,Reactions,Ball Control,Composure,Interceptions,Heading Accuracy,Def Awareness,Standing Tackle,Sliding Tackle,Jumping,Stamina,Strength,Aggression,Position,Weak foot,Skill moves,Preferred foot,Height,Weight,Alternative positions,Age,Nation,League,Team,play style,url,GK Diving,GK Handling,GK Kicking,GK Positioning,GK Reflexes,Revision
231866,0,1,Rodrigo Hernández Cascante,97,88,88,90,88,97,90,87,88,84,81,99,99,80,80,90,80,67,97,95,90,88,71,70,97,94,98,95,92,99,98,92,88,96,88,90,CDM,5,4,Right,"191cm / 6'3""",82kg / 181lb,CM,28,Spain,Premier League,Manchester City,"Anticipate+, Power Shot, Incisive Pass, Pinged Pass, Long Ball Pass, Tiki Taka, Bruiser, Technical, Press Proven, Relentless, Aerial",https://www.futbin.com/25/player/55805/rodrigo-hernandez-cascante,,,,,,League Player
241667,1,2,Aitana Bonmatí Conca,97,90,92,92,97,82,82,90,90,97,97,85,95,75,75,96,80,82,97,96,83,98,99,92,97,97,91,94,58,80,86,71,82,90,82,70,CM,5,4,Right,"162cm / 5'4""",53kg / 117lb,CAM,27,Spain,Liga F,FC Barcelona,"Technical+, Finesse Shot, Incisive Pass, Pinged Pass, Long Ball Pass, Tiki Taka, Whipped Pass, First Touch, Relentless",https://www.futbin.com/25/player/55806/aitana-bonmati-conca,,,,,,League Player
227102,2,3,Caroline Graham Hansen,97,96,95,95,97,58,86,97,96,96,95,96,97,92,86,97,97,83,96,92,99,98,99,88,90,97,92,43,87,56,62,57,95,98,84,75,RW,5,5,Right,"175cm / 5'9""",59kg / 130lb,RM,30,Norway,Liga F,FC Barcelona,"Rapid+, Trickster+, Trivela+, Finesse Shot, Whipped Pass, Technical, Flair, First Touch, Quick Step",https://www.futbin.com/25/player/56762/caroline-graham-hansen,,,,,,TOTY
238794,3,4,Vinícius José de Oliveira Júnior,97,99,91,90,98,38,78,99,99,95,95,88,90,80,77,93,90,70,92,88,88,98,98,95,95,98,95,34,66,42,33,24,84,95,74,66,LW,4,5,Right,"176cm / 5'9""",73kg / 161lb,"LM, ST",24,Brazil,LALIGA EA SPORTS,Real Madrid,"Finesse Shot+, Technical+, Quick Step+, Chip Shot, Whipped Pass, Rapid, Flair, First Touch, Trickster, Trivela",https://www.futbin.com/25/player/56763/vinicius-jose-de-oliveira-junior,,,,,,TOTY
264012,4,5,Sophia Wilson,97,98,95,87,98,54,93,97,98,96,97,95,91,91,86,82,81,80,97,83,82,99,93,92,97,99,90,52,90,48,50,47,96,97,95,80,ST,5,4,Right,"164cm / 5'5""",58kg / 128lb,"RW, LW",24,United States,NWSL,Portland Timbers-Thorns,"Power Shot+, First Touch+, Quick Step+, Finesse Shot, Technical, Rapid, Flair, Trickster",https://www.futbin.com/25/player/56764/sophia-wilson,,,,,,TOTY
231866,5,6,Rodrigo Hernández Cascante,97,89,86,94,91,97,92,89,89,82,80,97,95,76,67,97,87,70,98,98,95,91,85,85,96,93,97,95,92,99,98,92,90,98,90,92,CDM,5,4,Right,"191cm / 6'3""",82kg / 181lb,CM,28,Spain,Premier League,Manchester City,"Pinged Pass+, Tiki Taka+, Bruiser+, Power Shot, Incisive Pass, Long Ball Pass, Anticipate, Press Proven, Aerial",https://www.futbin.com/25/player/56772/rodrigo-hernandez-cascante,,,,,,TOTY
252371,6,7,Jude Bellingham,97,90,95,92,97,87,91,91,90,97,98,95,95,85,85,97,80,75,97,97,85,98,92,92,98,97,97,90,85,86,86,86,93,98,86,94,CAM,5,4,Right,"186cm / 6'1""",75kg / 165lb,CM,21,England,LALIGA EA SPORTS,Real Madrid,"Power Shot+, Incisive Pass+, Relentless+, Pinged Pass, Intercept, Slide Tackle, Technical, Flair",https://www.futbin.com/25/player/56776/jude-bellingham,,,,,,TOTY
241667,7,8,Aitana Bonmatí Conca,97,90,92,95,97,85,84,91,90,97,97,87,95,75,75,98,85,86,99,99,86,98,99,92,97,97,91,95,61,86,89,76,84,92,84,72,CM,5,4,Right,"162cm / 5'4""",53kg / 117lb,CAM,27,Spain,Liga F,FC Barcelona,"Finesse Shot+, Technical+, Tiki Taka+, Incisive Pass, Pinged Pass, Intercept, First Touch, Relentless",https://www.futbin.com/25/player/56777/aitana-bonmati-conca,,,,,,TOTY
237067,8,9,Edson Arantes Nascimento,97,95,97,93,96,61,82,95,95,97,99,95,94,96,93,97,91,89,96,88,89,96,94,93,98,97,98,68,97,57,53,51,94,90,82,71,CAM,4,5,Right,"173cm / 5'8""",70kg / 154lb,ST,,Brazil,Icons,EA FC ICONS,"Technical+, Tiki Taka+, Low Driven Shot+, Finesse Shot, Power Shot, Incisive Pass, Long Ball Pass, First Touch, Trickster, Quick Step, Relentless",https://www.futbin.com/25/player/59426/edson-arantes-nascimento,,,,,,FUT Immortals Icon
1397,9,10,Zinedine Zidane,96,86,92,96,96,76,86,87,85,92,91,91,94,93,91,98,94,92,98,97,89,98,83,87,96,98,98,86,89,66,79,68,75,88,88,79,CAM,5,5,Right,185cm / 6'0',77kg / 170lb,CM,,France,Icons,EA FC ICONS,"Incisive Pass+, Finesse Shot, Long Ball Pass, First Touch, Flair, Technical, Trivela",https://www.futbin.com/25/player/56105/zinedine-zidane,,,,,,Thunderstruck Icon
237067,10,11,Edson Arantes Nascimento,96,94,95,92,95,60,80,94,94,96,97,94,93,95,92,96,90,88,95,87,88,95,93,92,97,96,97,67,95,56,52,50,88,87,80,70,CAM,4,5,Right,173cm / 5'8',70kg / 154lb,ST,,Brazil,Icons,EA FC ICONS,"Technical+, Quick Step+, Finesse Shot, Power Shot, Incisive Pass, Long Ball Pass, First Touch, Trickster, Relentless",https://www.futbin.com/25/player/56755/edson-arantes-nascimento,,,,,,TOTY Icon
209331,11,12,Mohamed Salah,96,96,94,91,96,57,84,97,96,96,96,92,92,91,90,93,90,78,94,88,92,96,96,96,98,94,96,70,76,47,55,52,87,96,81,75,RW,4,5,Left,175cm / 5'8',72kg / 159lb,"RM, ST",32,Egypt,Premier League,Liverpool,"Finesse Shot+, Rapid+, Trickster+, Chip Shot, Flair, First Touch, Trivela",https://www.futbin.com/25/player/56765/mohamed-salah,,,,,,TOTY
231747,12,13,Kylian Mbappé,96,99,95,86,97,43,85,99,99,97,98,94,90,89,88,88,85,74,91,80,85,98,97,90,97,97,93,45,87,31,41,38,95,95,84,70,ST,4,5,Right,"182cm / 6'0""",75kg / 165lb,LW,26,France,LALIGA EA SPORTS,Real Madrid,"Rapid+, Power Shot+, Trivela+, Finesse Shot, Chip Shot, Flair, Trickster, Quick Step, Acrobatic",https://www.futbin.com/25/player/56766/kylian-mbappe,,,,,,TOTY
265249,13,14,Lauren James,96,98,91,90,97,51,93,98,98,92,92,95,90,80,79,91,99,82,87,87,91,99,92,90,92,99,90,51,84,38,55,48,96,90,99,82,RW,4,5,Right,"175cm / 5'9""",77kg / 170lb,"RM, CAM",23,England,Barclays WSL,Chelsea,"Technical+, Trickster+, Press Proven+, Long Ball Pass, Whipped Pass, Rapid, Flair, First Touch, Quick Step",https://www.futbin.com/25/player/56767/lauren-james,,,,,,TOTY
227323,14,15,Guro Reiten,96,96,91,94,94,70,75,96,96,97,93,92,92,70,78,95,99,88,93,91,85,92,99,97,96,93,96,76,58,70,70,65,80,97,67,68,LM,5,4,Left,"167cm / 5'6""",60kg / 132lb,"CAM, LW",30,Norway,Barclays WSL,Chelsea,"Finesse Shot+, Pinged Pass+, Trivela+, Dead Ball, Incisive Pass, Whipped Pass, Rapid, Quick Step, Relentless",https://www.futbin.com/25/player/56778/guro-reiten,,,,,,TOTY
227203,15,16,Alexia Putellas Segura,96,88,95,96,97,80,86,87,88,95,96,92,94,95,95,96,94,95,96,96,95,96,95,94,96,98,98,86,82,67,90,70,91,91,87,75,CM,5,5,Left,"173cm / 5'8""",69kg / 152lb,CAM,31,Spain,Liga F,FC Barcelona,"Finesse Shot+, First Touch+, Incisive Pass+, Pinged Pass, Tiki Taka, Intercept, Technical, Flair",https://www.futbin.com/25/player/56780/alexia-putellas-segura,,,,,,TOTY
203376,16,17,Virgil van Dijk,96,87,67,80,78,96,95,83,91,52,58,90,71,50,69,80,60,78,88,95,70,75,70,70,93,82,95,95,94,97,98,95,96,85,99,97,CB,3,3,Right,"193cm / 6'4""",92kg / 203lb,,33,Netherlands,Premier League,Liverpool,"Block+, Aerial+, Intercept+, Power Header, Pinged Pass, Long Ball Pass, Jockey, Anticipate, Bruiser",https://www.futbin.com/25/player/56783/virgil-van-dijk,,,,,,TOTY
190045,17,18,Johan Cruyff,96,93,94,93,96,45,78,94,92,96,96,88,93,96,90,96,88,86,95,90,95,96,94,86,96,97,95,46,67,45,37,41,70,85,76,74,CAM,5,5,Right,"180cm / 5'11""",71kg / 157lb,ST,,Netherlands,Icons,EA FC ICONS,"Finesse Shot+, First Touch+, Chip Shot, Incisive Pass, Tiki Taka, Flair, Trickster, Trivela",https://www.futbin.com/25/player/57173/johan-cruyff,,,,,,Future Stars Icon
190042,18,19,Diego Maradona,96,92,92,92,97,42,80,94,90,93,95,87,92,88,94,96,90,94,91,90,96,98,91,96,94,97,96,46,70,30,42,40,84,81,80,80,CAM,5,5,Left,165cm / 5'4',70kg / 154lb,ST,,Argentina,Icons,EA FC ICONS,"Finesse Shot+, Technical+, Dead Ball, Incisive Pass, Pinged Pass, Tiki Taka, Flair, First Touch, Quick Step, Relentless",https://www.futbin.com/25/player/57524/diego-maradona,,,,,,GrassrootGreatsIcon
37576,19,20,Ronaldo Luís Nazário de Lima,96,96,96,81,96,45,80,97,96,97,99,95,90,97,90,82,74,90,86,75,87,98,91,90,96,96,91,42,88,38,42,37,84,86,88,53,ST,5,5,Right,183cm / 6'0',78kg / 172lb,,,Brazil,Icons,EA FC ICONS,"Finesse Shot+, Rapid+, Low Driven Shot+, Tiki Taka, Technical, First Touch, Trickster, Press Proven, Quick Step",https://www.futbin.com/25/player/59322/ronaldo-luis-nazario-de-lima,,,,,,FUT Immortals Icon
168473,20,21,Franz Beckenbauer,96,87,77,93,88,97,90,88,86,78,74,78,83,72,70,94,80,86,99,98,81,83,87,84,95,94,92,98,93,98,96,94,99,94,88,86,CB,4,3,Right,181cm / 5'11',75kg / 165lb,"CDM, CM",,Germany,Icons,EA FC ICONS,"Long Ball Pass+, Jockey+, Anticipate+, Incisive Pass, Pinged Pass, Block, Intercept, Bruiser, Technical, Trivela, Aerial",https://www.futbin.com/25/player/59324/beckenbauer,,,,,,FUT Immortals Icon
275243,21,22,Mia Hamm,96,95,96,90,94,58,84,96,94,96,96,97,95,92,91,90,81,94,94,90,89,95,90,92,96,94,92,58,90,48,58,55,86,93,85,71,ST,5,5,Right,"165cm / 5'5""",57kg / 126lb,"CAM, RW",,United States,Icons,EA FC ICONS,"Power Shot+, Press Proven+, Quick Step+, Finesse Shot, Chip Shot, Power Header, Incisive Pass, Rapid, Flair, First Touch, Relentless",https://www.futbin.com/25/player/59428/mia-hamm,,,,,,FUT Immortals Icon
242519,22,23,Eusébio da Silva Ferreira,96,95,96,90,96,50,84,94,95,97,96,96,97,96,96,91,90,91,90,87,87,99,97,95,97,92,97,44,98,47,44,39,93,95,80,80,ST,5,4,Right,"175cm / 5'9""",76kg / 168lb,,,Portugal,Icons,EA FC ICONS,"Finesse Shot+, Rapid+, Trivela+, Chip Shot, Power Shot, Tiki Taka, Quick Step, Relentless, Low Driven Shot",https://www.futbin.com/25/player/59429/eusebio-da-silva-ferreira,,,,,,FUT Immortals Icon
156616,23,24,Franck Ribéry,96,96,92,94,97,53,80,97,95,92,92,90,96,95,89,96,92,93,96,92,92,97,96,95,93,98,92,52,66,54,50,44,62,96,76,75,LM,5,5,Right,"170cm / 5'7""",72kg / 159lb,"CAM, LW",,France,Icons,EA FC ICONS,"Finesse Shot+, Technical+, Quick Step+, Relentless+, Chip Shot, Dead Ball, Incisive Pass, Tiki Taka, Whipped Pass, Flair, Trickster, Trivela",https://www.futbin.com/25/player/59491/franck-ribery,,,,,,FUT Immortals Icon
237067,24,25,Edson Arantes Nascimento,95,93,94,91,94,58,74,93,93,95,96,93,92,94,91,95,88,87,94,86,87,94,92,91,96,95,96,65,92,54,50,47,86,85,74,57,CAM,4,5,Right,"173cm / 5'8""",70kg / 154lb,ST,,Brazil,Icons,EA FC ICONS,"Technical+, Finesse Shot, Power Shot, Incisive Pass, Trickster, Quick Step",https://www.futbin.com/25/player/54471/edson-arantes-nascimento,,,,,,Icon
239818,25,26,Rúben Santos Gato Alves Dias,95,91,44,75,75,95,90,88,93,44,33,83,29,36,51,69,58,51,91,87,49,70,67,61,97,82,93,93,93,96,96,93,91,81,93,91,CB,4,2,Right,"187cm / 6'2""",82kg / 181lb,,27,Portugal,Premier League,Manchester City,"Bruiser+, Power Header, Long Ball Pass, Jockey, Block, Intercept, Anticipate, Slide Tackle",https://www.futbin.com/25/player/55807/ruben-santos-gato-alves-dias,,,,,,League Player
231747,26,27,Kylian Mbappé,95,98,93,89,94,42,81,98,98,96,97,93,86,87,87,91,85,75,95,80,88,95,95,84,95,94,90,44,85,30,40,37,91,91,80,67,ST,4,5,Right,182cm / 5'11',75kg / 165lb,LW,26,France,LALIGA EA SPORTS,Real Madrid,"Quick Step+, Finesse Shot, Chip Shot, Rapid, Flair, Trivela, Acrobatic",https://www.futbin.com/25/player/55808/kylian-mbappe,,,,,,League Player
252371,27,28,Jude Bellingham,95,91,92,95,93,86,87,92,91,96,95,90,91,81,82,98,85,88,98,98,90,94,87,83,96,94,92,90,83,85,87,85,88,97,81,89,CAM,5,4,Right,"186cm / 6'1""",75kg / 165lb,CM,21,England,LALIGA EA SPORTS,Real Madrid,"Pinged Pass+, Long Ball Pass, Whipped Pass, Intercept, Slide Tackle, Technical, Flair, Press Proven, Relentless",https://www.futbin.com/25/player/55809/jude-bellingham,,,,,,League Player
238794,28,29,Vinícius José de Oliveira Júnior,95,97,90,89,95,40,75,97,97,93,95,87,89,78,76,93,90,68,91,85,87,97,98,88,90,94,87,36,69,44,34,25,80,91,71,63,LW,4,5,Right,"176cm / 5'9""",73kg / 161lb,"LM, ST",24,Brazil,LALIGA EA SPORTS,Real Madrid,"Rapid+, Finesse Shot, Chip Shot, Flair, First Touch, Trickster, Quick Step, Trivela",https://www.futbin.com/25/player/55810/vinicius-jose-de-oliveira-junior,,,,,,League Player
243715,29,30,William Saliba,95,93,46,78,78,95,88,90,96,51,41,71,28,41,56,69,65,39,94,87,61,78,56,48,91,86,90,94,86,96,97,94,95,76,92,90,CB,4,2,Right,"193cm / 6'4""",85kg / 187lb,,24,France,Premier League,Arsenal,"Anticipate+, Whipped Pass, Jockey, Block, Intercept, Slide Tackle, Relentless",https://www.futbin.com/25/player/55811/william-saliba,,,,,,League Player
277643,30,31,Lamine Yamal,95,93,94,93,95,40,80,95,92,97,95,97,99,61,86,94,99,80,97,80,97,97,97,86,92,95,80,31,58,40,35,50,92,95,75,70,RW,4,5,Left,"180cm / 5'11""",65kg / 143lb,"RM, LW",17,Spain,LALIGA EA SPORTS,FC Barcelona,"Technical+, Finesse Shot, Long Ball Pass, Tiki Taka, Flair, Press Proven, Quick Step",https://www.futbin.com/25/player/55812/lamine-yamal,,,,,,League Player
239085,31,32,Erling Haaland,95,93,95,92,92,50,95,88,97,99,99,97,86,93,93,97,84,82,96,87,95,90,87,82,97,95,97,48,92,42,52,32,97,92,96,97,ST,4,4,Left,"195cm / 6'5""",94kg / 207lb,,24,Norway,Premier League,Manchester City,"Rapid+, Chip Shot, Power Shot, Power Header, Bruiser, Press Proven, Trivela, Acrobatic",https://www.futbin.com/25/player/55813/erling-haaland,,,,,,League Player
265249,32,33,Lauren James,95,95,94,95,93,51,91,98,92,96,96,97,92,87,86,98,97,90,92,93,98,98,81,82,82,96,81,50,82,38,54,47,99,84,99,76,RW,4,5,Right,"175cm / 5'9""",77kg / 170lb,"RM, CAM",23,England,Barclays WSL,Chelsea,"Power Shot+, Finesse Shot, Long Ball Pass, Whipped Pass, Rapid, Flair, First Touch, Trickster, Press Proven, Quick Step, Relentless",https://www.futbin.com/25/player/55814/lauren-james,,,,,,League Player
202126,33,34,Harry Kane,95,90,95,90,92,53,92,90,90,96,97,96,91,91,95,92,86,75,91,94,88,92,81,81,97,97,97,45,97,50,50,40,98,84,96,90,ST,5,4,Right,"188cm / 6'2""",86kg / 190lb,,31,England,Bundesliga,FC Bayern München,"Finesse Shot+, Chip Shot, Power Shot, Power Header, Incisive Pass, Pinged Pass, Long Ball Pass, First Touch, Trivela",https://www.futbin.com/25/player/55815/harry-kane,,,,,,League Player
227102,34,35,Caroline Graham Hansen,95,92,92,92,95,54,85,93,91,92,91,93,94,88,84,93,94,81,93,88,96,98,97,80,88,95,89,40,82,52,57,53,94,97,83,74,RW,5,5,Right,175cm / 5'8',59kg / 130lb,RM,30,Norway,Liga F,FC Barcelona,"Quick Step+, Finesse Shot, Long Ball Pass, First Touch, Flair, Technical, Trickster, Trivela",https://www.futbin.com/25/player/55816/caroline-graham-hansen,,,,,,League Player
266928,35,36,Trinity Rodman,95,97,92,91,91,50,90,96,97,92,94,92,90,80,85,93,92,80,95,82,83,90,94,90,90,91,87,48,80,44,50,45,94,98,88,86,RM,5,4,Right,"173cm / 5'8""",60kg / 132lb,"RW, ST",22,United States,NWSL,Washington Spirit,"Whipped Pass+, Finesse Shot, Rapid, Flair, Trickster, Quick Step, Relentless, Trivela",https://www.futbin.com/25/player/55817/trinity-rodman,,,,,,League Player
246272,36,37,Marie Katoto,95,92,95,91,91,42,92,95,90,99,98,92,91,98,90,93,84,85,99,83,84,91,91,80,90,94,92,28,96,40,37,32,99,97,99,64,ST,5,4,Right,"177cm / 5'10""",66kg / 146lb,,26,France,D1 Arkema,Paris SG,"Aerial+, Chip Shot, Power Shot, Power Header, Technical, Press Proven, Quick Step, Trivela",https://www.futbin.com/25/player/55818/marie-katoto,,,,,,League Player
247788,37,38,Giulia Gwinn,95,91,80,91,92,95,84,93,90,99,75,84,79,85,80,84,97,46,97,96,92,95,95,88,91,90,83,94,91,97,96,94,98,98,76,84,RB,4,4,Right,"172cm / 5'8""",58kg / 128lb,LB,25,Germany,GPFBL,FC Bayern München,"Intercept+, Long Ball Pass, Whipped Pass, Jockey, Anticipate, Bruiser, Rapid, First Touch, Relentless, Long Throw",https://www.futbin.com/25/player/55819/giulia-gwinn,,,,,,League Player
264012,38,39,Sophia Wilson,95,95,95,86,92,50,90,94,95,98,98,95,91,93,86,81,80,78,96,82,81,92,88,90,92,94,83,48,87,46,47,42,99,99,91,73,ST,5,4,Right,"164cm / 5'5""",58kg / 128lb,"RM, RW",24,United States,NWSL,Portland Timbers-Thorns,"Trickster+, Finesse Shot, Chip Shot, Power Header, Technical, Flair, First Touch, Quick Step",https://www.futbin.com/25/player/55820/sophia-wilson,,,,,,League Player
231478,39,40,Lautaro Martínez,95,91,95,80,92,60,88,93,90,99,99,94,86,99,81,84,73,70,84,78,85,90,93,96,96,93,92,53,95,61,57,49,96,86,88,90,ST,5,4,Right,"174cm / 5'9""",72kg / 159lb,,27,Argentina,Serie A TIM,Lombardia FC,"Finesse Shot+, Power Shot, Technical, Press Proven, Quick Step, Relentless, Aerial",https://www.futbin.com/25/player/55821/lautaro-martinez,,,,,,League Player
231432,40,41,Lindsey Horan,95,93,90,92,93,81,91,95,92,93,90,92,90,90,80,94,85,92,96,96,73,94,89,81,96,95,92,90,99,76,78,66,98,95,95,74,CM,5,4,Right,"175cm / 5'9""",67kg / 148lb,CAM,30,United States,D1 Arkema,OL,"Incisive Pass+, Finesse Shot, Power Shot, Dead Ball, Pinged Pass, Long Ball Pass, Tiki Taka, Whipped Pass, Acrobatic, Aerial",https://www.futbin.com/25/player/55822/lindsey-horan,,,,,,League Player
274753,41,42,Tarciane Karen dos Santos de Lima,95,90,52,77,78,95,90,90,90,67,50,48,53,33,76,50,84,41,88,88,74,72,75,70,88,87,74,96,94,95,96,92,90,89,90,93,CB,3,2,Right,"183cm / 6'0""",68kg / 150lb,,21,Brazil,NWSL,Houston Dash,"Aerial+, Jockey, Intercept, Anticipate, Slide Tackle",https://www.futbin.com/25/player/55823/tarciane-karen-dos-santos-de-lima,,,,,,League Player
269404,42,43,Salma Celeste Paralluelo Ayingono,95,95,92,92,94,50,85,94,95,86,95,95,88,90,82,95,87,85,95,91,98,95,98,83,86,95,90,46,82,47,47,44,98,86,94,58,LW,5,4,Left,"175cm / 5'9""",68kg / 150lb,"LM, ST",21,Spain,Liga F,FC Barcelona,"Finesse Shot+, Tiki Taka, Technical, First Touch, Press Proven, Quick Step",https://www.futbin.com/25/player/55824/salma-celeste-paralluelo-ayingono,,,,,,League Player
37576,43,44,Ronaldo Luís Nazário de Lima,95,95,95,80,95,44,76,96,95,96,98,94,89,96,89,81,73,89,85,74,86,97,90,84,95,95,90,41,85,37,41,36,80,82,84,47,ST,5,5,Right,183cm / 6'0',78kg / 172lb,,,Brazil,Icons,EA FC ICONS,"Trickster+, Quick Step+, Finesse Shot, First Touch, Technical",https://www.futbin.com/25/player/56371/ronaldo-luis-nazario-de-lima,,,,,,Winter Wildcard ICON
257534,44,45,Cole Palmer,95,90,93,95,97,60,80,90,90,96,95,91,91,76,97,96,90,85,98,94,97,98,90,90,94,98,97,62,74,54,64,48,86,93,75,75,CAM,4,5,Left,189cm / 6'2',74kg / 163lb,"RM, RW",22,England,Premier League,Chelsea,"Dead Ball+, Finesse Shot+, Technical+, Incisive Pass, Whipped Pass, First Touch, Flair, Relentless",https://www.futbin.com/25/player/56781/cole-palmer,,,,,,TOTY
233662,45,46,Sakina Karchaoui,95,97,75,91,95,92,80,98,97,93,63,86,86,67,80,84,98,75,95,90,90,96,97,95,91,95,95,96,74,92,96,92,85,96,68,88,LB,4,5,Left,"160cm / 5'3""",55kg / 121lb,LM,29,France,D1 Arkema,Paris SG,"Relentless+, Whipped Pass+, Jockey+, Block, Intercept, Anticipate, Technical, Quick Step",https://www.futbin.com/25/player/56785/sakina-karchaoui,,,,,,TOTY
227316,46,47,Wendie Renard,95,86,73,80,78,98,93,86,86,77,70,88,66,61,74,75,64,63,90,90,75,75,70,70,96,80,94,97,99,99,99,88,86,80,98,96,CB,3,3,Right,"187cm / 6'2""",70kg / 154lb,CDM,34,France,D1 Arkema,OL,"Long Ball Pass+, Aerial+, Anticipate+, Power Header, Jockey, Block, Slide Tackle, Bruiser",https://www.futbin.com/25/player/56786/wendie-renard,,,,,,TOTY
243715,47,48,William Saliba,95,90,47,80,83,95,93,88,91,52,42,72,28,42,58,80,66,40,92,86,65,81,70,70,92,90,93,94,86,96,99,93,95,85,96,93,CB,4,2,Right,"193cm / 6'4""",85kg / 187lb,,24,France,Premier League,Arsenal,"Relentless+, Anticipate+, Slide Tackle+, Jockey, Block, Intercept, Bruiser, Acrobatic, Aerial",https://www.futbin.com/25/player/56787/william-saliba,,,,,,TOTY
204963,48,49,Daniel Carvajal Ramos,95,94,78,87,92,95,87,93,94,86,80,83,70,71,61,86,90,51,92,83,82,90,90,90,95,94,92,95,90,93,97,95,93,94,80,94,RB,4,4,Right,"173cm / 5'8""",73kg / 161lb,,33,Spain,LALIGA EA SPORTS,Real Madrid,"Press Proven+, Long Ball Pass+, Jockey+, Whipped Pass, Block, Intercept, Technical, First Touch, Relentless",https://www.futbin.com/25/player/56788/daniel-carvajal-ramos,,,,,,TOTY
242519,49,50,Eusébio da Silva Ferreira,95,94,95,88,95,48,82,93,94,96,95,95,96,95,95,90,88,90,88,86,85,98,96,94,96,91,96,43,94,45,43,37,87,92,78,78,ST,5,4,Right,"175cm / 5'9""",76kg / 168lb,,,Portugal,Icons,EA FC ICONS,"Rapid+, Power Shot+, Finesse Shot, Chip Shot, Tiki Taka, Quick Step, Relentless",https://www.futbin.com/25/player/56792/eusebio-da-silva-ferreira,,,,,,TOTY Icon
239085,50,51,Erling Haaland,95,92,96,77,88,50,92,85,98,99,99,98,87,94,94,82,64,68,84,73,86,87,88,87,99,88,94,47,90,42,51,33,96,83,97,92,ST,4,4,Left,"195cm / 6'5""",94kg / 207lb,,24,Norway,Premier League,Manchester City,"Power Shot+, Acrobatic+, Finesse Shot, Chip Shot, Power Header, Bruiser, Press Proven",https://www.futbin.com/25/player/57095/erling-haaland,,,,,,TOTY Honourable Ment
246219,51,52,Khadija Shaw,95,90,95,85,90,41,94,91,90,98,98,97,93,85,83,90,75,66,90,87,75,90,80,80,94,95,95,34,99,30,40,28,98,93,98,85,ST,5,4,Right,"180cm / 5'11""",70kg / 154lb,,28,Jamaica,Barclays WSL,Manchester City,"Finesse Shot+, Press Proven+, Aerial+, Power Shot, Incisive Pass, Technical, First Touch, Quick Step, Trivela",https://www.futbin.com/25/player/57108/khadija-shaw,,,,,,TOTY
20801,52,53,C. Ronaldo dos Santos Aveiro,95,91,96,88,92,42,90,91,91,97,96,96,94,91,98,90,88,87,90,84,88,90,86,86,96,95,99,37,97,30,41,31,99,93,93,77,ST,4,5,Right,"187cm / 6'2""",85kg / 187lb,LW,40,Portugal,ROSHN Saudi League,Al Nassr,"Power Shot+, Quick Step+, Acrobatic+, Power Header, Technical, Flair, Trickster, Trivela, Aerial",https://www.futbin.com/25/player/57109/c-ronaldo-dos-santos-aveiro,,,,,,TOTY
256675,53,54,Omar Marmoush,95,98,92,89,95,48,86,96,99,94,94,92,90,88,82,92,82,80,97,82,82,95,99,93,93,93,93,50,92,39,44,34,96,92,82,86,CAM,5,5,Right,"183cm / 6'0""",81kg / 179lb,"ST, LW",26,Egypt,Premier League,Manchester City,"Technical+, Power Shot+, Finesse Shot, Power Header, Incisive Pass, Tiki Taka, Rapid, Trickster, Quick Step, Relentless",https://www.futbin.com/25/player/57779/omar-marmoush,,,,,,Fantasy FC
247635,54,55,Khvicha Kvaratskhelia,95,95,90,90,99,52,85,94,95,92,91,91,92,77,77,93,87,74,93,85,92,99,99,99,99,99,99,51,78,48,50,43,89,88,86,77,LW,5,5,Right,"183cm / 6'0""",70kg / 154lb,"LM, RW",24,Georgia,Ligue 1 Uber Eats,Paris SG,"Finesse Shot+, Trickster+, Power Shot, Incisive Pass, Technical, Rapid, Flair, First Touch, Quick Step, Trivela",https://www.futbin.com/25/player/57782/khvicha-kvaratskhelia,,,,,,Fantasy FC
190042,55,56,Diego Maradona,95,90,91,91,96,40,77,92,88,92,94,86,91,87,93,95,88,93,90,89,95,97,90,95,93,96,95,45,67,28,41,38,82,78,75,77,CAM,3,5,Left,165cm / 5'4',70kg / 154lb,ST,,Argentina,Icons,EA FC ICONS,"Technical+, Finesse Shot, Dead Ball, Incisive Pass, Tiki Taka, Flair, First Touch",https://www.futbin.com/25/player/57801/diego-maradona,,,,,,Icon
222665,56,57,Martin Ødegaard,95,91,93,96,95,78,77,91,91,96,94,93,95,89,79,98,93,92,98,98,91,95,93,93,98,97,95,80,67,79,84,68,77,98,67,74,CM,5,5,Left,"178cm / 5'10""",68kg / 150lb,CAM,26,Norway,Premier League,Arsenal,"Incisive Pass+, Long Ball Pass+, Pinged Pass, Whipped Pass, Technical, Flair, First Touch, Trivela",https://www.futbin.com/25/player/57806/martin-odegaard,,,,,,UCL Live
231677,57,58,Marcus Rashford,95,99,95,90,95,49,84,98,99,94,94,99,94,89,98,92,88,89,92,85,95,95,92,89,92,96,88,44,94,46,45,37,96,89,87,69,LM,5,5,Right,"186cm / 6'1""",70kg / 154lb,"ST, LW",27,England,Premier League,Aston Villa,"Finesse Shot+, Power Shot+, Whipped Pass, Technical, Rapid, Flair, First Touch, Trickster, Quick Step, Relentless",https://www.futbin.com/25/player/58179/marcus-rashford,,,,,,Fantasy FC
243812,58,59,Rodrygo Silva de Goes,95,97,92,92,96,40,76,98,96,94,97,86,88,76,92,95,92,84,93,85,93,96,95,92,92,95,93,27,82,32,42,38,92,95,70,65,RW,5,5,Right,"174cm / 5'9""",64kg / 141lb,"RM, ST",24,Brazil,LALIGA EA SPORTS,Real Madrid,"Finesse Shot+, Quick Step+, Dead Ball, Technical, Flair, First Touch, Press Proven, Relentless",https://www.futbin.com/25/player/58180/rodrygo-silva-de-goes,,,,,,Fantasy FC
239085,59,60,Erling Haaland,95,92,97,80,88,50,93,85,98,99,99,99,89,95,95,85,67,71,87,76,89,87,88,87,99,88,94,47,89,42,51,33,97,84,98,93,ST,5,5,Left,"195cm / 6'5""",94kg / 207lb,,24,Norway,Premier League,Manchester City,"Finesse Shot+, Power Shot+, Chip Shot, Power Header, Bruiser, Press Proven, Acrobatic",https://www.futbin.com/25/player/58247/erling-haaland,,,,,,FUT Birthday
28130,60,61,Ronaldo de Assis Moreira,95,94,91,93,97,41,83,96,93,91,94,89,91,84,88,95,92,94,94,88,92,98,96,93,94,97,96,34,57,40,43,34,88,87,86,71,LW,5,5,Right,"180cm / 5'11""",78kg / 172lb,"LM, CAM",,Brazil,Icons,EA FC ICONS,"Technical+, Trickster+, Finesse Shot, Dead Ball, Incisive Pass, Tiki Taka, Flair, First Touch, Trivela",https://www.futbin.com/25/player/58284/ronaldo-de-assis-moreira,,,,,,FUT Birthday Icon
203376,61,62,Virgil van Dijk,95,87,66,78,78,95,93,83,91,52,57,89,70,50,68,78,58,76,86,93,68,75,70,70,93,82,95,94,93,96,97,94,94,83,98,95,CB,5,5,Right,"193cm / 6'4""",92kg / 203lb,,33,Netherlands,Premier League,Liverpool,"Intercept+, Anticipate+, Power Header, Long Ball Pass, Jockey, Block, Bruiser, Aerial",https://www.futbin.com/25/player/58604/virgil-van-dijk,,,,,,FUT Birthday
202126,62,63,Harry Kane,95,90,98,91,91,54,89,90,90,99,99,99,94,94,98,93,87,76,93,95,89,90,86,86,99,94,98,47,98,51,51,43,93,85,92,86,ST,5,4,Right,"188cm / 6'2""",86kg / 190lb,,31,England,Bundesliga,FC Bayern München,"Finesse Shot+, Low Driven Shot+, Power Header, Incisive Pass, Long Ball Pass, First Touch, Press Proven, Trivela, Aerial",https://www.futbin.com/25/player/58696/harry-kane,,,,,,UCL Dreamchasers
231747,63,64,Kylian Mbappé,95,99,94,85,96,40,84,99,99,97,98,94,87,88,88,88,83,74,91,76,85,97,97,86,97,96,92,42,80,30,38,36,94,94,83,69,ST,4,5,Right,"182cm / 6'0""",75kg / 165lb,LW,26,France,LALIGA EA SPORTS,Real Madrid,"Finesse Shot+, Quick Step+, Chip Shot, Power Shot, Rapid, Flair, Relentless, Trivela, Acrobatic",https://www.futbin.com/25/player/58697/kylian-mbappe,,,,,,UCL Dreamchasers
188545,64,65,Robert Lewandowski,95,90,95,88,92,51,91,90,90,97,97,96,90,93,97,90,84,93,94,78,88,90,90,90,94,95,92,57,97,42,50,24,97,88,94,86,ST,5,4,Right,"185cm / 6'1""",81kg / 179lb,,36,Poland,LALIGA EA SPORTS,FC Barcelona,"Finesse Shot+, Low Driven Shot+, Chip Shot, Power Shot, Power Header, Incisive Pass, First Touch, Quick Step, Trivela",https://www.futbin.com/25/player/59117/robert-lewandowski,,,,,,UCL Dreamchasers
209331,65,66,Mohamed Salah,95,94,91,90,95,56,82,94,94,95,94,87,88,87,85,92,88,76,93,85,91,95,95,95,97,93,95,68,75,46,54,51,86,95,80,70,RW,4,5,Left,175cm / 5'8',72kg / 159lb,RM,32,Egypt,Premier League,Liverpool,"Finesse Shot+, Rapid+, Chip Shot, Pinged Pass, Tiki Taka, Whipped Pass, Flair, Trickster, Relentless, Trivela",https://www.futbin.com/25/player/59119/mohamed-salah,,,,,,UCL Dreamchasers
1625,66,67,Thierry Henry,95,96,95,95,94,65,92,95,96,96,98,91,91,94,90,93,91,98,99,90,98,94,93,87,95,95,91,66,94,58,63,56,83,98,95,77,ST,5,4,Right,"188cm / 6'2""",83kg / 183lb,LW,,France,Icons,EA FC ICONS,"Finesse Shot+, Rapid+, First Touch+, Chip Shot, Technical, Flair, Trickster, Press Proven, Quick Step, Trivela",https://www.futbin.com/25/player/59325/thierry-henry,,,,,,FUT Immortals Icon
226293,67,68,Nadine Angerer,95,61,22,34,97,24,95,63,60,12,12,59,11,11,23,63,12,18,35,32,20,13,61,61,93,26,64,29,9,27,21,26,73,43,70,52,GK,4,1,Right,"175cm / 5'9""",71kg / 157lb,,,Germany,Icons,EA FC ICONS,"Far Reach+, Cross Claimer+, Pinged Pass, Long Ball Pass, Far Throw, FootWork, Deflector",https://www.futbin.com/25/player/59327/nadine-angerer,,,,,,FUT Immortals Icon
1179,68,69,Gianluigi Buffon,95,66,26,36,97,19,94,70,63,14,19,59,16,18,25,67,13,17,37,35,23,25,64,58,88,26,70,28,13,18,16,14,78,42,75,42,GK,4,1,Right,"192cm / 6'4""",82kg / 181lb,,,Italy,Icons,EA FC ICONS,"Far Reach+, Deflector+, Pinged Pass, Long Ball Pass, Far Throw, FootWork, Rush Out",https://www.futbin.com/25/player/59432/gianluigi-buffon,,,,,,FUT Immortals Icon
241461,69,70,Ferran Torres García,95,95,94,90,95,42,84,97,93,95,96,95,88,91,88,92,91,72,92,90,90,95,97,91,96,94,96,42,90,43,29,34,90,90,85,74,LW,5,5,Right,"184cm / 6'0""",77kg / 170lb,"LM, RW, ST",25,Spain,LALIGA EA SPORTS,FC Barcelona,"Technical+, Rapid+, Press Proven+, Low Driven Shot+, Finesse Shot, Chip Shot, Incisive Pass, Tiki Taka, Whipped Pass, First Touch, Trickster, Trivela",https://www.futbin.com/25/player/59483/ferran-torres-garcia,,,,,,TOTS Moments
235805,70,71,Federico Chiesa,95,96,91,93,95,60,88,95,96,92,92,94,91,92,70,92,92,75,96,93,92,95,98,95,93,92,91,62,62,59,59,55,90,95,86,83,RW,4,5,Right,"175cm / 5'9""",70kg / 154lb,"RM, ST, LW",27,Italy,Premier League,Liverpool,"Technical+, Rapid+, Press Proven+, Finesse Shot, Power Shot, Flair, Trickster, Quick Step, Relentless, Trivela",https://www.futbin.com/25/player/59489/federico-chiesa,,,,,,Flashback SBC
204529,71,72,Michy Batshuayi,95,96,95,88,93,46,93,94,97,98,96,97,90,95,90,87,90,83,94,75,91,93,94,90,95,93,95,37,92,47,40,28,96,90,97,84,ST,5,4,Right,"185cm / 6'1""",80kg / 176lb,,31,Belgium,Bundesliga,Frankfurt,"Chip Shot+, First Touch+, Low Driven Shot+, Finesse Shot, Power Shot, Tiki Taka, Rapid, Flair, Press Proven, Trivela",https://www.futbin.com/25/player/59490/michy-batshuayi,,,,,,Flashback SBC
1397,72,73,Zinedine Zidane,94,83,90,94,94,73,84,84,82,90,89,88,92,91,88,96,92,90,96,95,87,96,78,85,94,96,96,83,86,62,76,65,73,86,86,77,CAM,5,5,Right,185cm / 6'0',77kg / 170lb,CM,,France,Icons,EA FC ICONS,"Incisive Pass+, Finesse Shot, Long Ball Pass, First Touch, Flair, Technical, Trivela",https://www.futbin.com/25/player/54356/zinedine-zidane,,,,,,Icon
37576,73,74,Ronaldo Luís Nazário de Lima,94,94,94,79,94,43,75,95,94,95,97,93,88,95,88,80,72,88,84,73,85,96,89,83,94,94,89,40,84,36,40,35,79,81,83,46,ST,5,5,Right,183cm / 6'0',78kg / 172lb,,,Brazil,Icons,EA FC ICONS,"Quick Step+, Finesse Shot, Technical, Trickster",https://www.futbin.com/25/player/54402/ronaldo-luis-nazario-de-lima,,,,,,Icon
231747,74,75,Kylian Mbappé,94,99,93,84,95,39,82,99,99,96,97,93,86,87,87,87,82,73,90,75,84,96,96,85,96,95,91,41,78,29,37,35,92,92,81,68,ST,4,5,Right,"182cm / 6'0""",75kg / 165lb,LW,26,France,LALIGA EA SPORTS,Real Madrid,"Rapid+, Finesse Shot, Chip Shot, Flair, Quick Step, Relentless, Trivela, Acrobatic",https://www.futbin.com/25/player/56084/kylian-mbappe,,,,,,Thunderstruck
28130,75,76,Ronaldo de Assis Moreira,94,92,90,91,96,40,82,94,91,90,93,87,90,83,87,93,90,92,92,86,90,97,95,90,93,96,95,33,55,39,42,33,87,84,85,70,LW,4,5,Right,180cm / 5'10',78kg / 172lb,"LM, CAM",,Brazil,Icons,EA FC ICONS,"Trickster+, Finesse Shot, Dead Ball, Technical, Flair, First Touch, Trivela",https://www.futbin.com/25/player/56199/ronaldo-de-assis-moreira,,,,,,Ult Succession Icon
239085,76,77,Erling Haaland,94,90,78,80,75,88,94,83,96,81,81,80,70,76,76,84,66,70,87,75,87,73,71,64,84,77,81,90,88,86,92,75,96,86,96,96,CB,4,4,Left,195cm / 6'4',94kg / 207lb,,24,Norway,Premier League,Manchester City,"Block+, Bruiser+, Power Header, Anticipate, Rapid, Press Proven, Acrobatic",https://www.futbin.com/25/player/56341/erling-haaland,,,,,,Winter Wildcards
239085,77,78,Erling Haaland,94,91,95,76,87,48,91,84,97,99,99,97,86,93,93,81,63,67,83,72,85,86,87,86,98,87,93,46,87,41,50,32,95,82,96,91,ST,4,4,Left,195cm / 6'4',94kg / 207lb,,24,Norway,Premier League,Manchester City,"Rapid+, Press Proven+, Finesse Shot, Power Shot, Power Header, Bruiser, Technical, Acrobatic",https://www.futbin.com/25/player/56342/erling-haaland,,,,,,Winter Wildcards
275243,78,79,Mia Hamm,94,93,94,87,93,55,82,94,92,95,95,95,94,91,90,89,78,91,91,87,86,94,89,91,95,93,91,56,86,46,55,52,84,89,83,69,ST,5,5,Right,165cm / 5'4',57kg / 126lb,"CAM, RW",,United States,Icons,EA FC ICONS,"Power Shot+, First Touch+, Finesse Shot, Chip Shot, Dead Ball, Power Header, Rapid, Flair, Quick Step, Relentless",https://www.futbin.com/25/player/56433/mia-hamm,,,,,,Winter Wildcard ICON
254642,79,80,Ferenc Puskás,94,92,95,92,94,53,88,93,91,97,96,95,94,93,93,94,90,88,93,90,93,93,93,94,98,96,98,50,81,50,52,45,85,94,93,70,ST,4,4,Left,172cm / 5'7',72kg / 159lb,,,Hungary,Icons,EA FC ICONS,"Power Shot+, First Touch+, Chip Shot, Long Ball Pass, Tiki Taka, Technical, Rapid, Flair, Press Proven, Quick Step, Trivela",https://www.futbin.com/25/player/56757/ferenc-puskas,,,,,,TOTY Icon
192985,80,81,Kevin De Bruyne,94,85,92,95,92,80,83,85,85,94,90,97,95,88,88,97,96,84,95,95,94,92,82,84,97,97,94,81,67,81,86,65,76,93,80,80,CM,5,4,Right,"181cm / 5'11""",75kg / 165lb,CAM,33,Belgium,Premier League,Manchester City,"Incisive Pass+, Pinged Pass+, Finesse Shot, Dead Ball, Long Ball Pass, Whipped Pass, Technical, Trivela",https://www.futbin.com/25/player/56760/kevin-de-bruyne,,,,,,Flashback SBC
202811,81,82,Emiliano Martínez,94,63,26,50,93,22,94,62,64,12,16,62,16,13,43,67,22,20,61,59,22,23,54,49,84,43,69,21,26,25,20,20,79,40,78,37,GK,5,2,Right,"195cm / 6'5""",88kg / 194lb,,32,Argentina,Premier League,Aston Villa,"FootWork+, Rush Out+, Far Throw, Cross Claimer, Deflector",https://www.futbin.com/25/player/56773/emiliano-martinez,,,,,,TOTY
258310,82,83,Ann-Katrin Berger,94,57,19,22,94,10,91,49,64,9,7,60,6,6,35,39,8,11,24,20,12,11,38,40,82,14,58,10,15,9,10,10,66,29,67,19,GK,5,1,Right,"180cm / 5'11""",63kg / 139lb,,34,Germany,NWSL,NJ/NY Gotham,"Far Reach+, Cross Claimer+, Far Throw, FootWork, Rush Out",https://www.futbin.com/25/player/56774/ann-katrin-berger,,,,,,TOTY
210035,83,84,Alejandro Grimaldo García,94,96,85,96,94,87,85,97,96,90,80,96,95,73,62,95,97,98,95,94,98,94,93,95,95,95,92,90,72,88,90,85,88,97,78,85,LB,4,4,Left,"171cm / 5'7""",68kg / 150lb,"LM, LW",29,Spain,Bundesliga,Leverkusen,"Quick Step+, Whipped Pass+, Slide Tackle+, Finesse Shot, Dead Ball, Block, Intercept, Technical, Relentless",https://www.futbin.com/25/player/56789/alejandro-grimaldo-garcia,,,,,,TOTY
227190,84,85,Irene Paredes Hernández,94,85,57,80,80,95,93,83,86,44,57,67,46,67,57,72,68,48,95,80,78,72,80,80,95,87,90,94,90,98,93,94,92,82,97,95,CB,4,2,Right,"178cm / 5'10""",67kg / 148lb,CDM,33,Spain,Liga F,FC Barcelona,"Block+, Aerial+, Slide Tackle+, Power Header, Incisive Pass, Jockey, Anticipate, Bruiser",https://www.futbin.com/25/player/56790/irene-paredes-hernandez,,,,,,TOTY
227246,85,86,Lucy Bronze,94,94,78,91,90,92,93,93,94,85,65,95,90,76,71,84,96,81,92,91,92,90,85,85,92,92,92,93,90,93,92,91,88,88,98,88,RB,4,4,Right,"172cm / 5'8""",70kg / 154lb,,33,England,Barclays WSL,Chelsea,"Incisive Pass+, Long Throw+, Anticipate+, Power Header, Whipped Pass, Jockey, Block, Quick Step, Aerial",https://www.futbin.com/25/player/56791/lucy-bronze,,,,,,TOTY
202126,86,87,Harry Kane,94,85,97,90,90,53,87,84,86,98,99,98,93,93,97,92,86,75,92,94,88,88,85,85,98,93,97,46,96,50,50,42,92,81,91,85,ST,4,4,Right,"188cm / 6'2""",86kg / 190lb,,31,England,Bundesliga,FC Bayern München,"Finesse Shot+, First Touch+, Power Header, Incisive Pass, Long Ball Pass, Press Proven, Trivela, Aerial",https://www.futbin.com/25/player/57110/harry-kane,,,,,,TOTY Honourable Ment
277643,87,88,Lamine Yamal,94,96,92,93,96,40,70,95,96,92,93,94,95,60,85,92,94,80,95,90,92,98,95,90,92,96,85,31,53,42,35,50,76,82,66,61,RW,4,5,Left,"180cm / 5'11""",65kg / 143lb,"RM, LW",17,Spain,LALIGA EA SPORTS,FC Barcelona,"Technical+, Trivela+, Finesse Shot, Tiki Taka, Whipped Pass, Flair, Quick Step",https://www.futbin.com/25/player/57152/lamine-yamal,,,,,,Future Stars
230025,88,89,Bobby Charlton,94,92,94,90,93,52,76,92,92,94,93,95,96,91,88,94,85,91,91,92,87,94,93,94,95,90,94,50,81,52,49,32,87,88,70,74,ST,5,4,Left,"173cm / 5'8""",72kg / 159lb,CAM,,England,Icons,EA FC ICONS,"Power Shot+, Trivela+, Incisive Pass, Long Ball Pass, Technical, First Touch, Quick Step",https://www.futbin.com/25/player/57174/bobby-charlton,,,,,,Future Stars Icon
9676,89,90,Samuel Eto'o,94,95,94,85,90,52,86,94,95,95,96,92,92,91,92,88,82,90,88,74,85,90,90,83,95,91,93,47,94,52,45,39,95,93,84,81,ST,5,4,Right,"179cm / 5'10""",75kg / 165lb,LW,,Cameroon,Icons,EA FC ICONS,"Power Shot+, Quick Step+, Finesse Shot, Tiki Taka, Technical, First Touch, Trivela",https://www.futbin.com/25/player/57456/samuel-etoo,,,,,,Future Stars Icon
247553,90,91,Manuel Franc. dos Santos,94,92,88,94,96,42,70,93,92,92,90,87,87,86,83,94,95,90,94,92,92,98,95,92,96,96,93,46,68,36,39,36,67,85,68,55,RW,4,5,Right,169cm / 5'6',72kg / 159lb,RM,,Brazil,Icons,EA FC ICONS,"Technical+, Rapid+, Whipped Pass, Flair, Trickster, Quick Step, Trivela",https://www.futbin.com/25/player/57457/manuel-franc-dos-santos,,,,,,Future Stars Icon
1114,91,92,Roberto Baggio,94,90,88,93,94,44,66,91,90,90,90,83,87,86,87,96,88,91,95,93,95,96,87,88,90,97,88,42,84,42,38,36,71,85,66,43,CAM,4,5,Right,"174cm / 5'9""",73kg / 161lb,,,Italy,Icons,EA FC ICONS,"Technical+, Long Ball Pass+, Finesse Shot, Dead Ball, Incisive Pass, Rapid, Flair, First Touch, Trickster, Press Proven",https://www.futbin.com/25/player/57525/roberto-baggio,,,,,,GrassrootGreatsIcon
200104,92,93,Heung Min Son,94,94,95,89,92,53,83,93,95,97,96,95,95,89,82,91,92,81,91,81,95,92,87,85,96,91,94,49,90,57,44,43,91,96,81,71,ST,5,5,Right,"183cm / 6'0""",78kg / 172lb,"LM, LW",32,Korea Republic,Premier League,Spurs,"Finesse Shot+, Quick Step+, Chip Shot, Power Shot, Pinged Pass, Tiki Taka, Technical, Rapid, First Touch, Trickster, Press Proven, Trivela",https://www.futbin.com/25/player/57776/heung-min-son,,,,,,Fantasy FC
241637,93,94,Aurélien Tchouaméni,94,86,77,87,88,94,92,87,85,81,75,86,83,55,61,91,78,58,93,92,87,88,85,84,91,89,92,95,85,94,96,93,94,93,92,91,CB,4,4,Right,"188cm / 6'2""",82kg / 181lb,"CDM, CM",25,France,LALIGA EA SPORTS,Real Madrid,"Long Ball Pass+, Anticipate+, Incisive Pass, Jockey, Block, Intercept, Slide Tackle, Bruiser, Relentless, Aerial",https://www.futbin.com/25/player/57777/aurelien-tchouameni,,,,,,Fantasy FC
226336,94,95,Crystal Dunn,94,94,86,99,94,87,88,93,95,92,85,87,85,82,87,99,99,99,99,99,99,94,92,99,90,96,92,88,72,90,89,88,87,92,88,83,CM,5,5,Right,"155cm / 5'1""",55kg / 121lb,"RB, RM, LW",32,United States,D1 Arkema,Paris SG,"Rapid+, Relentless+, Power Shot, Incisive Pass, Pinged Pass, Long Ball Pass, Tiki Taka, Intercept, Flair, Press Proven, Quick Step, Acrobatic",https://www.futbin.com/25/player/57784/crystal-dunn,,,,,,Fantasy FC
170890,95,96,Blaise Matuidi,94,91,81,88,88,99,94,91,91,84,75,91,85,81,67,90,81,65,94,87,84,88,86,89,91,91,93,99,99,99,99,99,91,99,92,91,CDM,5,4,Left,"180cm / 5'11""",75kg / 165lb,CM,38,France,Ligue 1 Uber Eats,HERO,"Pinged Pass+, Intercept+, Anticipate, Press Proven, Quick Step, Relentless",https://www.futbin.com/25/player/57794/blaise-matuidi,,,,,,Fantasy FC Hero
183277,96,97,Eden Hazard,94,97,91,91,97,45,76,99,95,93,91,91,89,86,94,92,87,87,92,91,91,97,98,97,93,96,95,56,72,39,38,30,72,93,76,56,LM,4,5,Right,"175cm / 5'9""",74kg / 163lb,LW,34,Belgium,LALIGA EA SPORTS,HERO,"Technical+, Quick Step+, Finesse Shot, Tiki Taka, First Touch, Trickster",https://www.futbin.com/25/player/57795/eden-hazard,,,,,,Fantasy FC Hero
234396,97,98,Alphonso Davies,94,99,74,89,92,85,88,99,99,86,72,83,72,66,62,88,95,53,94,83,83,92,93,92,92,92,88,92,82,83,85,84,98,92,87,85,LB,4,5,Left,185cm / 6'0',77kg / 170lb,LM,24,Canada,Bundesliga,FC Bayern München,"Quick Step+, Jockey+, Whipped Pass, Block, Intercept, Slide Tackle, Technical, Rapid, Relentless",https://www.futbin.com/25/player/58182/alphonso-davies,,,,,,Fantasy FC
242830,98,99,Keira Walsh,94,90,72,95,90,95,88,90,90,92,64,87,66,66,86,95,95,77,98,96,87,90,92,92,93,92,94,93,72,98,99,96,85,96,86,86,CDM,5,4,Right,"165cm / 5'5""",64kg / 141lb,CM,28,England,Barclays WSL,Chelsea,"Pinged Pass+, Jockey+, Incisive Pass, Long Ball Pass, Tiki Taka, Block, Anticipate, Press Proven, Relentless",https://www.futbin.com/25/player/58185/keira-walsh,,,,,,Fantasy FC
28765,99,100,José Roberto da Silva Júnior,94,99,91,94,96,86,89,99,99,99,86,96,95,92,92,94,93,94,96,93,93,96,99,96,94,93,96,94,73,87,86,84,91,99,84,86,LM,4,5,Left,"172cm / 5'8""",68kg / 150lb,"LB, CM, LW",50,Brazil,Bundesliga,HERO,"Technical+, Incisive Pass+, Dead Ball, Whipped Pass, Flair, First Touch, Trickster, Relentless, Long Throw",https://www.futbin.com/25/player/58197/jose-roberto-da-silva-junior,,,,,,Fantasy FC Hero
264012,100,101,Sophia Wilson,94,96,90,81,94,50,90,96,96,93,93,90,86,88,82,76,75,74,90,77,76,94,90,90,93,96,85,50,85,45,46,42,96,97,92,77,ST,5,5,Right,"164cm / 5'5""",58kg / 128lb,RW,24,United States,NWSL,Portland Timbers-Thorns,"Finesse Shot+, Quick Step+, Power Shot, Technical, Rapid, Flair, First Touch, Trickster",https://www.futbin.com/25/player/58248/sophia-wilson,,,,,,FUT Birthday
194765,101,102,Antoine Griezmann,94,90,92,93,94,63,82,90,90,94,94,91,92,90,85,94,91,91,95,92,95,93,94,89,95,96,94,63,91,49,67,68,92,93,77,80,ST,5,5,Left,"176cm / 5'9""",73kg / 161lb,,34,France,LALIGA EA SPORTS,Atlético de Madrid,"Finesse Shot+, Rapid+, Chip Shot, Incisive Pass, Whipped Pass, Technical, Flair, Trivela, Acrobatic",https://www.futbin.com/25/player/58250/antoine-griezmann,,,,,,FUT Birthday
252371,102,103,Jude Bellingham,94,87,94,90,93,85,90,87,87,96,97,94,94,84,84,95,76,74,96,96,84,94,90,90,96,94,93,89,84,83,85,84,91,97,85,92,CAM,5,5,Right,"186cm / 6'1""",75kg / 165lb,CM,21,England,LALIGA EA SPORTS,Real Madrid,"Technical+, Relentless+, Power Shot, Pinged Pass, Intercept, Slide Tackle, Flair, Trickster",https://www.futbin.com/25/player/58251/jude-bellingham,,,,,,FUT Birthday
241667,103,104,Aitana Bonmatí Conca,94,87,92,93,94,85,80,88,86,97,97,87,95,75,75,97,84,85,97,97,85,95,96,90,94,94,90,95,61,86,89,76,78,86,80,72,CM,5,5,Right,"162cm / 5'4""",53kg / 117lb,CAM,27,Spain,Liga F,FC Barcelona,"Finesse Shot+, Technical+, Incisive Pass, Pinged Pass, Tiki Taka, Intercept, First Touch, Relentless",https://www.futbin.com/25/player/58253/aitana-bonmati-conca,,,,,,FUT Birthday
241721,104,105,Rafael da Conceição Leão,94,97,88,89,94,50,86,97,97,86,91,89,87,83,76,91,90,71,93,80,87,94,93,93,92,94,90,46,93,44,46,41,94,88,88,78,LW,5,5,Right,"188cm / 6'2""",81kg / 179lb,"LM, CAM, ST",25,Portugal,Serie A TIM,Milano FC,"Trickster+, Quick Step+, Finesse Shot, Incisive Pass, Tiki Taka, Whipped Pass, Rapid, Flair",https://www.futbin.com/25/player/58254/rafael-da-conceicao-leao,,,,,,FUT Birthday
184943,105,106,Ramires Santos do Nascimen.,94,95,86,90,89,92,91,94,95,84,85,90,88,76,76,88,86,69,95,91,91,90,86,88,93,88,90,94,78,93,93,92,85,97,87,93,CDM,5,5,Right,179cm / 5'10',69kg / 152lb,"RM, CM",38,Brazil,Premier League,HERO,"Long Ball Pass+, Intercept+, Chip Shot, Jockey, Slide Tackle, Press Proven, Relentless",https://www.futbin.com/25/player/58279/ramires-santos-do-nascimen,,,,,,World Cup Showdown
238427,106,107,Patrick Vieira,94,88,85,88,90,94,96,89,87,84,84,88,88,72,80,96,72,64,96,96,70,88,86,85,93,93,93,98,88,90,97,91,84,98,95,97,CM,5,5,Right,"192cm / 6'4""",83kg / 183lb,CDM,,France,Icons,EA FC ICONS,"Pinged Pass+, Intercept+, Power Header, Block, Anticipate, Slide Tackle, Bruiser, Press Proven, Relentless",https://www.futbin.com/25/player/58285/patrick-vieira,,,,,,FUT Birthday Icon
227125,107,108,Sam Kerr,94,90,92,81,94,47,87,91,90,96,96,90,88,96,74,86,77,74,85,73,83,94,94,88,93,95,95,28,97,49,44,34,93,91,90,73,ST,5,5,Right,"168cm / 5'6""",66kg / 146lb,,31,Australia,Barclays WSL,Chelsea,"Finesse Shot+, Low Driven Shot+, Power Shot, Power Header, Rapid, Trickster, Quick Step, Acrobatic, Aerial",https://www.futbin.com/25/player/58605/sam-kerr,,,,,,FUT Birthday
251566,108,109,Gabriel Teodoro Martinelli Silva,94,97,88,88,95,66,85,98,96,92,92,86,82,89,73,92,90,79,90,80,86,95,97,93,93,94,91,60,90,64,65,64,92,93,77,91,LW,5,5,Right,"178cm / 5'10""",75kg / 165lb,"LM, RW",23,Brazil,Premier League,Arsenal,"Technical+, First Touch+, Finesse Shot, Whipped Pass, Flair, Quick Step, Trivela, Low Driven Shot",https://www.futbin.com/25/player/58607/gabriel-teodoro-martinelli-silva,,,,,,FUT Birthday
256790,109,110,Jamal Musiala,94,92,90,90,96,70,80,94,91,96,93,89,88,82,67,95,80,70,95,91,87,98,97,97,93,92,92,72,55,71,70,73,83,88,77,75,CAM,5,5,Right,"184cm / 6'0""",72kg / 159lb,"CM, LM",22,Germany,Bundesliga,FC Bayern München,"Technical+, Low Driven Shot+, Chip Shot, Incisive Pass, Tiki Taka, Flair, First Touch, Trickster, Relentless",https://www.futbin.com/25/player/58610/jamal-musiala,,,,,,FUT Birthday
270673,110,111,Warren Zaïre-Emery,94,92,83,91,94,90,92,93,91,93,81,93,84,60,72,95,80,63,98,97,78,93,90,96,93,97,90,94,80,85,96,88,95,97,90,90,CM,5,5,Right,"178cm / 5'10""",68kg / 150lb,CDM,19,France,Ligue 1 Uber Eats,Paris SG,"Long Ball Pass+, Intercept+, Tiki Taka, First Touch, Trickster, Press Proven, Quick Step",https://www.futbin.com/25/player/58612/warren-zaire-emery,,,,,,FUT Birthday
246191,111,112,Julián Álvarez,94,91,94,87,91,65,88,92,91,94,95,98,91,88,87,88,84,87,87,84,95,89,93,93,92,92,90,59,82,68,63,52,91,93,83,94,ST,5,5,Right,"170cm / 5'7""",71kg / 157lb,CAM,25,Argentina,LALIGA EA SPORTS,Atlético de Madrid,"Finesse Shot+, Press Proven+, Chip Shot, Rapid, Flair, Trickster, Low Driven Shot",https://www.futbin.com/25/player/58613/julian-alvarez,,,,,,FUT Birthday
247699,112,113,Kenny Dalglish,94,93,94,82,93,46,80,95,92,96,96,92,93,95,93,81,81,95,91,60,88,93,95,94,96,93,93,35,96,39,44,41,87,93,74,77,ST,5,5,Right,"173cm / 5'8""",73kg / 161lb,,,Scotland,Icons,EA FC ICONS,"Finesse Shot+, Low Driven Shot+, Chip Shot, Power Shot, Technical, Flair, Quick Step, Trivela",https://www.futbin.com/25/player/58639/kenny-dalglish,,,,,,FUT Birthday Icon
250,113,114,David Beckham,94,92,92,97,91,82,86,90,93,94,90,92,99,87,94,97,99,99,95,98,99,90,90,90,95,93,96,84,88,81,83,76,87,97,81,84,CM,5,5,Right,"182cm / 6'0""",74kg / 163lb,"RM, RW",,England,Icons,EA FC ICONS,"Finesse Shot+, Dead Ball+, Chip Shot, Incisive Pass, Pinged Pass, Long Ball Pass, Whipped Pass, Technical, Relentless, Low Driven Shot",https://www.futbin.com/25/player/58640/david-beckham,,,,,,FUT Birthday Icon
45661,114,115,Raúl González Blanco,94,91,94,90,92,50,76,90,92,98,98,92,90,93,86,96,86,87,93,80,84,90,91,93,95,95,95,41,99,47,47,34,95,91,77,48,ST,4,5,Left,"180cm / 5'11""",68kg / 150lb,CAM,,Spain,Icons,EA FC ICONS,"Finesse Shot+, Quick Step+, Low Driven Shot+, Chip Shot, Power Shot, Technical, Flair, First Touch, Trivela, Aerial",https://www.futbin.com/25/player/58686/raul-gonzalez-blanco,,,,,,Dreamchasers Icon
214100,115,116,Ruud Gullit,94,90,92,94,91,87,91,90,90,95,90,97,95,90,86,95,91,95,95,97,93,90,87,88,96,93,92,87,96,85,88,83,87,96,90,88,CAM,5,4,Right,"191cm / 6'3""",88kg / 194lb,"CDM, CM",,Netherlands,Icons,EA FC ICONS,"Pinged Pass+, Aerial+, Intercept+, Chip Shot, Power Shot, Tiki Taka, Jockey, Block, Slide Tackle, Rapid, Relentless",https://www.futbin.com/25/player/58687/ruud-gullit,,,,,,Dreamchasers Icon SB
275276,116,117,Birgit Prinz,94,90,94,82,92,54,91,90,90,96,96,96,91,93,85,86,72,84,89,72,79,91,87,86,94,94,93,47,97,48,55,43,87,86,97,84,ST,5,4,Right,"179cm / 5'10""",77kg / 170lb,,,Germany,Icons,EA FC ICONS,"Finesse Shot+, Press Proven+, Power Shot, Power Header, Technical, First Touch, Quick Step, Trivela, Aerial, Low Driven Shot",https://www.futbin.com/25/player/58688/birgit-prinz,,,,,,Dreamchasers Icon
4231,117,118,Rivaldo Vítor Borba Ferreira,94,91,92,91,95,46,87,90,91,93,90,95,95,94,89,91,90,94,91,87,97,95,93,91,94,95,94,40,80,41,46,42,82,92,87,82,LW,5,5,Left,"186cm / 6'1""",75kg / 165lb,"LM, CAM",,Brazil,Icons,EA FC ICONS,"Technical+, Rapid+, Pinged Pass+, Finesse Shot, Power Shot, Dead Ball, Flair, First Touch, Trickster, Acrobatic, Low Driven Shot",https://www.futbin.com/25/player/58689/rivaldo-vitor-borba-ferreira,,,,,,Dreamchasers Icon
266690,118,119,Lucimar da Silva Ferreira,94,90,77,80,82,95,94,88,92,74,70,92,79,75,78,70,72,88,90,83,67,80,80,80,91,85,88,94,96,95,95,93,90,92,95,94,CB,4,4,Right,188cm / 6'2',84kg / 185lb,,46,Brazil,Serie A TIM,HERO,"Block+, Aerial+, Anticipate+, Power Header, Incisive Pass, Long Ball Pass, Slide Tackle, First Touch, Acrobatic",https://www.futbin.com/25/player/58694/lucimar-da-silva-ferreira,,,,,,Dreamchasers Hero
256630,119,120,Florian Wirtz,94,90,87,94,95,58,78,90,90,93,88,87,88,89,72,97,90,74,97,93,91,95,93,93,93,95,93,51,50,67,57,51,75,99,69,73,CAM,5,5,Right,"177cm / 5'10""",71kg / 157lb,LM,21,Germany,Bundesliga,Leverkusen,"Incisive Pass+, Tiki Taka+, Finesse Shot, Chip Shot, Pinged Pass, Technical, Flair, First Touch, Trivela, Low Driven Shot",https://www.futbin.com/25/player/58698/florian-wirtz,,,,,,UCL Dreamchasers
231478,120,121,Lautaro Martínez,94,88,94,83,93,60,90,90,87,98,98,93,85,98,80,87,75,72,87,81,89,91,95,98,98,95,94,53,95,61,57,49,98,88,90,92,ST,4,5,Right,"174cm / 5'9""",72kg / 159lb,,27,Argentina,Serie A TIM,Lombardia FC,"Finesse Shot+, First Touch+, Power Shot, Technical, Flair, Trickster, Press Proven, Quick Step, Relentless",https://www.futbin.com/25/player/58699/lautaro-martinez,,,,,,UCL Dreamchasers
227203,121,122,Alexia Putellas Segura,94,87,93,94,95,77,85,86,87,93,94,90,92,94,93,94,92,93,94,94,93,94,93,92,94,96,96,83,80,64,87,68,90,90,86,74,CM,5,5,Left,"173cm / 5'8""",69kg / 152lb,CAM,31,Spain,Liga F,FC Barcelona,"Incisive Pass+, Pinged Pass+, Finesse Shot, Tiki Taka, Intercept, Technical, Flair, First Touch",https://www.futbin.com/25/player/58709/alexia-putellas-segura,,,,,,UWCL Dreamchasers
190048,122,123,Gerd Müller,94,91,95,82,90,46,80,93,90,98,98,97,86,97,87,87,72,81,88,71,84,88,90,94,97,90,90,43,96,46,34,33,90,87,80,70,ST,5,4,Right,176cm / 5'9',74kg / 163lb,,,Germany,Icons,EA FC ICONS,"Power Shot+, Finesse Shot+, Low Driven Shot+, Chip Shot, First Touch, Press Proven, Rapid, Technical, Trickster, Aerial, Trivela",https://www.futbin.com/25/player/59118/gerd-muller,,,,,,Dreamchasers Icon SB
212622,123,124,Joshua Kimmich,94,90,82,95,92,93,88,91,90,85,76,85,92,77,77,92,97,86,95,97,93,91,91,91,95,92,93,96,83,93,94,92,89,95,82,95,RB,4,4,Right,"177cm / 5'10""",75kg / 165lb,"CDM, CM",30,Germany,Bundesliga,FC Bayern München,"Incisive Pass+, Anticipate+, Finesse Shot, Long Ball Pass, Tiki Taka, Whipped Pass, Jockey, Intercept, Press Proven, Relentless",https://www.futbin.com/25/player/59120/joshua-kimmich,,,,,,UCL Dreamchasers
239053,124,125,Federico Valverde,94,93,88,91,91,87,89,90,96,92,84,98,93,81,64,93,88,75,94,95,85,89,90,91,95,95,91,90,70,86,91,86,88,97,87,86,CM,4,4,Right,"182cm / 6'0""",78kg / 172lb,RM,26,Uruguay,LALIGA EA SPORTS,Real Madrid,"Power Shot+, Pinged Pass+, Incisive Pass, Long Ball Pass, Rapid, First Touch, Relentless, Trivela, Acrobatic",https://www.futbin.com/25/player/59123/federico-valverde,,,,,,UCL Dreamchasers
138449,125,126,Ricardo Izecson dos Santos Leite,94,92,90,90,94,48,90,92,92,90,90,92,90,90,90,93,90,84,92,86,91,95,90,88,92,94,97,51,67,50,41,40,82,92,93,80,CAM,5,5,Right,"186cm / 6'1""",78kg / 172lb,ST,,Brazil,Icons,EA FC ICONS,"Finesse Shot+, Rapid+, Low Driven Shot+, Power Shot, Incisive Pass, Pinged Pass, Tiki Taka, First Touch, Press Proven, Quick Step, Relentless",https://www.futbin.com/25/player/59124/ricardo-izecson-dos-santos-leite,,,,,,Dreamchasers Icon
227361,126,127,Kadidiatou Diani,94,94,90,91,92,65,86,93,95,96,95,84,90,78,75,94,90,80,96,83,83,91,93,90,90,94,90,65,95,53,68,58,95,86,96,60,RW,5,5,Right,"168cm / 5'6""",64kg / 141lb,"RM, ST",30,France,D1 Arkema,OL,"Quick Step+, Trivela+, Finesse Shot, Chip Shot, Whipped Pass, Technical, Rapid, Flair, Press Proven, Relentless",https://www.futbin.com/25/player/59136/kadidiatou-diani,,,,,,UWCL Dreamchasers
1615,127,128,Lilian Thuram,94,91,62,80,86,94,94,92,91,72,61,67,63,60,45,78,78,45,87,82,67,85,87,88,87,86,90,92,90,96,92,97,90,93,94,94,RB,4,4,Right,"182cm / 6'0""",75kg / 165lb,CB,,France,Icons,EA FC ICONS,"Block+, Anticipate+, Slide Tackle+, Jockey, Intercept, Bruiser, Relentless, Aerial",https://www.futbin.com/25/player/59148/lilian-thuram,,,,,,Dreamchasers Icon
10535,128,129,Xavier Hernández Creus,94,88,86,99,95,84,87,88,88,98,83,90,91,75,85,99,99,99,99,99,99,93,93,97,96,98,97,96,61,85,83,80,82,97,85,83,CM,4,4,Right,"170cm / 5'7""",67kg / 148lb,CDM,,Spain,Icons,EA FC ICONS,"Incisive Pass+, Pinged Pass+, Tiki Taka+, Long Ball Pass, Whipped Pass, Rapid, Flair, First Touch, Press Proven, Relentless, Trivela",https://www.futbin.com/25/player/59149/xavier-hernandez-creus,,,,,,Dreamchasers Icon
238443,129,130,Laurent Blanc,94,87,73,75,82,96,93,85,88,63,70,83,64,72,97,62,61,77,86,87,67,78,75,75,90,87,91,94,90,97,98,92,83,95,92,93,CB,4,4,Right,"192cm / 6'4""",82kg / 181lb,CAM,,France,Icons,EA FC ICONS,"Aerial+, Anticipate+, Slide Tackle+, Incisive Pass, Long Ball Pass, Jockey, Bruiser",https://www.futbin.com/25/player/59330/laurent-blanc,,,,,,FUT Immortals Icon
71557,130,131,Gareth Bale,94,99,94,92,95,75,86,99,99,91,93,97,96,93,90,90,92,93,92,90,95,97,91,90,95,93,92,72,96,74,74,67,91,91,87,75,ST,4,5,Left,"186cm / 6'1""",81kg / 179lb,"RM, RW, LW",,Wales,Icons,EA FC ICONS,"Dead Ball+, Quick Step+, Low Driven Shot+, Finesse Shot, Power Shot, Rapid, Flair, Acrobatic, Aerial",https://www.futbin.com/25/player/59331/gareth-bale,,,,,,FUT Immortals Icon
191972,131,132,David Ginola,94,94,93,92,94,75,92,95,93,90,92,93,95,94,87,97,92,87,90,89,93,94,94,90,90,94,95,78,96,75,70,65,96,90,93,90,LM,5,5,Right,186cm / 6'1',83kg / 183lb,"CAM, ST, LW",58,France,Premier League,HERO,"Technical+, Incisive Pass+, Press Proven+, Power Shot, Flair, First Touch, Trickster, Quick Step, Relentless",https://www.futbin.com/25/player/59342/david-ginola,,,,,,FUT Immortals Hero
6235,132,133,Pavel Nedved,94,92,88,94,94,66,86,92,92,90,84,92,95,84,86,95,94,93,94,93,92,96,91,90,92,95,90,70,83,70,57,54,73,97,80,90,LM,5,5,Right,"177cm / 5'10""",72kg / 159lb,"CAM, LW",,Czechia,Icons,EA FC ICONS,"Power Shot+, Pinged Pass+, Trivela+, Finesse Shot, Dead Ball, Whipped Pass, Technical, Rapid, First Touch, Relentless",https://www.futbin.com/25/player/59345/pavel-nedved,,,,,,FUT Immortals Icon
238439,133,134,Paolo Maldini,94,90,57,80,75,97,91,89,90,40,58,75,41,66,55,76,81,32,93,84,43,67,75,77,96,80,96,97,95,96,98,97,92,90,93,87,CB,4,4,Right,"186cm / 6'1""",83kg / 183lb,LB,,Italy,Icons,EA FC ICONS,"Jockey+, Anticipate+, Slide Tackle+, Pinged Pass, Block, Intercept, Rapid, Aerial",https://www.futbin.com/25/player/59434/paolo-maldini,,,,,,FUT Immortals Icon
238435,134,135,Lothar Matthäus,94,92,91,94,87,94,88,95,90,90,84,97,97,92,97,94,88,96,96,98,80,83,87,90,92,91,93,96,83,92,97,93,80,94,84,93,CM,4,4,Right,"174cm / 5'9""",71kg / 157lb,"CB, CDM",,Germany,Icons,EA FC ICONS,"Pinged Pass+, Long Ball Pass+, Intercept+, Power Shot, Anticipate, Rapid, First Touch, Press Proven, Quick Step, Relentless",https://www.futbin.com/25/player/59435/lothar-matthaus,,,,,,FUT Immortals Icon
166691,135,136,Arthur Antunes Coimbra,94,92,95,94,94,67,75,90,93,92,95,95,96,93,91,96,90,99,96,90,97,95,92,90,92,96,92,66,78,61,70,65,82,88,78,50,CAM,5,5,Right,"172cm / 5'8""",71kg / 157lb,CM,,Brazil,Icons,EA FC ICONS,"Technical+, Dead Ball+, Incisive Pass+, Finesse Shot, Pinged Pass, Tiki Taka, Flair, First Touch, Trickster, Trivela",https://www.futbin.com/25/player/59436/arthur-antunes-coimbra,,,,,,FUT Immortals Icon
227006,136,137,Homare Sawa,94,88,90,95,94,87,80,91,86,94,95,82,92,77,84,95,90,83,98,97,90,94,91,85,94,95,96,87,92,86,90,71,82,97,73,75,CM,5,5,Right,"165cm / 5'5""",54kg / 119lb,CAM,,Japan,Icons,EA FC ICONS,"Long Ball Pass+, Tiki Taka+, Press Proven+, Incisive Pass, Pinged Pass, Technical, First Touch, Quick Step, Relentless, Low Driven Shot",https://www.futbin.com/25/player/59449/homare-sawa,,,,,,FUT Immortals Icon
166906,137,138,Franco Baresi,94,86,52,80,78,97,86,84,88,42,48,57,52,53,67,75,67,47,93,91,61,70,75,77,95,88,87,97,92,97,97,97,89,89,82,89,CB,4,3,Right,"176cm / 5'9""",70kg / 154lb,,,Italy,Icons,EA FC ICONS,"Block+, Anticipate+, Aerial+, Long Ball Pass, Jockey, Intercept, Slide Tackle, Bruiser, Relentless",https://www.futbin.com/25/player/59453/franco-baresi,,,,,,On This Day SBC
193082,138,139,Juan Cuadrado,94,97,86,94,94,87,88,96,98,85,83,93,90,80,74,92,93,88,96,92,97,94,97,90,85,94,90,84,81,86,91,93,97,90,84,94,RM,5,5,Right,"179cm / 5'10""",72kg / 159lb,"RB, RW",36,Colombia,Serie A TIM,Bergamo Calcio,"Technical+, Rapid+, Jockey+, Incisive Pass, Whipped Pass, Anticipate, Slide Tackle, First Touch, Trickster, Press Proven",https://www.futbin.com/25/player/59480/cuadrado,,,,,,Flashback SBC
226110,139,140,Nicolas Pépé,94,96,94,85,92,52,83,96,96,94,93,97,92,87,97,86,90,85,84,80,92,92,94,89,84,91,86,48,82,52,49,43,95,84,91,61,RM,5,5,Left,"183cm / 6'0""",73kg / 161lb,"RW, ST",29,Côte d'Ivoire,LALIGA EA SPORTS,Villarreal CF,"Finesse Shot+, Trickster+, Quick Step+, Power Shot, Whipped Pass, Technical, Flair, First Touch",https://www.futbin.com/25/player/59481/nicolas-pepe,,,,,,Flashback SBC
198032,140,141,Dan Burn,94,86,52,85,86,95,95,84,87,80,40,83,41,40,68,80,83,60,94,85,76,86,86,86,85,85,88,93,96,96,96,95,92,90,99,90,CB,4,4,Left,"198cm / 6'6""",87kg / 192lb,LB,32,England,Premier League,Newcastle Utd,"Block+, Aerial+, Anticipate+, Power Header, Pinged Pass, Long Ball Pass, Jockey, Intercept, Slide Tackle, Bruiser",https://www.futbin.com/25/player/59482/dan-burn,,,,,,TOTS Moments
204105,141,142,Kenny Lala,94,94,70,90,91,92,90,92,96,80,70,80,60,50,80,85,92,88,92,90,93,91,88,88,90,92,90,90,88,93,95,90,96,94,88,90,RB,4,4,Right,"178cm / 5'10""",78kg / 172lb,,33,France,Ligue 1 Uber Eats,Stade Brestois 29,"Incisive Pass+, Quick Step+, Intercept+, Long Ball Pass, Whipped Pass, Jockey, Block, Slide Tackle, Long Throw",https://www.futbin.com/25/player/59484/kenny-lala,,,,,,Flashback SBC
175943,142,143,Dries Mertens,94,94,93,90,95,44,80,96,93,95,93,90,98,83,94,90,88,91,91,92,93,95,90,96,98,97,97,37,41,51,42,43,78,90,72,86,CAM,4,5,Right,"169cm / 5'7""",61kg / 134lb,ST,37,Belgium,Trendyol Süper Lig,Galatasaray,"Finesse Shot+, First Touch+, Incisive Pass+, Chip Shot, Dead Ball, Pinged Pass, Technical, Trickster, Trivela",https://www.futbin.com/25/player/59485/dries-mertens,,,,,,TOTS Moments
239301,143,144,Lisandro Martínez,94,88,70,86,87,94,93,90,87,74,62,87,75,65,64,83,83,60,92,90,83,87,85,90,93,90,97,94,88,95,96,93,94,91,92,97,CDM,4,4,Left,"178cm / 5'10""",77kg / 170lb,CB,27,Argentina,Premier League,Manchester Utd,"Long Ball Pass+, Intercept+, Slide Tackle+, Pinged Pass, Block, Anticipate, Bruiser, Aerial",https://www.futbin.com/25/player/59486/lisandro-martinez,,,,,,Flashback SBC
221363,144,145,Donny van de Beek,94,92,91,94,94,90,88,90,93,91,91,95,92,91,80,96,88,81,97,94,95,94,93,93,92,97,93,90,88,90,90,87,88,88,88,90,CM,5,4,Right,"184cm / 6'0""",74kg / 163lb,"CDM, CAM",28,Netherlands,LALIGA EA SPORTS,Girona FC,"Finesse Shot+, Pinged Pass+, Tiki Taka+, Incisive Pass, Anticipate, Slide Tackle, Technical, Flair, First Touch, Press Proven, Trivela",https://www.futbin.com/25/player/59487/donny-van-de-beek,,,,,,Flashback SBC
223697,145,146,Robin Gosens,94,90,86,92,88,94,92,93,88,91,90,90,80,82,65,92,93,70,94,92,90,88,86,85,90,88,87,93,97,92,94,98,97,96,90,91,LB,4,4,Left,"183cm / 6'0""",76kg / 168lb,LM,30,Germany,Serie A TIM,Fiorentina,"Whipped Pass+, Jockey+, Slide Tackle+, Incisive Pass, Block, Intercept, Anticipate, Bruiser, Quick Step, Relentless",https://www.futbin.com/25/player/59488/robin-gosens,,,,,,TOTS Moments
28130,146,147,Ronaldo de Assis Moreira,93,91,89,90,95,38,80,93,90,89,92,86,88,82,86,92,89,91,91,85,89,96,94,88,92,95,94,31,52,37,40,31,85,82,83,68,LW,4,5,Right,"180cm / 5'11""",78kg / 172lb,"LM, CAM",,Brazil,Icons,EA FC ICONS,"Trickster+, Finesse Shot, Dead Ball, Technical, Flair, First Touch, Trivela",https://www.futbin.com/25/player/54397/ronaldo-de-assis-moreira,,,,,,Icon
190045,147,148,Johan Cruyff,93,90,91,90,93,42,73,92,88,94,94,84,91,94,87,93,86,83,92,86,92,94,92,80,95,95,94,43,64,42,35,39,65,81,70,70,CAM,5,5,Right,"180cm / 5'11""",71kg / 157lb,ST,,Netherlands,Icons,EA FC ICONS,"First Touch+, Chip Shot, Incisive Pass, Tiki Taka, Flair, Trickster, Trivela",https://www.futbin.com/25/player/54446/johan-cruyff,,,,,,Icon
275243,148,149,Mia Hamm,93,92,93,86,92,54,81,93,91,94,94,94,93,90,89,88,77,90,90,86,85,93,88,90,94,92,90,55,84,45,54,51,83,88,82,68,ST,5,5,Right,"165cm / 5'5""",57kg / 126lb,"CAM, RW",,United States,Icons,EA FC ICONS,"Power Shot+, Finesse Shot, Rapid, Flair, First Touch, Quick Step, Relentless",https://www.futbin.com/25/player/54518/mia-hamm,,,,,,Icon
252371,149,150,Jude Bellingham,93,85,91,87,92,83,87,84,85,94,94,88,89,82,82,94,70,72,92,92,82,93,86,83,95,93,91,86,83,82,83,82,88,97,82,89,CAM,4,4,Right,"186cm / 6'1""",75kg / 165lb,CM,21,England,LALIGA EA SPORTS,Real Madrid,"Relentless+, Intercept, Slide Tackle, Technical, Flair",https://www.futbin.com/25/player/55414/jude-bellingham,,,,,,Champions League
202126,150,151,Harry Kane,93,82,96,87,87,52,85,82,82,97,98,97,92,92,96,89,83,72,89,91,85,85,82,82,97,90,95,45,94,49,49,41,90,78,89,83,ST,4,3,Right,"188cm / 6'2""",86kg / 190lb,,31,England,Bundesliga,FC Bayern München,"Finesse Shot+, Power Header, Incisive Pass, Long Ball Pass, First Touch, Trivela",https://www.futbin.com/25/player/55465/harry-kane,,,,,,Champions League
203376,151,152,Virgil van Dijk,93,83,64,75,75,93,90,75,90,51,56,86,68,49,66,74,56,73,83,90,65,74,58,53,92,81,94,92,90,93,94,90,93,76,97,89,CB,3,2,Right,"193cm / 6'4""",92kg / 203lb,,33,Netherlands,Premier League,Liverpool,"Aerial+, Bruiser+, Power Header, Long Ball Pass, Jockey, Block, Anticipate",https://www.futbin.com/25/player/55466/virgil-van-dijk,,,,,,Champions League
239085,152,153,Erling Haaland,93,90,94,74,84,47,90,83,96,98,98,96,85,92,92,80,62,65,80,71,83,83,82,80,96,85,90,45,86,40,49,31,94,80,95,90,ST,3,3,Left,"195cm / 6'5""",94kg / 207lb,,24,Norway,Premier League,Manchester City,"Rapid+, Power Shot, Power Header, Bruiser, Press Proven, Acrobatic",https://www.futbin.com/25/player/55660/erling-haaland,,,,,,Trailblazers
192985,153,154,Kevin De Bruyne,93,84,91,97,91,72,82,84,84,93,89,96,94,87,87,99,98,86,98,97,97,91,81,83,96,96,93,73,62,73,77,59,75,92,79,79,CM,5,4,Right,"181cm / 5'11""",75kg / 165lb,CAM,33,Belgium,Premier League,Manchester City,"Incisive Pass+, Finesse Shot, Dead Ball, Pinged Pass, Long Ball Pass, Whipped Pass, Technical, Trivela",https://www.futbin.com/25/player/56085/kevin-de-bruyne,,,,,,Thunderstruck
214100,154,155,Ruud Gullit,93,88,91,93,89,83,90,86,89,94,89,96,94,88,85,94,90,94,94,96,92,89,81,85,95,92,91,82,95,80,83,78,86,95,89,87,CAM,5,4,Right,"191cm / 6'3""",88kg / 194lb,"CM, ST",,Netherlands,Icons,EA FC ICONS,"Aerial+, Chip Shot, Power Shot, Power Header, Pinged Pass, Rapid, Relentless",https://www.futbin.com/25/player/56106/ruud-gullit,,,,,,Thunderstruck Icon
166691,155,156,Arthur Antunes Coimbra,93,91,94,93,93,65,74,89,92,91,94,94,95,92,90,95,88,99,95,89,96,94,91,87,91,95,91,64,76,59,69,63,81,84,78,48,CAM,5,5,Right,"172cm / 5'8""",71kg / 157lb,CM,,Brazil,Icons,EA FC ICONS,"Technical+, Finesse Shot, Dead Ball, Incisive Pass, Tiki Taka, Flair, Trickster, Trivela",https://www.futbin.com/25/player/56129/arthur-antunes-coimbra,,,,,,Thunderstruck Icon
238439,156,157,Paolo Maldini,93,86,56,75,70,96,85,85,86,40,57,73,41,65,54,70,76,31,87,81,41,63,66,70,95,75,95,96,94,95,97,96,86,83,87,81,CB,4,2,Right,186cm / 6'1',83kg / 183lb,LB,,Italy,Icons,EA FC ICONS,"Jockey+, Intercept, Anticipate, Slide Tackle, Aerial",https://www.futbin.com/25/player/56200/paolo-maldini,,,,,,Ult Succession Icon
238794,157,158,Vinícius José de Oliveira Júnior,93,98,87,84,94,34,74,98,98,90,92,84,86,76,74,88,84,65,86,80,82,96,97,87,89,93,86,30,58,38,29,21,79,90,70,62,LW,4,5,Right,176cm / 5'9',73kg / 161lb,"LM, ST",24,Brazil,LALIGA EA SPORTS,Real Madrid,"Trickster+, Quick Step+, Finesse Shot, Chip Shot, Rapid, Flair, First Touch, Trivela",https://www.futbin.com/25/player/56344/vinicius-jose-de-oliveira-junior,,,,,,Winter Wildcards
227102,158,159,Caroline Graham Hansen,93,92,91,91,93,52,82,93,91,91,91,92,93,87,83,92,93,81,92,87,95,96,97,80,86,93,87,39,77,50,55,52,90,92,80,70,RW,5,5,Right,175cm / 5'8',59kg / 130lb,RM,30,Norway,Liga F,FC Barcelona,"Trickster+, Long Ball Pass+, Finesse Shot, Technical, Flair, First Touch, Quick Step, Trivela",https://www.futbin.com/25/player/56345/caroline-graham-hansen,,,,,,Winter Wildcards
238794,159,160,Vinícius José de Oliveira Júnior,93,98,87,84,94,34,74,98,98,90,92,84,86,76,74,88,84,65,86,80,82,96,97,87,89,93,86,30,58,38,29,21,79,90,70,62,ST,4,5,Right,176cm / 5'9',73kg / 161lb,"LM, LW",24,Brazil,LALIGA EA SPORTS,Real Madrid,"Finesse Shot+, Trivela+, Chip Shot, Rapid, Flair, First Touch, Trickster, Quick Step",https://www.futbin.com/25/player/56346/vinicius-jose-de-oliveira-junior,,,,,,Winter Wildcards
275276,160,161,Birgit Prinz,93,86,93,81,86,53,90,84,87,95,95,95,90,92,84,85,71,83,88,71,78,84,80,80,91,89,90,46,95,47,54,42,85,84,96,83,ST,5,4,Right,179cm / 5'10',77kg / 170lb,,,Germany,Icons,EA FC ICONS,"Press Proven+, Aerial+, Finesse Shot, Power Shot, Power Header, Technical, First Touch, Trivela",https://www.futbin.com/25/player/56462/birgit-prinz,,,,,,Winter Wildcard ICON
247699,161,162,Kenny Dalglish,93,92,93,81,91,45,78,94,91,94,95,90,92,94,92,80,80,94,90,59,86,90,93,91,95,92,91,34,94,38,43,40,85,92,72,75,ST,5,4,Right,173cm / 5'8',73kg / 161lb,,,Scotland,Icons,EA FC ICONS,"Finesse Shot+, Chip Shot+, Power Shot, Technical, Flair, Quick Step, Trivela",https://www.futbin.com/25/player/56487/kenny-dalglish,,,,,,Winter Wildcard ICON
5479,162,163,Iker Casillas Fernández,93,72,36,51,96,24,91,74,70,18,31,63,28,27,29,69,29,27,59,56,24,29,66,56,89,33,68,27,37,28,16,21,81,44,69,30,GK,4,1,Left,"185cm / 6'1""",80kg / 176lb,,,Spain,Icons,EA FC ICONS,"Far Reach+, FootWork+, Pinged Pass, Long Ball Pass, Far Throw, Cross Claimer, Rush Out, Deflector",https://www.futbin.com/25/player/56756/iker-casillas-fernandez,,,,,,TOTY Icon SBC
5003,163,164,Marcos de Morais,93,93,70,85,90,92,90,94,93,72,70,71,70,70,73,84,93,63,90,73,80,91,85,85,93,91,90,94,82,92,94,90,90,97,90,81,RB,4,4,Right,176cm / 5'9',75kg / 165lb,,,Brazil,Icons,EA FC ICONS,"Relentless+, Jockey+, Whipped Pass, Block, Intercept, Anticipate, Slide Tackle, Bruiser, Flair, Press Proven, Trivela, Long Throw",https://www.futbin.com/25/player/56758/marcos-de-morais,,,,,,TOTY Icon
1625,164,165,Thierry Henry,93,94,93,93,92,60,90,94,94,95,96,90,90,92,87,91,90,96,97,86,97,93,92,80,94,94,90,61,90,54,59,53,82,97,93,75,ST,5,4,Right,188cm / 6'2',83kg / 183lb,LW,,France,Icons,EA FC ICONS,"Finesse Shot+, Rapid+, Chip Shot, Power Header, Technical, Flair, First Touch, Trickster, Press Proven, Quick Step, Relentless, Trivela",https://www.futbin.com/25/player/56759/thierry-henry,,,,,,TOTY Icon
158023,165,166,Lionel Messi,93,87,90,93,96,39,71,91,84,94,90,88,91,91,80,96,86,97,93,92,98,97,94,99,89,97,98,46,70,24,41,29,76,81,74,48,RW,4,4,Left,"169cm / 5'7""",67kg / 148lb,"RM, CAM, ST",37,Argentina,MLS,Inter Miami CF,"Technical+, Incisive Pass+, Finesse Shot, Dead Ball, Tiki Taka, Quick Step, Relentless, Trivela",https://www.futbin.com/25/player/57097/lionel-messi,,,,,,TOTY Honourable Ment
237692,166,167,Phil Foden,93,93,92,91,96,63,70,94,93,95,94,95,95,72,70,92,87,80,93,90,94,95,97,97,94,96,94,65,52,67,64,51,72,91,60,70,RW,4,4,Left,"171cm / 5'7""",69kg / 152lb,"RM, CAM, LW",24,England,Premier League,Manchester City,"Technical+, Trivela+, Finesse Shot, Pinged Pass, Whipped Pass, Flair, First Touch, Trickster, Quick Step",https://www.futbin.com/25/player/57098/phil-foden,,,,,,TOTY Honourable Ment
244260,167,168,Daniel Olmo Carvajal,93,91,93,91,93,73,91,91,91,99,93,95,94,97,80,95,88,83,95,88,83,93,93,93,93,93,90,83,63,73,73,65,95,95,91,87,CAM,4,5,Right,"179cm / 5'10""",72kg / 159lb,CM,26,Spain,LALIGA EA SPORTS,FC Barcelona,"Quick Step+, Tiki Taka+, Finesse Shot, Incisive Pass, Technical, Flair, First Touch, Press Proven, Trivela",https://www.futbin.com/25/player/57148/daniel-olmo-carvajal,,,,,,UCL Live
231747,168,169,Kylian Mbappé,93,99,92,82,94,39,81,99,99,95,96,92,85,86,86,85,80,71,88,73,82,95,95,84,95,94,90,41,79,28,37,35,91,91,80,67,ST,4,5,Right,"182cm / 6'0""",75kg / 165lb,LW,26,France,LALIGA EA SPORTS,Real Madrid,"Trickster+, Finesse Shot, Rapid, Flair, Quick Step, Trivela, Acrobatic",https://www.futbin.com/25/player/57151/kylian-mbappe,,,,,,LaLiga POTM SBC
272505,169,170,Endrick Felipe Moreira de Sousa,93,94,91,80,92,46,80,95,93,90,91,93,90,87,82,85,60,90,85,80,85,92,94,92,90,91,90,33,86,38,47,48,90,86,83,60,ST,5,4,Left,173cm / 5'8',66kg / 146lb,RW,18,Brazil,LALIGA EA SPORTS,Real Madrid,"Power Shot+, Rapid+, Flair, Press Proven, Technical, Quick Step",https://www.futbin.com/25/player/57154/endrick-felipe-moreira-de-sousa,,,,,,Future Stars
238380,170,171,Lev Yashin,93,59,26,39,95,22,94,65,54,19,14,56,22,22,45,70,32,29,33,32,24,24,68,63,91,42,68,29,19,20,20,19,85,44,76,59,GK,3,2,Right,189cm / 6'2',82kg / 181lb,,,Russia,Icons,EA FC ICONS,"Cross Claimer+, Far Reach+, Long Ball Pass, FootWork, Rush Out",https://www.futbin.com/25/player/57175/lev-yashin,,,,,,Future Stars Icon
211110,171,172,Paulo Dybala,93,90,92,91,94,50,73,91,90,92,92,91,93,98,95,95,90,93,90,90,95,94,93,95,92,96,94,51,81,40,51,48,87,83,75,54,CAM,4,5,Left,"177cm / 5'10""",75kg / 165lb,ST,31,Argentina,Serie A TIM,AS Roma,"Finesse Shot+, Technical+, Dead Ball, Incisive Pass, Pinged Pass, Flair, First Touch, Trickster, Relentless, Trivela",https://www.futbin.com/25/player/57499/paulo-dybala,,,,,,Grassroot Greats
248146,172,173,Ian Wright,93,94,95,80,90,46,84,95,94,96,97,93,92,91,93,85,65,75,90,75,77,87,90,88,96,94,97,40,98,36,44,38,83,93,81,81,ST,4,5,Right,"175cm / 5'9""",73kg / 161lb,,,England,Icons,EA FC ICONS,"Press Proven+, Quick Step+, Finesse Shot, Chip Shot, Power Shot, Incisive Pass, Technical, Rapid, First Touch",https://www.futbin.com/25/player/57526/ian-wright,,,,,,GrassrootGreatsIcon
71608,173,174,Julie Foudy,93,86,88,93,90,85,85,84,88,93,88,88,90,71,91,97,86,83,97,97,84,90,88,88,92,91,90,87,86,83,88,80,82,96,81,84,CM,5,4,Right,"168cm / 5'6""",59kg / 130lb,CDM,,United States,Icons,EA FC ICONS,"Incisive Pass+, Intercept+, Pinged Pass, Long Ball Pass, Technical, First Touch, Press Proven, Relentless",https://www.futbin.com/25/player/57527/julie-foudy,,,,,,GrassrootGreatsIcon
156616,174,175,Franck Ribéry,93,93,90,92,94,44,75,95,92,90,90,87,93,92,86,94,90,90,94,90,88,95,93,92,90,95,90,43,55,45,42,37,58,90,72,70,LM,5,5,Right,"170cm / 5'7""",72kg / 159lb,LW,,France,Icons,EA FC ICONS,"Technical+, Quick Step+, Finesse Shot, Dead Ball, Incisive Pass, Whipped Pass, Flair, Relentless, Trivela",https://www.futbin.com/25/player/57528/franck-ribery,,,,,,GrassrootGreatsIcon
231447,175,176,Donyell Malen,93,97,90,87,93,47,85,99,95,93,93,95,80,90,82,90,88,70,92,77,90,93,95,94,90,93,87,40,86,42,45,44,97,90,84,78,RM,5,5,Right,"176cm / 5'9""",68kg / 150lb,"LM, RW, ST",26,Netherlands,Premier League,Aston Villa,"Rapid+, First Touch+, Chip Shot, Power Shot, Incisive Pass, Tiki Taka, Whipped Pass, Technical, Flair, Quick Step, Trivela, Low Driven Shot",https://www.futbin.com/25/player/57785/donyell-malen,,,,,,Fantasy FC
227315,176,177,Laura Georges,93,92,54,77,74,99,92,91,92,50,51,67,47,46,61,67,63,49,92,85,72,74,86,88,93,77,87,99,99,99,99,99,97,86,93,95,CB,3,3,Right,"172cm / 5'8""",62kg / 137lb,,40,France,D1 Arkema,HERO,"Jockey+, Anticipate+, Incisive Pass, Block, Slide Tackle, Bruiser, Quick Step",https://www.futbin.com/25/player/57797/laura-georges,,,,,,Fantasy FC Hero
233700,177,178,Gianluca Vialli,93,91,93,81,91,46,83,92,91,93,95,92,91,95,87,84,72,65,91,72,81,91,91,89,97,91,89,35,96,52,34,31,90,94,87,55,ST,5,4,Right,180cm / 5'10',77kg / 170lb,,60,Italy,Serie A TIM,HERO,"Rapid+, Power Shot+, Finesse Shot, Power Header, Technical, First Touch, Trickster, Relentless, Acrobatic",https://www.futbin.com/25/player/57798/gianluca-vialli,,,,,,Fantasy FC Hero
135455,178,179,Maicon Douglas Sisenando,93,94,89,88,90,91,91,91,96,93,84,99,94,92,76,84,95,81,89,86,90,90,87,86,92,93,89,92,83,91,92,96,87,92,92,90,RB,5,5,Right,"184cm / 6'0""",77kg / 170lb,"LB, RM",43,Brazil,Serie A TIM,HERO,"Rapid+, Whipped Pass+, Power Shot, Jockey, Block, Bruiser, Trivela",https://www.futbin.com/25/player/57805/maicon-douglas-sisenando,,,,,,Fantasy FC Hero
237679,179,180,Randal Kolo Muani,93,97,93,84,93,49,78,98,97,95,96,95,87,93,82,88,79,77,89,78,85,93,95,90,92,92,91,49,96,42,43,42,98,87,85,46,ST,5,5,Right,"187cm / 6'2""",73kg / 161lb,,26,France,Serie A TIM,Juventus,"First Touch+, Quick Step+, Finesse Shot, Power Shot, Technical, Flair, Trivela, Aerial",https://www.futbin.com/25/player/58181/randal-kolo-muani,,,,,,Fantasy FC SBC
150418,180,181,Mario Gomez,93,91,95,82,90,48,88,90,92,98,98,97,90,97,82,85,84,50,86,74,82,90,86,86,96,92,93,44,95,45,40,37,90,87,92,80,ST,5,4,Right,189cm / 6'2',84kg / 185lb,,39,Germany,Bundesliga,HERO,"Power Shot+, Aerial+, Finesse Shot, Power Header, Incisive Pass, Technical, First Touch, Press Proven, Quick Step",https://www.futbin.com/25/player/58198/mario-gomez,,,,,,Fantasy FC Hero
227271,181,182,Fara Williams,93,91,95,95,92,86,85,92,91,92,93,99,99,86,95,98,91,99,95,98,91,92,91,92,92,94,91,91,77,86,87,85,85,96,84,76,CM,5,4,Right,"164cm / 5'5""",61kg / 134lb,"CDM, CAM",41,England,Barclays WSL,HERO,"Power Shot+, Pinged Pass+, Dead Ball, Long Ball Pass, Tiki Taka, Anticipate, Technical, Flair, Press Proven",https://www.futbin.com/25/player/58199/fara-williams,,,,,,Fantasy FC Hero
5673,182,183,Jari Litmanen,93,89,99,91,91,41,76,90,89,99,99,99,99,99,99,95,83,88,94,91,94,91,87,88,96,94,96,51,81,36,30,33,65,88,76,66,CAM,5,4,Right,182cm / 5'11',78kg / 172lb,CM,54,Finland,LALIGA EA SPORTS,HERO,"First Touch+, Trivela+, Finesse Shot, Chip Shot, Incisive Pass, Pinged Pass, Long Ball Pass, Intercept, Technical, Relentless",https://www.futbin.com/25/player/58200/jari-litmanen,,,,,,Fantasy FC Hero
5467,183,184,Jamie Carragher,93,87,59,81,75,94,92,87,87,59,47,82,59,50,77,76,77,52,89,87,72,75,74,73,95,77,92,94,91,95,94,97,94,86,93,97,CB,4,3,Right,"185cm / 6'1""",83kg / 183lb,"RB, LB",47,England,Premier League,HERO,"Jockey+, Block+, Incisive Pass, Long Ball Pass, Anticipate, Slide Tackle, Bruiser, Relentless",https://www.futbin.com/25/player/58201/jamie-carragher,,,,,,Fantasy FC Hero
20801,184,185,C. Ronaldo dos Santos Aveiro,93,90,93,85,90,41,87,90,90,95,93,96,90,88,95,86,86,84,87,80,87,88,84,84,94,93,99,37,97,30,40,31,99,90,90,72,ST,5,5,Right,"187cm / 6'2""",85kg / 187lb,LW,40,Portugal,ROSHN Saudi League,Al Nassr,"Finesse Shot+, Rapid+, Power Shot, Power Header, Technical, Flair, Trickster, Quick Step, Trivela, Acrobatic, Aerial",https://www.futbin.com/25/player/58249/c-ronaldo-dos-santos-aveiro,,,,,,Flashback SBC
239818,185,186,Rúben Santos Gato Alves Dias,93,86,53,80,81,93,92,84,87,53,42,95,36,44,62,73,62,55,97,93,53,78,80,80,97,81,93,91,91,94,94,91,92,82,96,92,CB,5,5,Right,"187cm / 6'2""",82kg / 181lb,,27,Portugal,Premier League,Manchester City,"Anticipate+, Bruiser+, Power Header, Pinged Pass, Intercept, Slide Tackle, Aerial",https://www.futbin.com/25/player/58255/ruben-santos-gato-alves-dias,,,,,,FUT Birthday
265674,186,187,Selma Bacha,93,93,80,90,86,88,86,95,91,85,75,95,86,60,65,85,97,88,92,85,93,84,97,93,82,85,90,88,75,88,90,93,83,96,80,89,LB,5,5,Left,"161cm / 5'3""",58kg / 128lb,LW,24,France,D1 Arkema,OL,"Whipped Pass+, Jockey+, Dead Ball, Intercept, Anticipate, Technical, Quick Step, Relentless",https://www.futbin.com/25/player/58256/selma-bacha,,,,,,FUT Birthday
269404,187,188,Salma Celeste Paralluelo Ayingono,93,97,91,86,91,59,89,96,97,84,94,94,86,87,74,87,82,79,87,85,92,92,96,87,83,91,86,54,95,55,55,53,99,89,97,66,LW,5,5,Left,"175cm / 5'9""",68kg / 150lb,"LM, ST",21,Spain,Liga F,FC Barcelona,"Technical+, Quick Step+, Finesse Shot, Power Header, Trickster, Relentless, Trivela",https://www.futbin.com/25/player/58257/salma-celeste-paralluelo-ayingono,,,,,,FUT Birthday
226306,188,189,Celia Šašic,93,90,93,81,90,53,91,91,90,95,96,90,91,92,91,84,73,81,88,76,76,91,86,85,91,92,88,43,97,49,51,42,94,85,97,85,ST,5,5,Right,174cm / 5'8',61kg / 134lb,,36,Germany,GPFBL,HERO,"Finesse Shot+, Press Proven+, Power Shot, Power Header, Incisive Pass, Technical, Flair, Aerial",https://www.futbin.com/25/player/58280/celia-sasic,,,,,,World Cup Showdown
570,189,190,Jay-Jay Okocha,93,92,88,90,98,45,75,94,90,91,83,93,92,86,89,92,87,97,90,87,97,99,98,96,91,97,94,52,69,37,44,37,68,90,78,51,CAM,5,5,Right,173cm / 5'8',70kg / 154lb,"RM, ST",51,Nigeria,Premier League,HERO,"Trickster+, Quick Step+, Pinged Pass, Technical, Flair, First Touch, Trivela",https://www.futbin.com/25/player/58281/jay-jay-okocha,,,,,,World Cup Showdown
266694,190,191,Saeed Al Owairan,93,99,90,88,92,42,81,99,99,90,92,86,90,88,82,86,90,85,88,86,88,94,90,88,87,90,90,44,90,32,37,34,84,88,80,72,RW,5,5,Left,184cm / 6'0',76kg / 168lb,"RM, CAM, ST",57,Saudi Arabia,ROSHN Saudi League,HERO,"Rapid+, Power Shot+, Trickster+, Whipped Pass, Flair, First Touch, Press Proven, Quick Step",https://www.futbin.com/25/player/58598/saeed-al-owairan,,,,,,FUT Birthday Hero
20289,191,192,Yaya Touré,93,88,90,92,91,88,95,86,89,91,87,98,93,80,91,96,80,92,96,91,92,90,86,86,91,94,91,85,80,85,95,91,82,98,98,86,CDM,5,5,Right,"188cm / 6'2""",90kg / 198lb,"CM, CAM",41,Côte d'Ivoire,Premier League,HERO,"Pinged Pass+, Bruiser+, Finesse Shot, Power Shot, Incisive Pass, Flair, Press Proven, Trivela",https://www.futbin.com/25/player/58606/yaya-toure,,,,,,FUT Birthday Hero SB
251852,192,193,Karim Adeyemi,93,99,88,85,93,50,85,99,99,88,88,90,86,84,82,85,84,74,88,82,80,94,94,91,90,91,90,46,91,37,50,51,97,94,84,71,LM,5,5,Left,"180cm / 5'11""",77kg / 170lb,"RM, ST, LW",23,Germany,Bundesliga,Borussia Dortmund,"Quick Step+, Low Driven Shot+, Finesse Shot, Rapid, Flair, Acrobatic, Aerial",https://www.futbin.com/25/player/58608/karim-adeyemi,,,,,,FUT Birthday SBC
256516,193,194,Nicholas Williams Arthuer,93,99,84,88,94,50,75,99,99,87,86,87,81,72,69,90,93,80,93,72,88,96,99,92,90,93,87,56,90,50,39,35,90,93,69,63,LM,5,5,Right,"181cm / 5'11""",67kg / 148lb,"RM, LW",22,Spain,LALIGA EA SPORTS,Athletic Club,"Rapid+, First Touch+, Finesse Shot, Whipped Pass, Flair, Quick Step, Relentless, Trivela, Low Driven Shot",https://www.futbin.com/25/player/58614/nicholas-williams-arthuer,,,,,,FUT Birthday
232073,194,195,Mallory Swanson,93,94,90,88,91,50,80,93,95,98,92,90,89,78,89,92,83,74,94,85,80,91,90,94,91,92,87,51,80,43,49,46,88,95,72,81,LW,5,5,Right,"163cm / 5'4""",54kg / 119lb,"LM, ST",26,United States,NWSL,Chicago Red Stars,"Technical+, Rapid+, Finesse Shot, Chip Shot, Flair, First Touch, Trickster, Quick Step, Low Driven Shot",https://www.futbin.com/25/player/58615/mallory-swanson,,,,,,FUT Birthday
197445,195,196,David Alaba,93,90,80,93,88,90,85,89,90,82,70,92,88,75,89,90,93,95,96,90,85,85,84,86,97,91,92,92,82,94,89,88,93,86,84,85,CB,5,5,Left,"180cm / 5'11""",78kg / 172lb,LB,32,Austria,LALIGA EA SPORTS,Real Madrid,"Pinged Pass+, Intercept+, Dead Ball, Long Ball Pass, Jockey, Block, Anticipate, Slide Tackle, Bruiser",https://www.futbin.com/25/player/58616/david-alaba,,,,,,FUT Birthday
226268,196,197,Federico Dimarco,93,91,90,93,93,90,91,94,89,97,85,95,98,90,82,87,97,92,94,90,97,93,90,94,93,96,87,91,84,90,92,91,92,95,88,91,LB,5,5,Left,"174cm / 5'9""",76kg / 168lb,LM,27,Italy,Serie A TIM,Lombardia FC,"Dead Ball+, Jockey+, Finesse Shot, Power Shot, Incisive Pass, Long Ball Pass, Whipped Pass, First Touch",https://www.futbin.com/25/player/58617/federico-dimarco,,,,,,FUT Birthday
274750,197,198,Wesley Sneijder,93,90,90,95,91,60,80,92,88,90,88,93,95,91,83,98,91,96,95,98,92,90,90,90,93,94,92,70,68,50,60,58,47,86,80,83,CAM,5,5,Right,171cm / 5'7',67kg / 148lb,"CM, LM",40,Netherlands,Serie A TIM,HERO,"Incisive Pass+, Tiki Taka+, Power Shot, Dead Ball, Pinged Pass, Long Ball Pass, Whipped Pass, Technical, First Touch",https://www.futbin.com/25/player/58635/wesley-sneijder,,,,,,FUT Birthday Hero
243029,198,199,Sol Campbell,93,90,52,70,70,94,95,87,93,40,50,68,46,46,55,65,60,33,83,77,45,58,72,72,97,77,93,92,96,95,92,98,95,87,99,95,CB,5,5,Right,"188cm / 6'2""",90kg / 198lb,,,England,Icons,EA FC ICONS,"Intercept+, Slide Tackle+, Power Header, Pinged Pass, Block, Bruiser, Acrobatic, Aerial",https://www.futbin.com/25/player/58641/sol-campbell,,,,,,FUT Birthday Icon
170733,199,200,Gervais Yao Kouassi,93,96,88,91,95,45,77,97,95,98,92,86,83,83,75,92,91,76,95,86,90,97,98,90,90,95,90,48,70,38,43,38,72,94,73,66,LW,5,5,Right,185cm / 6'0',68kg / 150lb,LM,37,Côte d'Ivoire,Serie A TIM,HERO,"Rapid+, Trickster+, Finesse Shot, Power Shot, Pinged Pass, Technical, First Touch, Quick Step, Relentless, Low Driven Shot",https://www.futbin.com/25/player/58647/yao-kouassi,,,,,,FUT Birthday Hero
188428,200,201,Seydou Doumbia,93,96,92,88,93,50,83,94,97,94,94,92,85,93,91,94,63,94,98,84,93,94,92,92,87,94,93,52,95,37,49,41,95,99,76,76,ST,5,5,Right,179cm / 5'10',77kg / 170lb,,37,Côte d'Ivoire,Serie A TIM,HERO,"Finesse Shot+, Quick Step+, Power Shot, Rapid, First Touch, Press Proven, Relentless, Trivela, Aerial, Low Driven Shot",https://www.futbin.com/25/player/58648/seydou-doumbia,,,,,,FUT Birthday Hero
204550,201,202,Victor Ibarbo,93,96,91,90,94,48,88,94,98,94,92,98,84,92,80,87,97,84,91,80,95,95,93,92,92,93,92,43,81,37,53,47,82,88,90,82,RW,5,5,Right,188cm / 6'2',80kg / 176lb,RM,34,Colombia,Serie A TIM,HERO,"Quick Step+, Trivela+, Finesse Shot, Bruiser, Technical, Rapid, First Touch, Relentless, Aerial, Low Driven Shot",https://www.futbin.com/25/player/58649/victor-ibarbo,,,,,,FUT Birthday Hero
231443,202,203,Ousmane Dembélé,93,97,85,90,93,50,70,98,97,90,82,94,83,85,84,92,94,70,91,86,92,93,99,90,90,92,90,47,53,51,51,42,80,85,64,66,RW,5,5,Left,"178cm / 5'10""",67kg / 148lb,"RM, CAM",27,France,Ligue 1 Uber Eats,Paris SG,"Rapid+, Low Driven Shot+, Pinged Pass, Whipped Pass, Technical, Flair, Trickster, Quick Step, Relentless, Trivela",https://www.futbin.com/25/player/58693/ousmane-dembele,,,,,,UCL Dreamchasers SBC
226161,203,204,Marcos Llorente Moreno,93,94,90,88,91,90,92,92,96,90,91,96,90,75,74,89,86,71,91,90,85,91,93,88,91,90,90,95,76,90,93,84,96,97,90,92,RM,5,4,Right,"184cm / 6'0""",74kg / 163lb,"RB, CM, RW",30,Spain,LALIGA EA SPORTS,Atlético de Madrid,"Incisive Pass+, Quick Step+, Power Shot, Whipped Pass, Jockey, Intercept, Rapid, Relentless",https://www.futbin.com/25/player/58700/marcos-llorente-moreno,,,,,,UCL Dreamchasers
271807,204,205,Ethan Nwaneri,93,93,91,92,92,70,90,94,92,91,91,92,92,87,77,92,90,77,94,92,94,91,93,94,90,93,87,72,76,77,63,55,90,92,92,80,RW,4,5,Left,"176cm / 5'9""",70kg / 154lb,"RM, CAM",18,England,Premier League,Arsenal,"Incisive Pass+, Quick Step+, Power Shot, Whipped Pass, Technical, First Touch, Relentless",https://www.futbin.com/25/player/58701/ethan-nwaneri,,,,,,UCL Dreamchasers
241846,205,206,Ewa Pajor,93,93,95,83,94,30,84,94,92,97,98,92,92,96,96,95,62,87,88,78,86,94,94,90,85,95,93,29,93,26,18,14,96,89,87,65,ST,5,4,Right,"167cm / 5'6""",61kg / 134lb,LW,28,Poland,Liga F,FC Barcelona,"Rapid+, Low Driven Shot+, Finesse Shot, Power Shot, Tiki Taka, Technical, Relentless, Acrobatic",https://www.futbin.com/25/player/58710/ewa-pajor,,,,,,UWCL Dreamchasers
273153,206,207,Linda Caicedo,93,98,88,93,93,56,73,97,98,90,91,88,91,63,62,88,95,73,99,93,73,94,99,82,83,93,83,72,58,44,62,44,78,97,64,65,LW,4,5,Right,"163cm / 5'4""",54kg / 119lb,"LM, CAM",20,Colombia,Liga F,Real Madrid,"Technical+, Rapid+, Finesse Shot, Whipped Pass, Flair, Trickster, Quick Step, Trivela",https://www.futbin.com/25/player/58711/linda-caicedo,,,,,,UWCL Dreamchasers
232580,207,208,Gabriel dos S. Magalhães,93,88,50,80,80,93,92,85,90,53,45,80,37,34,49,85,50,35,96,94,62,75,77,75,91,85,88,93,94,94,93,93,93,88,93,95,CB,4,3,Left,"190cm / 6'3""",87kg / 192lb,,27,Brazil,Premier League,Arsenal,"Jockey+, Anticipate+, Power Header, Pinged Pass, Intercept, Bruiser, Aerial",https://www.futbin.com/25/player/59122/gabriel-dos-s-magalhaes,,,,,,UCL Dreamchasers SBC
252145,208,209,Nuno Alexandre Tavares Mendes,93,94,70,84,90,87,86,96,93,93,54,97,76,65,54,80,90,65,87,80,81,90,90,91,90,90,88,87,80,86,88,89,97,92,83,84,LB,4,4,Left,"180cm / 5'11""",70kg / 154lb,CB,22,Portugal,Ligue 1 Uber Eats,Paris SG,"Quick Step+, Intercept+, Pinged Pass, Whipped Pass, Jockey, Block, Slide Tackle, Rapid, Relentless",https://www.futbin.com/25/player/59125/nuno-alexandre-tavares-mendes,,,,,,UCL Dreamchasers
212831,209,210,Alisson Ramses Becker,93,68,24,48,93,17,94,76,61,13,13,64,14,20,23,66,17,18,60,58,19,27,40,37,87,42,66,11,29,15,19,16,82,32,78,27,GK,4,2,Right,"193cm / 6'4""",91kg / 201lb,,32,Brazil,Premier League,Liverpool,"Long Ball Pass+, FootWork+, Far Throw, Cross Claimer, Rush Out, Far Reach, Deflector",https://www.futbin.com/25/player/59126/alisson-ramses-becker,,,,,,UCL Dreamchasers
227316,210,211,Wendie Renard,93,85,68,75,77,93,90,84,85,72,65,82,62,57,70,62,63,61,85,88,70,72,87,86,90,77,88,93,96,95,94,85,82,87,93,90,CB,4,4,Right,"187cm / 6'2""",70kg / 154lb,CDM,34,France,D1 Arkema,OL,"Jockey+, Anticipate+, Power Header, Long Ball Pass, Block, Intercept, Slide Tackle, Relentless, Aerial",https://www.futbin.com/25/player/59137/wendie-renard,,,,,,UWCL Dreamchasers
246219,211,212,Khadija Shaw,93,90,93,82,89,35,90,90,90,96,97,95,87,83,81,89,70,65,89,80,69,86,87,88,93,94,93,28,98,25,33,22,97,86,97,75,ST,4,4,Right,"180cm / 5'11""",70kg / 154lb,,28,Jamaica,Barclays WSL,Manchester City,"Press Proven+, Low Driven Shot+, Finesse Shot, Chip Shot, Power Shot, First Touch, Quick Step, Relentless, Aerial",https://www.futbin.com/25/player/59138/khadija-shaw,,,,,,UWCL Dreamchasers
226373,212,213,Nadine Keßler,93,90,88,93,92,86,84,90,90,90,90,86,88,81,85,96,87,85,96,94,88,92,86,86,93,94,91,94,84,82,90,76,82,88,83,83,CM,4,4,Right,169cm / 5'6',61kg / 134lb,CAM,37,Germany,GPFBL,HERO,"Finesse Shot+, Incisive Pass+, Tiki Taka+, Pinged Pass, Long Ball Pass, Jockey, Flair, First Touch, Relentless, Trivela",https://www.futbin.com/25/player/59145/nadine-keler,,,,,,Dreamchasers Hero
51539,213,214,Edwin van der Sar,93,60,18,39,91,13,94,61,60,15,6,59,9,11,17,68,10,9,46,46,8,8,41,44,82,30,64,24,10,10,10,10,73,41,74,25,GK,4,2,Right,"197cm / 6'6""",83kg / 183lb,,,Netherlands,Icons,EA FC ICONS,"Deflector+, Pinged Pass+, FootWork+, Far Throw, Cross Claimer, Rush Out",https://www.futbin.com/25/player/59150/edwin-van-der-sar,,,,,,Dreamchasers Icon
168473,214,215,Franz Beckenbauer,93,84,74,90,86,94,87,85,83,76,71,76,80,69,67,91,77,82,96,97,78,80,86,83,93,92,90,97,90,96,92,91,97,92,87,78,CDM,4,3,Right,181cm / 5'11',75kg / 165lb,"CB, CM",,Germany,Icons,EA FC ICONS,"Long Ball Pass+, Jockey+, Intercept+, Incisive Pass, Pinged Pass, Block, Anticipate, Bruiser, Technical, Trivela",https://www.futbin.com/25/player/59323/beckenbauer,,,,,,FUT Immortals Icon S
250890,215,216,Gianluca Zambrotta,93,94,76,87,90,92,91,93,94,86,66,88,86,76,76,84,92,65,88,86,87,90,86,85,90,91,90,93,83,91,93,94,83,94,90,92,RB,5,4,Right,"181cm / 5'11""",76kg / 168lb,LB,,Italy,Icons,EA FC ICONS,"Press Proven+, Relentless+, Intercept+, Long Ball Pass, Whipped Pass, Block, Slide Tackle, Rapid",https://www.futbin.com/25/player/59332/gianluca-zambrotta,,,,,,FUT Immortals Icon
13743,216,217,Steven Gerrard,93,88,92,93,90,87,86,87,89,90,90,94,97,87,87,92,90,85,96,99,87,88,88,87,90,93,88,88,84,87,89,84,76,91,84,87,CM,5,4,Right,"183cm / 6'0""",83kg / 183lb,CDM,,England,Icons,EA FC ICONS,"Power Shot+, Incisive Pass+, Intercept+, Pinged Pass, Long Ball Pass, Whipped Pass, Jockey, Technical, Trivela",https://www.futbin.com/25/player/59333/steven-gerrard,,,,,,FUT Immortals Icon
1201,217,218,Gianfranco Zola,93,93,94,93,95,47,70,94,92,95,96,94,93,87,92,93,90,98,94,92,94,97,94,93,93,94,90,37,71,46,49,41,57,82,66,70,CAM,5,4,Right,"168cm / 5'6""",67kg / 148lb,ST,,Italy,Icons,EA FC ICONS,"Finesse Shot+, Dead Ball+, Quick Step+, Incisive Pass, Pinged Pass, Tiki Taka, Technical, Flair, First Touch, Trivela",https://www.futbin.com/25/player/59334/gianfranco-zola,,,,,,FUT Immortals Icon
1041,218,219,Javier Zanetti,93,92,64,88,90,93,88,92,92,78,62,76,51,61,69,88,93,61,92,88,75,86,88,90,92,95,92,95,88,91,94,92,57,97,84,93,RB,4,4,Right,"178cm / 5'10""",74kg / 163lb,"LB, CDM, CM",,Argentina,Icons,EA FC ICONS,"Quick Step+, Relentless+, Jockey+, Power Shot, Block, Intercept, Anticipate, Slide Tackle, Technical, Press Proven",https://www.futbin.com/25/player/59335/javier-zanetti,,,,,,FUT Immortals Icon
242519,219,220,Eusébio da Silva Ferreira,93,93,94,86,93,47,81,92,93,95,94,94,95,94,94,87,86,87,86,83,83,96,94,92,94,89,94,41,95,44,41,35,89,92,76,76,ST,5,4,Right,"175cm / 5'9""",76kg / 168lb,,,Portugal,Icons,EA FC ICONS,"Rapid+, Power Shot+, First Touch+, Finesse Shot, Chip Shot, Tiki Taka, Technical, Quick Step, Relentless, Low Driven Shot",https://www.futbin.com/25/player/59427/eusebio-da-silva-ferreira,,,,,,FUT Immortals Icon S
227263,220,221,Kelly Smith,93,92,95,90,93,50,85,92,92,95,96,92,97,90,86,92,90,95,93,75,94,93,90,90,93,94,93,39,95,38,55,51,86,92,90,62,ST,5,4,Left,"168cm / 5'6""",59kg / 130lb,,,England,Icons,EA FC ICONS,"Dead Ball+, Quick Step+, Low Driven Shot+, Finesse Shot, Power Header, Rapid, First Touch, Trickster, Trivela, Aerial",https://www.futbin.com/25/player/59437/kelly-smith,,,,,,FUT Immortals Icon
227324,221,222,Camille Abily,93,90,92,94,92,85,83,91,90,91,91,91,96,95,81,95,87,96,96,94,93,91,90,88,92,96,93,90,71,86,87,84,71,90,82,80,CM,5,4,Right,"168cm / 5'6""",59kg / 130lb,CAM,,France,Icons,EA FC ICONS,"Incisive Pass+, Tiki Taka+, Intercept+, Finesse Shot, Chip Shot, Dead Ball, Pinged Pass, Technical, Flair, First Touch, Acrobatic",https://www.futbin.com/25/player/59438/camille-abily,,,,,,FUT Immortals Icon
268513,222,223,Jair Ventura Filho,93,95,93,90,95,53,81,96,94,92,95,94,90,90,82,95,91,82,91,86,87,97,94,92,92,92,95,51,93,47,49,47,87,88,85,60,RW,4,5,Right,"173cm / 5'8""",74kg / 163lb,"RM, ST",,Brazil,Icons,EA FC ICONS,"Technical+, Rapid+, Trickster+, Power Shot, Incisive Pass, Whipped Pass, Flair, First Touch, Quick Step, Trivela, Acrobatic",https://www.futbin.com/25/player/59439/jair-ventura-filho,,,,,,FUT Immortals Icon
54050,223,224,Wayne Rooney,93,93,94,87,91,60,92,94,92,93,93,95,94,94,90,84,83,87,90,88,90,90,90,90,94,93,91,49,94,58,62,49,90,94,90,93,ST,4,5,Right,"176cm / 5'9""",82kg / 181lb,CAM,,England,Icons,EA FC ICONS,"Finesse Shot+, Press Proven+, Low Driven Shot+, Chip Shot, Power Shot, Long Ball Pass, Rapid, First Touch, Relentless, Trivela, Acrobatic",https://www.futbin.com/25/player/59440/wayne-rooney,,,,,,FUT Immortals Icon
31432,224,225,Didier Drogba,93,92,94,83,88,50,91,93,92,95,97,96,88,94,90,86,83,91,85,74,82,88,88,87,92,88,90,51,99,41,44,41,92,91,95,81,ST,5,4,Right,"189cm / 6'2""",88kg / 194lb,,,Côte d'Ivoire,Icons,EA FC ICONS,"Quick Step+, Aerial+, Low Driven Shot+, Finesse Shot, Power Shot, Power Header, Technical, Rapid, First Touch, Press Proven",https://www.futbin.com/25/player/59465/didier-drogba,,,,,,On This Day SBC
243780,225,226,Kang In Lee,93,92,90,92,93,75,82,92,92,95,91,95,84,91,85,92,91,89,92,91,94,93,94,97,91,92,92,80,95,68,77,62,88,90,75,88,RW,4,5,Left,173cm / 5'8',66kg / 146lb,"RM, CM, CAM",24,Korea Republic,Ligue 1 Uber Eats,Paris SG,"Technical+, First Touch+, Finesse Shot, Chip Shot, Pinged Pass, Tiki Taka, Whipped Pass, Rapid, Relentless, Trivela",https://www.futbin.com/25/player/59468/kang-in-lee,,,,,,UCL Live
228702,226,227,Frenkie de Jong,93,90,83,92,93,86,90,89,90,93,87,82,79,84,64,94,83,70,97,95,90,93,92,88,93,94,96,92,80,85,85,86,95,98,86,88,CM,4,5,Right,181cm / 5'11',74kg / 163lb,CDM,27,Netherlands,LALIGA EA SPORTS,FC Barcelona,"Incisive Pass+, Long Ball Pass+, Finesse Shot, Pinged Pass, Tiki Taka, Intercept, Technical, Flair, Press Proven, Trivela",https://www.futbin.com/25/player/59469/frenkie-de-jong,,,,,,UCL Live
273466,227,228,Alyssa Thompson,93,97,89,93,93,60,87,97,97,93,90,90,85,88,80,95,90,83,96,86,97,93,94,94,93,94,91,60,80,54,62,51,93,90,88,80,LW,5,4,Right,"163cm / 5'4""",58kg / 128lb,"LM, RW",20,United States,NWSL,Angel City FC,"Technical+, Press Proven+, Quick Step+, Finesse Shot, Power Shot, Incisive Pass, Whipped Pass, First Touch, Trickster, Relentless",https://www.futbin.com/25/player/59479/alyssa-thompson,,,,,,TOTS Moments
226293,228,229,Nadine Angerer,92,58,22,34,94,24,92,60,57,12,12,59,11,11,23,63,12,18,35,32,20,13,61,61,93,26,64,29,9,27,21,26,73,43,70,52,GK,3,1,Right,"175cm / 5'9""",71kg / 157lb,,,Germany,Icons,EA FC ICONS,"Far Reach+, Cross Claimer",https://www.futbin.com/25/player/31/nadine-angerer,,,,,,Icon
190048,229,230,Gerd Müller,92,87,92,76,85,44,74,92,82,96,97,94,81,94,84,81,66,74,82,66,77,80,83,93,96,89,89,41,94,44,32,31,88,79,75,61,ST,4,4,Right,"176cm / 5'9""",74kg / 163lb,,,Germany,Icons,EA FC ICONS,"Finesse Shot+, First Touch, Trivela, Aerial",https://www.futbin.com/25/player/54448/gerd-muller,,,,,,Icon
230025,230,231,Bobby Charlton,92,90,91,87,91,50,74,91,90,92,91,93,93,87,85,91,82,88,88,89,84,92,91,93,93,89,93,48,78,50,47,31,85,86,68,72,CAM,5,4,Left,"173cm / 5'8""",72kg / 159lb,,,England,Icons,EA FC ICONS,"Power Shot+, Incisive Pass, Long Ball Pass, Technical, First Touch, Quick Step, Trivela",https://www.futbin.com/25/player/54469/bobby-charlton,,,,,,Icon
238380,231,232,Lev Yashin,92,58,26,39,94,22,93,64,53,19,14,56,22,22,45,70,32,29,33,32,24,24,68,63,91,42,68,29,19,20,20,19,85,44,76,59,GK,3,1,Right,189cm / 6'2',82kg / 181lb,,,Russia,Icons,EA FC ICONS,Cross Claimer+,https://www.futbin.com/25/player/54472/lev-yashin,,,,,,Icon
238439,232,233,Paolo Maldini,92,85,55,74,69,95,82,84,85,39,56,72,40,64,53,68,75,30,86,78,40,62,65,68,94,73,94,95,93,94,96,95,83,80,84,78,CB,4,2,Right,"186cm / 6'1""",83kg / 183lb,LB,,Italy,Icons,EA FC ICONS,"Slide Tackle+, Jockey, Intercept, Anticipate, Aerial",https://www.futbin.com/25/player/54481/paolo-maldini,,,,,,Icon
247553,233,234,Manuel Franc. dos Santos,92,89,85,92,94,40,66,90,89,89,87,84,84,83,80,92,93,88,92,90,90,96,93,89,94,94,89,44,65,34,37,34,63,80,64,52,RW,4,5,Right,"169cm / 5'7""",72kg / 159lb,RM,,Brazil,Icons,EA FC ICONS,"Technical+, Flair, Trickster, Quick Step",https://www.futbin.com/25/player/54491/manuel-franc-dos-santos,,,,,,Icon
254642,234,235,Ferenc Puskás,92,90,94,89,91,45,74,91,89,96,95,94,93,92,92,91,86,87,90,87,90,90,90,91,95,93,95,44,74,42,41,38,69,88,75,55,ST,3,4,Left,"172cm / 5'8""",72kg / 159lb,,,Hungary,Icons,EA FC ICONS,"First Touch+, Power Shot, Rapid, Flair, Quick Step, Trivela",https://www.futbin.com/25/player/54498/ferenc-puskas,,,,,,Icon
275276,235,236,Birgit Prinz,92,83,92,80,82,52,88,81,84,94,94,94,89,91,83,84,70,82,87,70,77,83,60,66,90,88,89,45,93,46,53,41,83,82,94,81,ST,4,3,Right,"179cm / 5'10""",77kg / 170lb,,,Germany,Icons,EA FC ICONS,"Aerial+, Power Shot, Power Header, First Touch, Press Proven",https://www.futbin.com/25/player/54519/birgit-prinz,,,,,,Icon
239085,236,237,Erling Haaland,92,89,93,72,82,46,89,81,95,97,97,95,84,91,91,76,60,64,79,68,79,80,78,70,95,84,88,44,84,39,48,30,93,77,94,89,ST,3,3,Left,195cm / 6'4',94kg / 207lb,,24,Norway,Premier League,Manchester City,"Acrobatic+, Power Shot, Power Header, Bruiser, Press Proven",https://www.futbin.com/25/player/55382/erling-haaland,,,,,,PL POTM
246191,237,238,Julián Álvarez,92,89,92,85,89,62,86,90,89,91,94,94,87,85,84,86,82,85,85,82,92,87,91,91,91,91,88,57,78,65,60,50,88,90,82,91,ST,4,4,Right,"170cm / 5'7""",71kg / 157lb,CAM,25,Argentina,LALIGA EA SPORTS,Atlético de Madrid,"Press Proven+, Finesse Shot, Chip Shot, Rapid, Flair",https://www.futbin.com/25/player/55416/julian-alvarez,,,,,,Champions League
227361,238,239,Kadidiatou Diani,92,93,88,84,91,59,82,92,94,94,93,82,87,77,74,87,82,73,90,77,77,90,92,87,89,93,87,58,84,49,62,52,91,83,92,55,RW,4,4,Right,"168cm / 5'6""",64kg / 141lb,"RM, ST",30,France,D1 Arkema,OL,"Quick Step+, Finesse Shot, Technical, Flair, Trivela",https://www.futbin.com/25/player/55432/kadidiatou-diani,,,,,,Champions League
211110,239,240,Paulo Dybala,92,85,89,89,93,48,72,87,83,87,88,88,90,96,92,93,88,92,89,84,94,93,92,93,88,94,92,49,75,38,49,46,84,82,74,53,CAM,3,5,Left,"177cm / 5'10""",75kg / 165lb,ST,31,Argentina,Serie A TIM,AS Roma,"First Touch+, Finesse Shot, Dead Ball, Incisive Pass, Technical, Flair, Trivela",https://www.futbin.com/25/player/55477/paulo-dybala,,,,,,Europa League
231747,240,241,Kylian Mbappé,92,98,91,82,93,37,80,98,98,94,95,91,84,85,85,85,80,71,88,73,82,94,94,83,94,93,89,39,75,27,35,33,90,90,79,66,ST,4,5,Right,"182cm / 6'0""",75kg / 165lb,LW,26,France,LALIGA EA SPORTS,Real Madrid,"Quick Step+, Finesse Shot, Rapid, Flair, Trivela, Acrobatic",https://www.futbin.com/25/player/55520/kylian-mbappe,,,,,,Total Rush
241667,241,242,Aitana Bonmatí Conca,92,82,87,87,92,78,76,83,81,92,92,80,90,71,71,91,75,78,92,91,79,93,94,87,92,92,86,90,55,76,82,68,76,83,76,65,CM,5,4,Right,"162cm / 5'4""",53kg / 117lb,CAM,27,Spain,Liga F,FC Barcelona,"Finesse Shot+, Incisive Pass, Pinged Pass, Tiki Taka, Technical, First Touch, Relentless",https://www.futbin.com/25/player/55661/aitana-bonmati-conca,,,,,,Trailblazers
238794,242,243,Vinícius José de Oliveira Júnior,92,97,86,83,93,32,72,97,97,89,91,83,85,75,73,87,83,64,85,79,81,95,96,86,88,92,85,29,55,35,28,20,77,87,68,61,LW,4,5,Right,"176cm / 5'9""",73kg / 161lb,"LM, ST",24,Brazil,LALIGA EA SPORTS,Real Madrid,"Rapid+, Finesse Shot, Chip Shot, Flair, First Touch, Quick Step, Trivela",https://www.futbin.com/25/player/55753/vinicius-jose-de-oliveira-junior,,,,,,Trailblazers
231866,243,244,Rodrigo Hernández Cascante,92,80,81,88,86,92,87,80,80,77,75,93,90,72,63,88,78,65,95,93,88,85,71,71,94,91,95,90,86,97,92,87,85,93,85,87,CDM,4,4,Right,"191cm / 6'3""",82kg / 181lb,CM,28,Spain,Premier League,Manchester City,"Bruiser+, Power Shot, Long Ball Pass, Tiki Taka, Anticipate, Press Proven, Aerial",https://www.futbin.com/25/player/55826/rodrigo-hernandez-cascante,,,,,,FUT Centurions
227102,244,245,Caroline Graham Hansen,92,91,90,90,92,50,80,92,90,90,90,90,91,85,81,91,92,80,91,86,94,95,96,78,85,92,86,37,75,48,53,51,88,90,78,69,RW,5,5,Right,"175cm / 5'9""",59kg / 130lb,RM,30,Norway,Liga F,FC Barcelona,"Trickster+, Finesse Shot, Technical, Flair, First Touch, Quick Step, Trivela",https://www.futbin.com/25/player/55827/caroline-graham-hansen,,,,,,FUT Centurions
202126,245,246,Harry Kane,92,72,95,86,85,51,86,71,73,96,97,96,91,91,95,88,82,71,88,90,84,84,68,75,96,89,94,44,95,48,48,40,91,79,90,84,ST,4,3,Right,"188cm / 6'2""",86kg / 190lb,,31,England,Bundesliga,FC Bayern München,"Finesse Shot+, Power Header, Incisive Pass, Long Ball Pass, First Touch, Trivela",https://www.futbin.com/25/player/55896/harry-kane,,,,,,Bundes POTM SBC
239085,246,247,Erling Haaland,92,89,93,71,83,46,89,81,95,97,97,95,84,91,91,75,59,63,78,67,78,81,79,71,96,85,89,44,85,39,48,30,93,77,94,89,ST,3,3,Left,"195cm / 6'5""",94kg / 207lb,,24,Norway,Premier League,Manchester City,"Acrobatic+, Power Shot, Power Header, Bruiser, Press Proven",https://www.futbin.com/25/player/55935/erling-haaland,,,,,,IF
245367,247,248,Xavi Simons,92,90,86,91,93,70,80,92,88,86,87,87,89,70,69,92,86,76,94,91,92,94,95,92,90,91,88,74,69,69,71,65,79,91,72,84,CAM,5,5,Right,"179cm / 5'10""",61kg / 134lb,"RW, LW",22,Netherlands,Bundesliga,RB Leipzig,"Finesse Shot+, Tiki Taka+, Incisive Pass, Technical, Flair, First Touch, Trivela",https://www.futbin.com/25/player/55964/xavi-simons,,,,,,FC Pro
231677,248,249,Marcus Rashford,92,96,92,87,92,46,81,95,97,91,91,97,91,86,95,88,85,86,89,82,92,94,89,86,89,93,85,41,91,43,42,34,93,86,84,66,LM,4,5,Right,"186cm / 6'1""",70kg / 154lb,"ST, LW",27,England,Premier League,Manchester Utd,"Power Shot+, Finesse Shot, Whipped Pass, Technical, Flair, Trickster, Quick Step, Relentless",https://www.futbin.com/25/player/56086/marcus-rashford,,,,,,Thunderstruck
238435,249,250,Lothar Matthäus,92,90,89,91,83,92,84,94,87,89,81,97,96,90,95,92,85,93,94,94,78,79,79,81,91,89,91,94,82,91,95,92,74,93,78,92,CM,4,4,Right,"174cm / 5'9""",71kg / 157lb,"CB, CDM",,Germany,Icons,EA FC ICONS,"Power Shot+, Long Ball Pass, Intercept, Anticipate, Rapid, Quick Step, Relentless",https://www.futbin.com/25/player/56107/lothar-matthaus,,,,,,Thunderstruck Icon
237692,250,251,Phil Foden,92,92,91,89,95,62,67,93,92,94,93,94,94,71,69,91,86,78,92,89,92,94,96,96,93,95,93,64,51,66,63,50,69,88,57,67,RW,4,4,Left,"171cm / 5'7""",69kg / 152lb,"RM, CAM, LW",24,England,Premier League,Manchester City,"Technical+, Finesse Shot, Pinged Pass, Whipped Pass, Flair, First Touch, Quick Step",https://www.futbin.com/25/player/56119/phil-foden,,,,,,Thunderstruck
45661,251,252,Raúl González Blanco,92,88,92,83,90,48,74,86,89,96,96,89,88,91,84,95,72,79,90,66,77,87,89,91,93,93,93,40,99,45,45,33,93,89,75,47,ST,4,4,Left,"180cm / 5'11""",68kg / 150lb,,,Spain,Icons,EA FC ICONS,"Finesse Shot+, Chip Shot, Power Shot, Technical, Flair, First Touch, Quick Step, Trivela, Aerial",https://www.futbin.com/25/player/56143/raul-gonzalez-blanco,,,,,,Thunderstruck Icon S
158023,252,253,Lionel Messi,92,86,89,92,95,38,70,90,83,93,89,87,90,90,78,95,85,96,92,91,97,96,93,98,88,96,97,45,68,23,40,28,75,80,73,47,CAM,4,4,Left,"169cm / 5'7""",67kg / 148lb,"RM, RW, ST",37,Argentina,MLS,Inter Miami CF,"Technical+, Finesse Shot, Dead Ball, Incisive Pass, Tiki Taka, Quick Step, Trivela",https://www.futbin.com/25/player/56169/lionel-messi,,,,,,Ultimate Succession
166906,253,254,Franco Baresi,92,78,50,76,71,95,84,75,80,41,46,55,50,51,65,71,64,45,88,86,58,56,74,76,94,87,85,95,90,95,95,95,87,87,80,87,CB,3,2,Right,"176cm / 5'9""",70kg / 154lb,,,Italy,Icons,EA FC ICONS,"Slide Tackle+, Long Ball Pass, Jockey, Intercept, Bruiser",https://www.futbin.com/25/player/56201/franco-baresi,,,,,,Ult Succession Icon
1114,254,255,Roberto Baggio,92,85,83,91,92,42,64,87,83,87,87,73,83,84,85,94,86,90,93,90,93,94,81,82,88,95,85,40,76,40,35,35,68,80,64,42,CAM,4,5,Right,"174cm / 5'9""",73kg / 161lb,,,Italy,Icons,EA FC ICONS,"Technical+, Finesse Shot, Dead Ball, Long Ball Pass, Flair, First Touch, Press Proven",https://www.futbin.com/25/player/56250/roberto-baggio,,,,,,Ult Succession Icon
227125,255,256,Sam Kerr,92,87,90,76,92,45,85,88,86,94,94,87,87,93,72,81,72,70,80,68,78,92,92,84,91,92,93,26,95,47,42,32,90,90,88,72,ST,4,4,Right,"168cm / 5'6""",66kg / 146lb,,31,Australia,Barclays WSL,Chelsea,"Finesse Shot+, Power Header, Rapid, Quick Step, Acrobatic, Aerial",https://www.futbin.com/25/player/56279/sam-kerr,,,,,,Globetrotters
167135,256,257,Carlos Alberto Torres,92,90,66,81,85,92,86,91,89,84,58,85,60,46,84,87,85,35,90,65,66,84,83,80,89,88,83,93,88,91,93,92,84,90,87,80,CB,4,3,Right,180cm / 5'10',76kg / 168lb,RB,,Brazil,Icons,EA FC ICONS,"Relentless+, Anticipate+, Power Shot, Long Ball Pass, Jockey, Intercept",https://www.futbin.com/25/player/56372/carlos-alberto-torres,,,,,,Winter Wildcard ICON
167135,257,258,Carlos Alberto Torres,92,92,66,85,87,89,86,93,91,84,58,85,60,46,84,88,90,37,91,83,71,86,85,80,91,90,85,90,85,88,90,89,84,90,87,80,CDM,4,3,Right,180cm / 5'10',76kg / 168lb,"RB, CB",,Brazil,Icons,EA FC ICONS,"Long Ball Pass+, Anticipate+, Power Shot, Whipped Pass, Jockey, Intercept, Relentless",https://www.futbin.com/25/player/56373/carlos-alberto-torres,,,,,,Winter Wildcard ICON
231747,258,259,Kylian Mbappé,92,98,91,81,93,38,80,98,98,94,95,91,84,85,85,84,79,70,87,72,81,94,94,83,94,93,89,40,77,27,36,34,90,90,79,66,ST,4,5,Right,182cm / 5'11',75kg / 165lb,LW,26,France,LALIGA EA SPORTS,Real Madrid,"Quick Step+, Finesse Shot, Rapid, Flair, Trivela, Acrobatic",https://www.futbin.com/25/player/56393/kylian-mbappe,,,,,,TOTW
4231,259,260,Rivaldo Vítor Borba Ferreira,92,89,90,89,93,44,99,88,89,91,88,93,93,92,87,89,88,92,89,85,95,94,91,80,92,94,93,39,77,39,44,40,99,99,99,99,LW,4,5,Left,186cm / 6'1',75kg / 165lb,"LM, CAM",,Brazil,Icons,EA FC ICONS,"Technical+, Acrobatic+, Finesse Shot, Power Shot, Dead Ball, Flair, First Touch",https://www.futbin.com/25/player/56434/rivaldo-vitor-borba-ferreira,,,,,,Winter Wildcard ICON
252371,260,261,Jude Bellingham,92,83,89,86,91,81,85,84,83,93,92,87,88,79,76,93,68,70,92,92,76,92,85,82,94,92,90,85,78,80,82,80,86,95,79,87,CAM,4,4,Right,"186cm / 6'1""",75kg / 165lb,CM,21,England,LALIGA EA SPORTS,Real Madrid,"Relentless+, Intercept, Slide Tackle, Technical, Flair",https://www.futbin.com/25/player/56454/jude-bellingham,,,,,,LaLiga POTM SBC
227006,261,262,Homare Sawa,92,86,89,92,93,84,77,90,83,93,94,81,91,76,83,92,87,80,95,94,87,93,90,84,93,94,95,84,88,83,87,69,79,93,70,72,CAM,4,5,Right,165cm / 5'4',54kg / 119lb,CM,,Japan,Icons,EA FC ICONS,"Long Ball Pass+, Relentless+, Incisive Pass, Tiki Taka, First Touch, Press Proven, Quick Step",https://www.futbin.com/25/player/56488/homare-sawa,,,,,,Winter Wildcard ICON
227006,262,263,Homare Sawa,92,86,88,93,92,85,77,90,83,92,93,80,90,75,82,93,88,81,96,95,88,92,89,83,92,93,94,85,89,84,88,70,79,93,70,72,CM,5,4,Right,165cm / 5'4',54kg / 119lb,CAM,,Japan,Icons,EA FC ICONS,"Incisive Pass+, Relentless+, Long Ball Pass, Tiki Taka, First Touch, Press Proven, Quick Step",https://www.futbin.com/25/player/56489/homare-sawa,,,,,,Winter Wildcard ICON
241721,263,264,Rafael da Conceição Leão,92,96,87,87,92,46,85,96,96,85,90,87,86,82,75,90,88,70,92,78,86,92,91,90,90,92,88,40,84,42,43,40,92,86,87,76,CAM,4,5,Right,"188cm / 6'2""",81kg / 179lb,"LM, ST, LW",25,Portugal,Serie A TIM,Milano FC,"Quick Step+, Finesse Shot, Incisive Pass, Tiki Taka, Whipped Pass, Rapid, Flair, Trickster",https://www.futbin.com/25/player/56534/rafael-da-conceicao-leao,,,,,,NumeroFUT
188545,264,265,Robert Lewandowski,92,87,92,87,90,50,88,88,87,94,94,92,87,89,93,89,83,91,91,76,86,88,85,87,92,93,91,56,96,41,47,23,95,81,92,84,ST,5,4,Right,"185cm / 6'1""",81kg / 179lb,,36,Poland,LALIGA EA SPORTS,FC Barcelona,"Power Shot+, Finesse Shot, Chip Shot, Power Header, Incisive Pass, First Touch, Trivela",https://www.futbin.com/25/player/56535/robert-lewandowski,,,,,,NumeroFUT
194765,265,266,Antoine Griezmann,92,88,91,92,92,62,80,89,88,93,93,90,91,89,84,92,90,90,93,90,93,91,91,87,92,93,92,61,88,48,65,66,88,90,75,78,RM,4,5,Left,"176cm / 5'9""",73kg / 161lb,"RW, ST",34,France,LALIGA EA SPORTS,Atlético de Madrid,"Finesse Shot+, Chip Shot, Incisive Pass, Whipped Pass, Technical, Rapid, Flair, Trivela, Acrobatic",https://www.futbin.com/25/player/56696/antoine-griezmann,,,,,,NumeroFUT
212622,266,267,Joshua Kimmich,92,88,80,94,90,92,87,90,86,84,75,83,88,75,75,91,96,85,94,96,92,90,90,90,93,90,92,95,82,92,92,91,88,94,80,93,CDM,4,4,Right,"177cm / 5'10""",75kg / 165lb,"RB, CM",30,Germany,Bundesliga,FC Bayern München,"Long Ball Pass+, Anticipate+, Finesse Shot, Whipped Pass, Jockey, Intercept, Press Proven, Relentless",https://www.futbin.com/25/player/56775/joshua-kimmich,,,,,,Flashback SBC
71557,267,268,Gareth Bale,92,98,93,90,93,70,83,97,98,90,91,96,95,91,86,88,90,92,90,88,92,94,90,88,94,92,90,67,91,68,68,62,87,90,83,73,ST,4,5,Left,"186cm / 6'1""",81kg / 179lb,"RM, RW, LW",,Wales,Icons,EA FC ICONS,"Rapid+, Acrobatic+, Finesse Shot, Power Shot, Flair, Quick Step, Aerial",https://www.futbin.com/25/player/56784/gareth-bale,,,,,,TOTY Icon SBC
167198,268,269,Eric Cantona,92,90,92,90,92,55,91,90,90,92,91,94,92,97,90,94,90,88,90,86,92,92,85,85,90,94,96,51,96,43,56,53,91,90,91,93,ST,5,5,Right,"188cm / 6'2""",89kg / 196lb,,,France,Icons,EA FC ICONS,"Chip Shot+, Power Shot+, Incisive Pass, Tiki Taka, Technical, Flair, First Touch, Relentless, Trivela",https://www.futbin.com/25/player/56793/eric-cantona,,,,,,TOTY Icon
227002,269,270,Aya Miyama,92,90,90,90,92,70,83,90,90,90,90,90,92,88,93,92,90,93,90,90,87,91,93,93,88,93,87,70,82,60,76,65,91,95,80,74,LM,5,4,Right,"157cm / 5'2""",52kg / 115lb,"CM, LW",,Japan,Icons,EA FC ICONS,"Finesse Shot+, Dead Ball+, Incisive Pass, Long Ball Pass, Tiki Taka, Whipped Pass, Technical, First Touch, Relentless, Trivela",https://www.futbin.com/25/player/56794/aya-miyama,,,,,,TOTY Icon
238430,270,271,Roberto Carlos da Silva Rocha,92,92,87,88,85,90,91,93,91,80,81,97,96,81,81,78,93,97,88,87,97,81,82,91,97,90,88,95,80,90,90,92,90,95,90,88,LB,3,4,Left,"168cm / 5'6""",69kg / 152lb,LM,,Brazil,Icons,EA FC ICONS,"Dead Ball+, Whipped Pass+, Power Shot, Long Ball Pass, Jockey, Intercept, Anticipate, Rapid, Quick Step, Trivela, Long Throw",https://www.futbin.com/25/player/56795/roberto-carlos-da-silva-rocha,,,,,,TOTY Icon
231478,271,272,Lautaro Martínez,92,86,92,80,91,58,88,88,85,95,96,91,84,95,77,84,73,70,84,78,85,88,93,95,95,92,91,51,90,58,54,47,96,86,88,90,ST,4,4,Right,"174cm / 5'9""",72kg / 159lb,,27,Argentina,Serie A TIM,Lombardia FC,"Finesse Shot+, Relentless+, Power Shot, Technical, Flair, Press Proven",https://www.futbin.com/25/player/57094/lautaro-martinez,,,,,,TOTY Honourable Ment
227324,272,273,Camille Abily,92,86,91,92,91,84,82,88,84,90,90,90,95,94,80,93,84,94,94,93,91,90,87,85,90,95,92,87,70,84,86,83,70,88,81,79,CM,5,4,Right,"168cm / 5'6""",59kg / 130lb,CAM,,France,Icons,EA FC ICONS,"Incisive Pass+, Tiki Taka+, Finesse Shot, Chip Shot, Dead Ball, Technical, Flair, Acrobatic",https://www.futbin.com/25/player/57096/camille-abily,,,,,,TOTY Icon SBC
231432,273,274,Lindsey Horan,92,86,91,93,90,75,87,88,85,93,90,95,92,90,79,94,86,93,96,96,80,90,85,84,92,93,88,80,96,71,71,66,97,90,90,75,CM,4,4,Right,"175cm / 5'9""",67kg / 148lb,CAM,30,United States,D1 Arkema,OL,"Incisive Pass+, Aerial+, Finesse Shot, Power Shot, Dead Ball, Power Header, Long Ball Pass, Tiki Taka, Acrobatic",https://www.futbin.com/25/player/57099/lindsey-horan,,,,,,TOTY Honourable Ment
256630,274,275,Florian Wirtz,92,88,85,92,93,55,75,88,88,91,86,85,86,86,71,95,88,73,95,92,86,94,91,91,92,94,90,49,47,64,54,49,71,94,67,70,CAM,4,5,Right,"177cm / 5'10""",71kg / 157lb,LM,21,Germany,Bundesliga,Leverkusen,"Technical+, Tiki Taka+, Finesse Shot, Chip Shot, Incisive Pass, Flair, First Touch, Trivela",https://www.futbin.com/25/player/57100/florian-wirtz,,,,,,TOTY Honourable Ment
205452,275,276,Antonio Rüdiger,92,87,60,77,77,90,90,80,93,58,45,87,75,38,44,71,71,60,87,84,55,74,80,80,90,77,82,88,87,90,91,90,90,82,92,93,CB,3,3,Right,"190cm / 6'3""",86kg / 190lb,,32,Germany,LALIGA EA SPORTS,Real Madrid,"Block+, Bruiser+, Jockey, Acrobatic, Aerial",https://www.futbin.com/25/player/57101/antonio-rudiger,,,,,,TOTY Honourable Ment
239053,276,277,Federico Valverde,92,92,87,90,90,85,88,89,95,90,83,96,92,80,63,92,87,74,93,94,84,88,84,84,94,94,90,88,68,85,90,85,87,96,86,85,CM,4,4,Right,"182cm / 6'0""",78kg / 172lb,RM,26,Uruguay,LALIGA EA SPORTS,Real Madrid,"Power Shot+, Relentless+, Incisive Pass, Pinged Pass, Long Ball Pass, Rapid, First Touch, Trivela, Acrobatic",https://www.futbin.com/25/player/57102/federico-valverde,,,,,,TOTY Honourable Ment
265536,277,278,Damaris Berta Egurrola Wienke,92,88,84,93,90,86,93,88,88,92,90,80,76,71,76,95,90,66,97,99,78,90,88,87,91,93,90,90,91,85,85,83,93,93,95,86,CM,5,4,Left,"176cm / 5'9""",65kg / 143lb,CDM,25,Netherlands,D1 Arkema,OL,"Press Proven+, Long Ball Pass+, Power Header, Pinged Pass, Intercept, Slide Tackle, Relentless, Aerial",https://www.futbin.com/25/player/57144/damaris-berta-egurrola-wienke,,,,,,UWCL RTTF
201942,278,279,Roberto Firmino Barbosa de Oliveira,92,90,91,90,93,75,86,91,90,95,90,93,92,95,87,91,83,74,96,87,92,93,91,92,91,94,95,77,88,67,83,54,90,91,84,85,CAM,4,5,Right,"181cm / 5'11""",76kg / 168lb,ST,33,Brazil,ROSHN Saudi League,Al Ahli,"First Touch+, Incisive Pass+, Finesse Shot, Power Shot, Pinged Pass, Tiki Taka, Technical, Flair, Trickster",https://www.futbin.com/25/player/57149/roberto-firmino-barbosa-de-oliveira,,,,,,Objectives
191695,279,280,Emilio Butragueño Santos,92,95,92,82,93,43,70,95,95,93,96,90,86,88,82,90,77,80,88,64,83,93,93,91,92,93,90,47,91,35,34,33,87,88,67,53,ST,5,4,Right,"168cm / 5'6""",68kg / 150lb,,,Spain,Icons,EA FC ICONS,"Technical+, Power Shot+, Finesse Shot, Chip Shot, Flair, First Touch, Quick Step, Trivela",https://www.futbin.com/25/player/57176/emilio-butragueno-santos,,,,,,Future Stars Icon
264652,280,281,Bradley Barcola,92,95,87,88,94,50,80,94,95,90,90,87,83,86,78,93,88,70,92,78,88,95,93,88,92,93,93,44,96,38,54,42,95,91,74,75,LW,4,5,Right,"186cm / 6'1""",70kg / 154lb,"LM, RW",22,France,Ligue 1 Uber Eats,Paris SG,"Finesse Shot+, Rapid+, Pinged Pass, Whipped Pass, Technical, Flair, Relentless",https://www.futbin.com/25/player/57434/bradley-barcola,,,,,,Future Stars
254088,281,282,Amad Diallo,92,96,89,91,90,51,70,98,94,93,93,93,85,67,78,95,92,81,92,81,96,88,99,93,86,90,84,47,90,40,52,47,85,91,63,59,RM,5,4,Left,"173cm / 5'8""",67kg / 148lb,"RB, CAM, RW",22,Côte d'Ivoire,Premier League,Manchester Utd,"Power Shot+, Incisive Pass+, Chip Shot, Whipped Pass, Technical, Flair",https://www.futbin.com/25/player/57436/amad-diallo,,,,,,Future Stars
7289,282,283,Rio Ferdinand,92,86,52,70,73,93,88,87,85,50,47,68,43,60,64,58,56,33,87,81,56,70,70,70,86,75,90,92,88,94,94,91,84,85,89,88,CB,4,3,Right,"189cm / 6'2""",87kg / 192lb,,,England,Icons,EA FC ICONS,"Aerial+, Anticipate+, Power Header, Jockey, Slide Tackle, Bruiser, Acrobatic",https://www.futbin.com/25/player/57458/rio-ferdinand,,,,,,Future Stars Icon
239837,283,284,Alexis Mac Allister,92,87,90,92,92,87,86,90,85,88,87,97,90,85,94,93,86,90,94,93,90,92,90,91,93,94,92,89,70,88,90,84,81,96,80,92,CM,5,4,Right,"176cm / 5'9""",72kg / 159lb,CDM,26,Argentina,Premier League,Liverpool,"Incisive Pass+, Pinged Pass+, Power Shot, Dead Ball, Anticipate, Technical, First Touch, Press Proven",https://www.futbin.com/25/player/57501/alexis-mac-allister,,,,,,Grassroot Greats
212198,284,285,Bruno Miguel Borges Fernandes,92,85,90,92,90,80,82,87,83,92,89,91,90,92,95,98,86,86,93,93,89,90,86,83,94,92,85,80,78,78,84,80,78,97,72,89,CAM,5,4,Right,"179cm / 5'10""",69kg / 152lb,CM,30,Portugal,Premier League,Manchester Utd,"Long Ball Pass+, Tiki Taka+, Dead Ball, Incisive Pass, Pinged Pass, Flair, First Touch, Relentless, Trivela",https://www.futbin.com/25/player/57502/bruno-miguel-borges-fernandes,,,,,,Grassroot Greats
31432,285,286,Didier Drogba,92,91,93,77,85,47,90,92,91,94,96,95,87,93,89,80,78,84,78,70,76,83,84,85,90,86,88,47,97,38,41,37,91,90,94,80,ST,5,4,Right,"189cm / 6'2""",88kg / 194lb,,,Côte d'Ivoire,Icons,EA FC ICONS,"Power Shot+, Aerial+, Finesse Shot, Power Header, Technical, Rapid, First Touch, Press Proven",https://www.futbin.com/25/player/57529/didier-drogba,,,,,,GrassrootGreatsIcon
242444,286,287,João Félix Sequeira,92,93,92,89,93,48,82,95,92,92,91,94,93,97,82,91,87,82,90,85,93,93,97,93,89,91,93,48,81,37,50,43,91,89,77,82,LW,5,5,Right,"181cm / 5'11""",70kg / 154lb,"LM, ST",25,Portugal,Serie A TIM,Milano FC,"Technical+, Trickster+, Power Shot, Pinged Pass, Rapid, Flair, First Touch",https://www.futbin.com/25/player/57778/joao-felix-sequeira,,,,,,Fantasy FC SBC
262285,287,288,José María Gutiérrez Hernández,92,90,91,94,92,85,88,91,90,97,91,92,92,88,85,96,87,84,97,96,88,93,88,85,92,94,93,87,85,83,86,82,83,93,88,82,CM,4,5,Left,"185cm / 6'1""",76kg / 168lb,CAM,48,Spain,LALIGA EA SPORTS,HERO,"Incisive Pass+, Press Proven+, Finesse Shot, Pinged Pass, Intercept, Technical, Flair",https://www.futbin.com/25/player/57781/jose-maria-gutierrez-hernandez,,,,,,Fantasy FC Hero SBC
256079,288,289,Moisés Caicedo,92,87,79,91,88,92,89,89,86,81,76,86,86,66,66,93,79,67,98,96,85,88,88,89,91,91,91,93,77,93,95,92,87,94,84,94,CDM,4,4,Right,"178cm / 5'10""",73kg / 161lb,CM,23,Ecuador,Premier League,Chelsea,"Press Proven+, Intercept+, Incisive Pass, Pinged Pass, Tiki Taka, Anticipate, Slide Tackle, Technical, Relentless",https://www.futbin.com/25/player/57786/moises-caicedo,,,,,,Fantasy FC
264089,289,290,Rinsola Babajide,92,96,91,85,90,65,88,96,96,91,91,97,85,85,87,86,91,73,86,81,81,90,95,93,91,88,84,52,96,49,81,62,99,87,96,66,LW,5,4,Right,"174cm / 5'9""",68kg / 150lb,"LM, RW, ST",26,Nigeria,Liga F,UDG Tenerife,"Quick Step+, Trivela+, Finesse Shot, Power Shot, Power Header, Whipped Pass, Technical, Rapid, Flair, First Touch, Press Proven",https://www.futbin.com/25/player/57787/babajide,,,,,,Fantasy FC
275049,290,291,Enzo Francescoli,92,90,92,90,94,48,76,91,90,90,94,92,90,85,91,93,85,94,92,86,95,94,94,90,92,94,92,39,92,45,44,41,86,87,76,60,CAM,5,4,Right,181cm / 5'11',72kg / 159lb,ST,63,Uruguay,Ligue 1 Uber Eats,HERO,"First Touch+, Incisive Pass+, Finesse Shot, Dead Ball, Pinged Pass, Tiki Taka, Technical, Rapid, Flair, Acrobatic",https://www.futbin.com/25/player/57796/enzo-francescoli,,,,,,Fantasy FC Hero
27,291,292,Joe Cole,92,93,91,92,95,56,82,94,93,87,92,89,94,89,79,94,93,91,93,86,94,95,95,94,89,95,89,57,65,60,51,45,90,91,81,73,RW,4,4,Right,176cm / 5'9',73kg / 161lb,"RM, CAM, LW",43,England,Premier League,HERO,"Technical+, Trivela+, Finesse Shot, Power Shot, Incisive Pass, Whipped Pass, Flair, First Touch, Press Proven, Quick Step",https://www.futbin.com/25/player/57799/joe-cole,,,,,,Fantasy FC Hero
253072,292,293,Darwin Núñez,92,95,92,81,86,54,91,93,97,98,91,98,88,89,88,88,78,69,83,77,84,86,83,83,89,88,84,52,91,46,55,43,99,93,90,89,ST,4,4,Right,"187cm / 6'2""",81kg / 179lb,,25,Uruguay,Premier League,Liverpool,"Finesse Shot+, Rapid+, Chip Shot, Power Shot, Tiki Taka, First Touch, Press Proven, Quick Step, Relentless, Trivela, Acrobatic",https://www.futbin.com/25/player/58187/darwin-nunez,,,,,,Fantasy FC
226851,293,294,Benjamin Pavard,92,89,74,86,87,92,91,89,89,75,66,88,77,89,57,81,87,59,92,91,77,87,86,86,98,89,92,92,91,91,93,91,98,93,91,88,CB,3,4,Right,"186cm / 6'1""",81kg / 179lb,RB,29,France,Serie A TIM,Lombardia FC,"Jockey+, Intercept+, Whipped Pass, Block, Anticipate, Slide Tackle, Bruiser, Quick Step, Relentless, Aerial",https://www.futbin.com/25/player/58188/benjamin-pavard,,,,,,Fantasy FC
237034,294,295,Juan Camilo Hernández Suárez,92,93,92,83,90,52,92,94,93,94,96,92,88,85,85,85,74,79,88,87,77,90,92,92,87,88,87,29,92,54,53,50,96,93,92,92,ST,4,5,Right,"176cm / 5'9""",73kg / 161lb,,26,Colombia,LALIGA EA SPORTS,Real Betis,"First Touch+, Quick Step+, Finesse Shot, Chip Shot, Power Shot, Tiki Taka, Technical, Rapid, Flair, Acrobatic",https://www.futbin.com/25/player/58189/juan-camilo-hernandez-suarez,,,,,,Fantasy FC
330,295,296,Robbie Keane,92,92,93,85,93,50,83,93,92,94,94,93,91,91,86,90,81,68,91,72,91,93,91,91,96,93,90,48,80,56,46,19,75,92,80,80,ST,5,4,Right,175cm / 5'8',73kg / 161lb,,44,Republic of Ireland,Premier League,HERO,"Finesse Shot+, Quick Step+, Chip Shot, Power Shot, Technical, First Touch, Trivela",https://www.futbin.com/25/player/58202/robbie-keane,,,,,,Fantasy FC Hero
238388,296,297,Dennis Bergkamp,92,87,92,88,90,40,83,88,87,95,94,93,86,94,95,92,85,85,91,80,83,89,82,82,95,94,95,36,67,31,44,39,81,87,82,80,ST,5,4,Right,"183cm / 6'0""",78kg / 172lb,CAM,,Netherlands,Icons,EA FC ICONS,"Finesse Shot+, First Touch+, Chip Shot, Incisive Pass, Pinged Pass, Technical, Flair, Trivela",https://www.futbin.com/25/player/58215/dennis-bergkamp,,,,,,On This Day SBC
235790,297,298,Kai Havertz,92,86,86,90,88,92,89,83,88,91,88,84,83,85,88,92,84,60,95,90,95,88,88,86,86,88,86,88,99,91,95,84,99,95,93,69,CM,5,5,Left,193cm / 6'3',82kg / 181lb,CDM,25,Germany,Premier League,Arsenal,"Long Ball Pass+, Anticipate+, Jockey, Intercept, Technical, First Touch, Aerial",https://www.futbin.com/25/player/58258/kai-havertz,,,,,,FUT Birthday
235790,298,299,Kai Havertz,92,88,92,90,92,60,81,85,90,98,94,90,89,91,94,92,84,60,95,90,95,93,89,87,91,93,91,53,97,56,58,51,96,86,84,64,ST,5,5,Left,193cm / 6'3',82kg / 181lb,CAM,25,Germany,Premier League,Arsenal,"Technical+, Power Shot+, Finesse Shot, Chip Shot, First Touch, Trickster, Trivela, Aerial",https://www.futbin.com/25/player/58259/kai-havertz,,,,,,FUT Birthday
257001,299,300,Chloe Kelly,92,92,85,90,92,50,80,93,91,90,85,92,83,77,68,90,93,87,90,88,90,93,91,91,91,91,88,58,65,49,42,42,83,83,85,64,RW,5,5,Right,"168cm / 5'6""",58kg / 128lb,RM,27,England,Barclays WSL,Arsenal,"Trickster+, Press Proven+, Finesse Shot, Dead Ball, Whipped Pass, Technical, Flair, Quick Step",https://www.futbin.com/25/player/58260/chloe-kelly,,,,,,FUT Birthday
231281,300,301,Trent Alexander-Arnold,92,89,83,92,90,92,87,87,90,88,78,94,84,78,78,93,95,87,91,94,91,90,90,88,91,90,90,95,84,92,92,90,88,96,85,80,RB,5,5,Right,"180cm / 5'11""",72kg / 159lb,"CDM, CM",26,England,Premier League,Liverpool,"Dead Ball+, Long Ball Pass+, Finesse Shot, Incisive Pass, Pinged Pass, Tiki Taka, Whipped Pass, Intercept, Slide Tackle, Relentless, Trivela",https://www.futbin.com/25/player/58261/trent-alexander-arnold,,,,,,FUT Birthday
228093,301,302,Marcus Thuram,92,93,88,84,89,60,90,92,94,87,90,91,85,84,76,87,85,64,87,76,81,93,86,81,92,87,84,60,94,53,59,50,99,90,94,80,ST,5,5,Right,"192cm / 6'4""",80kg / 176lb,,27,France,Serie A TIM,Lombardia FC,"Power Shot+, Trickster+, Finesse Shot, First Touch, Quick Step, Relentless, Aerial",https://www.futbin.com/25/player/58262/marcus-thuram,,,,,,FUT Birthday
268438,302,303,Alejandro Garnacho Ferreyra,92,94,88,87,92,50,78,96,93,92,90,92,83,90,73,87,90,73,92,73,90,92,94,95,90,91,90,54,60,49,50,39,78,91,70,82,LM,5,5,Right,"180cm / 5'11""",72kg / 159lb,"RM, LW",20,Argentina,Premier League,Manchester Utd,"Rapid+, Acrobatic+, Finesse Shot, Whipped Pass, Technical, Flair, Trickster, Quick Step",https://www.futbin.com/25/player/58263/alejandro-garnacho-ferreyra,,,,,,FUT Birthday
173210,303,304,Claudio Marchisio,92,90,86,92,91,86,87,91,89,85,81,92,90,83,86,94,85,85,95,93,87,92,88,84,92,93,91,90,74,85,88,86,72,92,86,86,CM,5,5,Right,180cm / 5'10',74kg / 163lb,"CDM, LM",39,Italy,Serie A TIM,HERO,"Incisive Pass+, Tiki Taka+, Power Shot, Pinged Pass, Long Ball Pass, Intercept, Anticipate, Flair, Press Proven",https://www.futbin.com/25/player/58282/claudio-marchisio,,,,,,World Cup Showdown
192181,304,305,Marco van Basten,92,90,93,80,92,38,75,91,90,95,96,93,88,97,89,81,80,82,84,70,82,91,90,86,95,93,92,46,90,25,32,31,85,81,81,52,ST,5,5,Right,"188cm / 6'2""",78kg / 172lb,,,Netherlands,Icons,EA FC ICONS,"Power Shot+, First Touch+, Finesse Shot, Power Header, Incisive Pass, Technical, Quick Step, Relentless, Trivela, Acrobatic",https://www.futbin.com/25/player/58286/marco-van-basten,,,,,,FUT Birthday Icon
45674,305,306,Michaël Essien,92,89,80,84,85,90,92,90,88,79,70,92,91,82,67,80,73,60,95,91,70,80,85,89,87,92,87,94,74,90,93,92,87,95,91,90,CDM,5,5,Right,"177cm / 5'10""",80kg / 176lb,CM,,Ghana,Icons,EA FC ICONS,"Incisive Pass+, Jockey+, Power Shot, Anticipate, Press Proven, Relentless",https://www.futbin.com/25/player/58289/michael-essien,,,,,,FUT Birthday Icon SB
206085,306,307,Jacob Murphy,92,95,88,89,92,77,85,96,95,97,86,95,88,67,85,93,95,84,89,76,95,95,87,89,90,92,84,82,57,77,82,70,86,90,85,80,RW,5,5,Right,"179cm / 5'10""",74kg / 163lb,RM,30,England,Premier League,Newcastle Utd,"Rapid+, First Touch+, Finesse Shot, Pinged Pass, Technical, Trickster, Quick Step",https://www.futbin.com/25/player/58563/jacob-murphy,,,,,,ShowDown SBC
25924,307,308,Joan Capdevila Méndez,92,91,82,87,85,92,90,92,91,74,71,93,96,86,80,82,90,86,89,88,86,82,85,83,93,88,90,94,88,93,93,90,87,94,90,87,LB,5,5,Left,182cm / 5'11',79kg / 174lb,,47,Spain,LALIGA EA SPORTS,HERO,"Relentless+, Anticipate+, Power Shot, Whipped Pass, Jockey, Block, First Touch, Press Proven, Quick Step",https://www.futbin.com/25/player/58596/joan-capdevila-mendez,,,,,,FUT Birthday Hero
242625,308,309,Hidetoshi Nakata,92,90,90,91,92,70,75,90,90,87,86,93,92,94,95,94,84,90,93,91,90,91,88,90,91,94,94,84,77,58,71,66,72,86,74,65,CAM,5,5,Right,175cm / 5'8',72kg / 159lb,CM,48,Japan,Serie A TIM,HERO,"Finesse Shot+, Technical+, Dead Ball, Incisive Pass, Long Ball Pass, Trickster, Relentless",https://www.futbin.com/25/player/58597/hidetoshi-nakata,,,,,,FUT Birthday Hero
209331,309,310,Mohamed Salah,92,92,90,86,92,54,80,92,92,95,93,86,87,86,84,89,84,73,90,82,88,92,93,95,97,91,92,65,70,45,51,48,83,91,78,69,RW,4,4,Left,175cm / 5'8',72kg / 159lb,RM,32,Egypt,Premier League,Liverpool,"Finesse Shot+, Pinged Pass+, Chip Shot, Whipped Pass, Rapid, Flair, Trickster, Relentless, Trivela",https://www.futbin.com/25/player/58603/mohamed-salah,,,,,,PL POTM SBC
204525,310,311,Iñigo Martínez Berridi,92,87,70,80,78,92,92,86,88,65,53,99,93,46,49,66,63,85,88,96,86,70,78,77,94,86,88,91,91,92,92,93,97,84,94,96,CB,5,5,Left,"182cm / 6'0""",76kg / 168lb,,33,Spain,LALIGA EA SPORTS,FC Barcelona,"Slide Tackle+, Bruiser+, Long Ball Pass, Jockey, Block, Intercept, Anticipate",https://www.futbin.com/25/player/58611/inigo-martinez-berridi,,,,,,FUT Birthday
263011,311,312,Ella Toone,92,91,90,88,93,75,75,93,90,98,91,95,89,85,67,97,86,63,93,80,80,97,87,89,89,91,90,70,88,64,84,82,85,90,75,55,CAM,5,5,Right,"163cm / 5'4""",57kg / 126lb,CM,25,England,Barclays WSL,Manchester Utd,"Finesse Shot+, Incisive Pass+, Chip Shot, Technical, Flair, First Touch, Trickster, Trivela",https://www.futbin.com/25/player/58618/ella-toone,,,,,,FUT Birthday
203263,312,313,Harry Maguire,92,85,70,88,83,92,93,85,85,77,61,92,63,62,84,90,74,71,94,94,87,81,80,80,88,84,92,94,97,92,92,81,93,87,95,95,CB,5,5,Right,"193cm / 6'4""",100kg / 220lb,,32,England,Premier League,Manchester Utd,"Aerial+, Bruiser+, Power Header, Long Ball Pass, Jockey, Block, Slide Tackle",https://www.futbin.com/25/player/58619/harry-maguire,,,,,,FUT Birthday
264240,313,314,Pablo Martín Páez Gavira,92,90,85,92,93,87,85,91,89,93,89,81,88,62,64,98,81,55,99,97,87,93,93,93,93,93,90,95,55,84,93,93,78,93,77,95,CM,5,5,Right,"173cm / 5'8""",70kg / 154lb,LW,20,Spain,LALIGA EA SPORTS,FC Barcelona,"Tiki Taka+, Anticipate+, Intercept, Slide Tackle, Rapid, Relentless",https://www.futbin.com/25/player/58620/pablo-martin-paez-gavira,,,,,,FUT Birthday
269603,314,315,Wlodzimierz Smolarek,92,95,91,86,94,50,89,97,93,91,94,88,85,90,91,80,90,78,87,84,91,95,93,98,90,94,92,55,95,30,52,45,84,86,90,90,ST,5,5,Left,171cm / 5'7',70kg / 154lb,LW,67,Poland,Bundesliga,HERO,"Press Proven+, Low Driven Shot+, Power Shot, First Touch, Trickster, Quick Step, Trivela",https://www.futbin.com/25/player/58636/wlodzimierz-smolarek,,,,,,FUT Birthday Hero
40898,315,316,Sidney Govou,92,93,94,87,94,61,78,94,92,92,93,97,97,94,82,90,86,75,90,80,88,95,90,90,91,94,90,52,80,62,63,54,88,88,78,65,ST,5,5,Right,175cm / 5'8',75kg / 165lb,RM,45,France,Ligue 1 Uber Eats,HERO,"Power Shot+, Trickster+, Finesse Shot, Rapid, First Touch, Quick Step, Trivela",https://www.futbin.com/25/player/58637/sidney-govou,,,,,,FUT Birthday Hero
214267,316,317,Gary Lineker,92,90,92,80,90,42,77,91,90,95,96,90,87,92,89,80,66,73,91,80,75,90,88,86,95,92,90,44,91,30,37,35,79,85,80,57,ST,5,5,Right,"177cm / 5'10""",74kg / 163lb,,,England,Icons,EA FC ICONS,"Quick Step+, Low Driven Shot+, Finesse Shot, Chip Shot, Power Shot, Incisive Pass, Technical, First Touch, Trickster, Relentless",https://www.futbin.com/25/player/58642/gary-lineker,,,,,,FUT Birthday Icon
71587,317,318,Marinette Pichon,92,90,93,84,93,50,80,88,92,95,96,90,90,96,86,86,77,83,89,79,86,93,92,90,91,94,90,47,91,42,49,38,87,92,80,65,ST,5,5,Left,"163cm / 5'4""",55kg / 121lb,,,France,Icons,EA FC ICONS,"Technical+, Rapid+, Finesse Shot, Flair, First Touch, Trickster, Trivela, Acrobatic, Low Driven Shot",https://www.futbin.com/25/player/58643/marinette-pichon,,,,,,FUT Birthday Icon
274966,318,319,Carlos Tévez,92,90,93,85,90,50,92,90,90,93,92,94,94,88,90,88,80,87,88,75,90,91,86,88,92,89,90,41,86,55,42,36,81,95,90,94,ST,5,5,Right,171cm / 5'7',77kg / 170lb,CAM,41,Argentina,Premier League,HERO,"Power Shot+, Technical+, Finesse Shot, Press Proven, Quick Step, Relentless, Low Driven Shot",https://www.futbin.com/25/player/58651/carlos-tevez,,,,,,FUT Birthday Hero
1116,319,320,Marcel Desailly,92,87,55,80,74,92,92,86,88,54,43,77,61,54,57,87,63,50,91,87,60,66,75,75,90,80,95,93,91,94,91,90,86,87,94,95,CB,4,4,Right,"185cm / 6'1""",81kg / 179lb,CDM,,France,Icons,EA FC ICONS,"Block+, Bruiser+, Power Header, Pinged Pass, Intercept, Anticipate, Slide Tackle, Press Proven, Aerial",https://www.futbin.com/25/player/58691/marcel-desailly,,,,,,Dreamchasers Icon
1668,320,321,Claude Makélélé,92,87,54,87,88,92,91,88,86,66,46,66,59,45,54,90,79,39,99,92,56,85,88,92,93,91,91,96,61,93,98,90,89,95,88,92,CDM,4,4,Right,"174cm / 5'9""",70kg / 154lb,"RM, CM",,France,Icons,EA FC ICONS,"Jockey+, Intercept+, Long Ball Pass, Tiki Taka, Block, Slide Tackle, Bruiser, Press Proven, Relentless",https://www.futbin.com/25/player/58692/claude-makelele,,,,,,Dreamchasers Icon
5454,321,322,Bixente Lizarazu,92,92,63,85,88,90,90,93,91,82,50,82,66,69,73,77,91,54,89,90,79,84,90,98,92,92,90,92,75,92,90,94,80,98,85,94,LB,5,4,Left,169cm / 5'6',70kg / 154lb,,55,France,Bundesliga,HERO,"Rapid+, Slide Tackle+, Long Ball Pass, Whipped Pass, Block, Anticipate, Quick Step, Acrobatic",https://www.futbin.com/25/player/58695/bixente-lizarazu,,,,,,Dreamchasers Hero
247819,322,323,Nico Schlotterbeck,92,87,66,80,81,92,92,88,87,65,57,84,74,63,43,85,61,47,89,92,60,81,80,81,91,80,88,90,92,92,94,93,98,86,93,93,CB,4,3,Left,"191cm / 6'3""",86kg / 190lb,LB,25,Germany,Bundesliga,Borussia Dortmund,"Anticipate+, Slide Tackle+, Power Header, Long Ball Pass, Jockey, Block, Aerial",https://www.futbin.com/25/player/58702/nico-schlotterbeck,,,,,,UCL Dreamchasers
270208,323,324,Archie Gray,92,93,80,88,92,88,90,92,94,91,78,83,80,73,76,88,84,69,94,92,75,92,90,90,90,92,93,88,83,88,88,88,94,92,88,89,CDM,4,4,Right,"187cm / 6'2""",70kg / 154lb,"RB, CB",19,England,Premier League,Spurs,"Tiki Taka+, Anticipate+, Pinged Pass, Long Ball Pass, Jockey, Intercept, Relentless",https://www.futbin.com/25/player/58706/archie-gray,,,,,,UEL Dreamchasers
237288,324,325,María Francesca Caldentey Oliver,92,90,92,93,95,82,91,90,90,91,96,82,94,80,96,93,93,80,97,90,83,95,93,99,95,95,94,70,85,80,90,86,87,99,91,80,LW,4,5,Right,"166cm / 5'5""",64kg / 141lb,"CDM, LM, ST",29,Spain,Barclays WSL,Arsenal,"Press Proven+, Tiki Taka+, Incisive Pass, Technical, Flair, First Touch, Relentless, Trivela",https://www.futbin.com/25/player/58712/maria-francesca-caldentey-oliver,,,,,,UWCL Dreamchasers
168473,325,326,Franz Beckenbauer,92,82,73,88,84,93,81,83,81,75,70,75,79,68,66,88,75,80,94,95,76,79,80,77,92,91,89,96,88,95,91,90,95,85,81,73,CB,3,3,Right,181cm / 5'11',75kg / 165lb,"CDM, CM",,Germany,Icons,EA FC ICONS,"Long Ball Pass+, Incisive Pass, Intercept, Anticipate, Technical, Trivela",https://www.futbin.com/25/player/58716/beckenbauer,,,,,,Icon
262330,326,327,Catarina Cantanhede Macario,92,91,90,88,93,65,80,90,91,88,90,90,95,81,83,91,87,90,89,81,99,94,90,90,83,96,92,67,82,60,67,54,92,82,79,78,CAM,4,5,Right,"165cm / 5'5""",58kg / 128lb,"CM, ST",25,United States,Barclays WSL,Chelsea,"Finesse Shot+, Technical+, Dead Ball, Pinged Pass, Long Ball Pass, Tiki Taka, Rapid, Press Proven, Quick Step, Low Driven Shot",https://www.futbin.com/25/player/58777/catarina-cantanhede-macario,,,,,,UWCL Dreamchasers
229558,327,328,Dayot Upamecano,92,90,55,80,84,90,92,88,91,57,48,78,51,40,48,80,62,38,95,93,48,83,82,82,90,84,86,88,90,88,93,91,92,86,93,95,CB,5,3,Right,"186cm / 6'1""",90kg / 198lb,,26,France,Bundesliga,FC Bayern München,"Block+, Bruiser+, Power Header, Pinged Pass, Jockey, Intercept, Relentless",https://www.futbin.com/25/player/58778/dayot-upamecano,,,,,,UCL Live
1845,328,329,Ole Gunnar Solskjær,92,92,94,83,90,51,82,93,91,98,97,90,90,93,88,90,80,71,83,76,93,88,90,90,94,92,94,46,95,50,42,46,84,93,82,66,ST,5,4,Right,178cm / 5'10',74kg / 163lb,,52,Norway,Premier League,HERO,"Finesse Shot+, Press Proven+, Chip Shot, Power Shot, Power Header, First Touch, Trivela, Low Driven Shot",https://www.futbin.com/25/player/58781/ole-gunnar-solskjaer,,,,,,Dreamchasers Hero
231936,329,330,Benjamin White,92,89,43,87,89,93,91,87,91,72,37,65,33,29,30,86,87,23,95,93,72,88,87,87,92,91,91,94,87,93,94,92,94,94,89,92,RB,5,4,Right,"185cm / 6'1""",77kg / 170lb,CB,27,England,Premier League,Arsenal,"Anticipate+, Slide Tackle+, Incisive Pass, Pinged Pass, Block, Intercept, Technical, Rapid",https://www.futbin.com/25/player/58782/benjamin-white,,,,,,UCL Live
214997,330,331,Ángel Correa,92,93,92,87,93,62,86,94,93,93,93,91,94,88,73,93,85,75,90,77,93,93,97,96,90,92,90,60,88,52,66,55,93,95,80,90,ST,4,4,Right,"171cm / 5'7""",70kg / 154lb,"RM, RW",30,Argentina,LALIGA EA SPORTS,Atlético de Madrid,"Power Shot+, First Touch+, Finesse Shot, Technical, Rapid, Flair, Trivela, Aerial",https://www.futbin.com/25/player/58989/angel-correa,,,,,,UCL Dreamchasers
238794,331,332,Vinícius José de Oliveira Júnior,92,97,86,83,93,33,73,97,97,89,91,83,85,75,73,87,83,64,85,79,81,95,96,86,88,92,85,29,57,36,28,20,78,89,69,61,LW,4,5,Right,"176cm / 5'9""",73kg / 161lb,"LM, ST",24,Brazil,LALIGA EA SPORTS,Real Madrid,"Quick Step+, Low Driven Shot+, Finesse Shot, Chip Shot, Rapid, Flair, First Touch, Trivela",https://www.futbin.com/25/player/58990/vinicius-jose-de-oliveira-junior,,,,,,SIF
229906,332,333,Leon Bailey,92,92,88,87,92,50,78,94,91,90,90,90,86,82,80,93,87,90,88,73,90,93,95,94,90,91,86,37,75,60,45,38,94,85,77,70,RM,5,5,Left,"178cm / 5'10""",77kg / 170lb,"RW, ST",27,Jamaica,Premier League,Aston Villa,"Quick Step+, Low Driven Shot+, Finesse Shot, Power Shot, Long Ball Pass, Whipped Pass, Technical, Flair, Relentless",https://www.futbin.com/25/player/59127/leon-bailey,,,,,,UCL Dreamchasers
251570,333,334,Rayan Cherki,92,85,88,92,95,34,83,86,84,90,84,99,90,75,80,93,87,91,93,92,96,99,94,93,87,91,90,35,43,30,36,24,72,87,87,73,CAM,5,5,Left,"177cm / 5'10""",71kg / 157lb,"RW, LW",21,France,Ligue 1 Uber Eats,OL,"Technical+, Trickster+, Finesse Shot, Chip Shot, Incisive Pass, Rapid, Flair, First Touch, Trivela",https://www.futbin.com/25/player/59128/rayan-cherki,,,,,,UEL Dreamchasers
259287,334,335,Pernille Harder,92,88,86,91,92,40,86,88,88,95,86,85,84,80,93,93,90,83,94,88,80,93,92,90,86,91,93,36,96,32,34,35,95,84,88,80,CAM,4,4,Right,"169cm / 5'7""",60kg / 132lb,"RM, ST",32,Denmark,GPFBL,FC Bayern München,"Technical+, Power Shot+, Chip Shot, Incisive Pass, Pinged Pass, Long Ball Pass, Flair, First Touch, Trivela",https://www.futbin.com/25/player/59139/pernille-harder,,,,,,UWCL Dreamchasers
265239,335,336,Katie McCabe,92,90,80,87,86,92,92,91,90,85,82,81,76,75,80,80,92,80,90,84,83,84,95,88,88,86,90,92,84,98,90,90,96,96,88,98,LB,4,4,Left,"164cm / 5'5""",55kg / 121lb,"LM, LW",29,Republic of Ireland,Barclays WSL,Arsenal,"Whipped Pass+, Slide Tackle+, Finesse Shot, Long Ball Pass, Tiki Taka, Bruiser, Rapid, Press Proven, Long Throw, Low Driven Shot",https://www.futbin.com/25/player/59140/katie-mccabe,,,,,,UWCL Dreamchasers
245879,336,337,Caroline Weir,92,88,90,90,92,84,85,88,88,91,90,93,94,77,67,92,80,91,95,88,90,92,91,94,90,93,93,88,70,86,86,73,88,95,81,80,CAM,5,4,Left,"173cm / 5'8""",62kg / 137lb,CM,29,Scotland,Liga F,Real Madrid,"Incisive Pass+, Pinged Pass+, Chip Shot, Power Shot, Tiki Taka, Technical, First Touch, Trickster, Relentless, Trivela",https://www.futbin.com/25/player/59141/caroline-weir,,,,,,UWCL Dreamchasers
266801,337,338,Harry Kewell,92,92,93,92,93,60,88,93,92,95,93,95,95,92,84,95,95,82,91,91,94,95,91,91,91,91,90,52,78,57,62,60,94,96,87,81,LW,4,4,Left,180cm / 5'10',74kg / 163lb,"LM, CAM",46,Australia,Premier League,HERO,"Power Shot+, Trivela+, Finesse Shot, Chip Shot, Whipped Pass, Rapid, First Touch, Press Proven, Relentless",https://www.futbin.com/25/player/59146/harry-kewell,,,,,,Dreamchasers Hero
16619,338,339,Iván Córdoba,92,88,65,75,76,92,90,90,87,64,57,84,56,78,80,78,75,45,81,80,44,70,90,93,87,75,85,93,94,90,92,90,96,92,87,91,CB,3,3,Right,173cm / 5'8',70kg / 154lb,,48,Colombia,Serie A TIM,HERO,"Aerial+, Intercept+, Power Header, Jockey, Block, Anticipate, Slide Tackle, Bruiser, Relentless",https://www.futbin.com/25/player/59147/ivan-cordoba,,,,,,Dreamchasers Hero
208618,339,340,Lucas Vázquez Iglesias,92,92,86,91,92,88,85,93,92,93,85,93,88,67,65,90,94,81,93,86,94,93,92,93,92,91,90,90,70,90,90,88,88,94,80,86,RB,4,4,Right,"173cm / 5'8""",70kg / 154lb,"RM, RW",33,Spain,LALIGA EA SPORTS,Real Madrid,"Technical+, Incisive Pass+, Pinged Pass, Long Ball Pass, Whipped Pass, Block, Intercept, Anticipate, Rapid, Quick Step",https://www.futbin.com/25/player/59151/lucas-vazquez-iglesias,,,,,,UCL Live
241651,340,341,Viktor Gyökeres,92,95,91,80,89,45,96,93,97,91,94,93,86,81,89,92,73,70,87,62,84,88,87,87,92,90,90,36,97,43,43,22,99,98,96,92,ST,5,4,Right,"187cm / 6'2""",90kg / 198lb,LW,26,Sweden,Liga Portugal,Sporting CP,"Press Proven+, Low Driven Shot+, Finesse Shot, Chip Shot, Power Shot, Power Header, Rapid, Quick Step, Aerial",https://www.futbin.com/25/player/59153/viktor-gyokeres,,,,,,Player Moments SBC
273812,341,342,Steve McManaman,92,95,84,90,93,51,86,93,96,94,82,85,84,88,81,93,91,78,92,87,89,95,90,90,91,92,90,44,73,42,57,47,81,96,86,76,RM,4,5,Right,183cm / 6'0',72kg / 159lb,"LM, CAM, RW",53,England,Premier League,HERO,"Technical+, Rapid+, Chip Shot, Whipped Pass, First Touch, Press Proven, Quick Step, Relentless, Trivela",https://www.futbin.com/25/player/59154/steve-mcmanaman,,,,,,Dreamchasers Hero
245037,342,343,Eric García Martret,92,88,56,89,88,92,91,87,88,54,54,65,56,40,56,92,76,46,97,96,86,88,87,88,90,89,90,92,86,92,93,90,93,89,91,93,CB,5,4,Right,"182cm / 6'0""",76kg / 168lb,"RB, CDM",24,Spain,LALIGA EA SPORTS,FC Barcelona,"Pinged Pass+, Intercept+, Long Ball Pass, Tiki Taka, Jockey, Anticipate, Slide Tackle, Relentless",https://www.futbin.com/25/player/59155/eric-garcia-martret,,,,,,UCL Live
200389,343,344,Jan Oblak,92,53,21,38,92,20,90,46,59,11,11,59,12,13,11,67,13,14,43,40,13,12,64,48,85,30,68,24,15,27,14,18,72,42,78,36,GK,4,2,Right,"188cm / 6'2""",87kg / 192lb,,32,Slovenia,LALIGA EA SPORTS,Atlético de Madrid,"Far Reach+, Deflector+, Incisive Pass, Pinged Pass, Long Ball Pass, Far Throw, Cross Claimer",https://www.futbin.com/25/player/59158/jan-oblak,,,,,,Player Moments SBC
212218,344,345,Aymeric Laporte,92,89,59,90,84,92,93,88,90,64,53,80,56,48,52,89,72,85,98,98,88,79,77,77,92,92,94,92,89,90,94,92,96,88,98,85,CB,5,4,Left,"189cm / 6'2""",85kg / 187lb,,30,Spain,ROSHN Saudi League,Al Nassr,"Long Ball Pass+, Aerial+, Power Header, Pinged Pass, Jockey, Block, Intercept, Slide Tackle",https://www.futbin.com/25/player/59293/aymeric-laporte,,,,,,ShowDown SBC
121939,345,346,Philipp Lahm,92,90,80,88,90,92,80,91,90,85,75,80,92,73,87,90,93,62,89,88,88,90,90,93,91,90,94,95,71,96,92,97,86,94,73,80,RB,5,4,Right,"170cm / 5'7""",65kg / 143lb,"LB, CDM",,Germany,Icons,EA FC ICONS,"Long Ball Pass+, Anticipate+, Pinged Pass, Whipped Pass, Block, Intercept, Slide Tackle, First Touch, Press Proven",https://www.futbin.com/25/player/59295/philipp-lahm,,,,,,Dreamchasers Icon
252371,346,347,Jude Bellingham,92,84,89,86,90,82,85,84,84,91,90,89,90,80,75,93,68,70,92,92,76,91,86,83,93,91,91,86,79,81,83,81,85,94,80,88,CAM,4,4,Right,"186cm / 6'1""",75kg / 165lb,CM,21,England,LALIGA EA SPORTS,Real Madrid,"Pinged Pass+, Relentless+, Intercept, Slide Tackle, Technical, Flair, Trivela",https://www.futbin.com/25/player/59296/jude-bellingham,,,,,,SIF
267530,347,348,Esmee Brugts,92,93,88,91,91,81,83,94,93,93,93,85,85,75,71,95,97,64,95,81,83,91,96,92,89,89,89,81,84,81,81,82,89,91,86,66,LW,4,5,Left,"172cm / 5'8""",63kg / 139lb,"LB, LM, ST",21,Netherlands,Liga F,FC Barcelona,"Pinged Pass+, Quick Step+, Finesse Shot, Incisive Pass, Long Ball Pass, Whipped Pass, Jockey, Intercept, Anticipate, Technical, Rapid",https://www.futbin.com/25/player/59297/esmee-brugts,,,,,,UWCL RTTF
186153,348,349,Wojciech Szczesny,92,56,22,41,92,16,90,58,54,14,12,56,14,14,18,48,12,14,51,66,16,11,55,51,80,22,65,15,16,20,13,12,69,45,65,40,GK,4,1,Right,"195cm / 6'5""",90kg / 198lb,,35,Poland,LALIGA EA SPORTS,FC Barcelona,"FootWork+, Cross Claimer+, Far Throw, Rush Out, Far Reach",https://www.futbin.com/25/player/59326/szczesny,,,,,,Flashback SBC
275092,349,350,Sonia Bompastor,92,93,86,91,92,91,85,94,92,86,83,94,88,73,85,89,92,93,93,86,90,92,90,88,93,92,92,92,77,91,95,90,85,94,77,92,LB,4,4,Left,163cm / 5'4',52kg / 115lb,LM,44,France,D1 Arkema,HERO,"Quick Step+, Whipped Pass+, Anticipate+, Dead Ball, Incisive Pass, Jockey, Intercept, Press Proven, Relentless",https://www.futbin.com/25/player/59328/sonia-bompastor,,,,,,FUT Immortals Hero
1625,350,351,Thierry Henry,92,94,92,92,91,58,88,94,94,94,95,88,88,91,86,90,88,95,96,85,96,92,88,85,93,93,88,60,88,51,57,52,81,94,92,74,ST,4,4,Right,"188cm / 6'2""",83kg / 183lb,LW,,France,Icons,EA FC ICONS,"Rapid+, Low Driven Shot+, Finesse Shot, Chip Shot, Power Shot, Technical, Flair, First Touch, Trickster, Quick Step, Trivela",https://www.futbin.com/25/player/59346/thierry-henry,,,,,,FUT Immortals Icon
189596,351,352,Thomas Müller,92,91,89,91,89,61,79,92,91,99,91,87,86,91,76,95,93,65,92,89,89,86,88,87,96,91,98,63,88,52,62,51,86,86,76,75,CAM,5,4,Right,"185cm / 6'1""",76kg / 168lb,ST,35,Germany,Bundesliga,FC Bayern München,"Power Shot+, Low Driven Shot+, Finesse Shot, Incisive Pass, Pinged Pass, Tiki Taka, Technical, Rapid, Trivela",https://www.futbin.com/25/player/59347/thomas-muller,,,,,,ShowDown SBC
212194,352,353,Julian Brandt,92,91,89,91,92,61,88,92,91,91,89,91,91,91,61,94,89,84,93,92,86,92,91,91,92,94,92,67,75,59,53,64,86,98,91,66,CAM,4,5,Right,"185cm / 6'1""",83kg / 183lb,"RM, CM",28,Germany,Bundesliga,Borussia Dortmund,"Incisive Pass+, Tiki Taka+, Dead Ball, Pinged Pass, Technical, Flair, First Touch, Quick Step, Trivela",https://www.futbin.com/25/player/59348/julian-brandt,,,,,,ShowDown SBC
188350,353,354,Marco Reus,92,90,92,92,92,80,86,91,90,92,93,91,90,93,90,91,91,94,94,85,96,92,90,90,91,92,94,85,65,89,71,89,81,90,90,70,CAM,4,5,Right,"180cm / 5'11""",71kg / 157lb,"CM, ST",35,Germany,MLS,LA Galaxy,"Finesse Shot+, Incisive Pass+, Chip Shot, Power Shot, Pinged Pass, Technical, Flair, First Touch, Trickster, Trivela, Low Driven Shot",https://www.futbin.com/25/player/59431/reus,,,,,,Flashback SBC
238382,354,355,Alessandro Del Piero,92,91,92,92,93,43,70,92,91,94,95,86,91,87,94,97,92,94,92,86,93,95,87,86,90,95,93,41,76,38,42,36,61,85,66,65,CAM,5,4,Right,"174cm / 5'9""",74kg / 163lb,ST,,Italy,Icons,EA FC ICONS,"Finesse Shot+, First Touch+, Pinged Pass+, Dead Ball, Incisive Pass, Technical, Flair, Quick Step, Relentless, Low Driven Shot",https://www.futbin.com/25/player/59441/alessandro-del-piero,,,,,,FUT Immortals Icon
39386,355,356,DaMarcus Beasley,92,98,88,90,93,85,85,98,98,91,90,85,88,86,90,92,90,95,90,88,91,94,92,90,91,93,90,82,73,88,87,83,91,96,80,80,LM,4,4,Left,173cm / 5'8',66kg / 146lb,"LB, LW",42,United States,MLS,HERO,"Rapid+, First Touch+, Press Proven+, Incisive Pass, Whipped Pass, Intercept, Technical, Quick Step, Relentless, Long Throw",https://www.futbin.com/25/player/59446/damarcus-beasley,,,,,,FUT Immortals Hero
142754,356,357,Javier Mascherano,92,88,60,86,85,95,92,87,88,61,48,84,61,58,67,82,77,60,96,93,77,80,86,87,95,90,92,96,82,96,98,97,94,93,90,97,CB,4,4,Right,174cm / 5'8',73kg / 161lb,CDM,40,Argentina,LALIGA EA SPORTS,HERO,"Block+, Intercept+, Slide Tackle+, Incisive Pass, Pinged Pass, Long Ball Pass, Jockey, Anticipate, Bruiser",https://www.futbin.com/25/player/59447/javier-mascherano,,,,,,FUT Immortals Hero
238439,357,358,Paolo Maldini,92,93,60,87,88,92,85,93,93,43,61,78,44,69,58,88,87,36,94,91,80,86,87,87,97,88,97,92,90,91,93,92,84,87,86,80,LB,4,4,Right,"186cm / 6'1""",83kg / 183lb,CB,,Italy,Icons,EA FC ICONS,"Intercept+, Quick Step+, Pinged Pass, Whipped Pass, Jockey, Anticipate, Slide Tackle, Technical, Rapid, Aerial",https://www.futbin.com/25/player/59450/paolo-maldini,,,,,,FUT Immortals Icon
166691,358,359,Arthur Antunes Coimbra,92,90,93,92,92,63,73,88,91,90,93,93,94,91,89,94,87,98,94,88,95,93,90,86,90,94,90,62,74,57,67,61,79,87,76,46,CAM,5,5,Right,"172cm / 5'8""",71kg / 157lb,CM,,Brazil,Icons,EA FC ICONS,"Pinged Pass+, Technical+, Finesse Shot, Dead Ball, Incisive Pass, Tiki Taka, Flair, Trickster, Trivela",https://www.futbin.com/25/player/59451/arthur-antunes-coimbra,,,,,,FUT Immortals Icon S
229158,359,360,Branco van den Boomen,92,86,90,94,87,92,88,87,85,89,86,95,93,88,98,91,96,92,93,96,91,87,85,80,85,90,89,88,89,92,94,93,83,83,89,92,CM,5,4,Right,185cm / 6'0',75kg / 165lb,CDM,29,Netherlands,Eredivisie,Ajax,"Press Proven+, Long Ball Pass+, Power Shot, Dead Ball, Incisive Pass, Whipped Pass, Intercept, Anticipate, Bruiser",https://www.futbin.com/25/player/59455/branco-van-den-boomen,,,,,,FC Pro Leagues Live
199550,360,361,Bruno Martins Indi,92,86,62,84,82,92,93,84,88,62,56,83,59,48,56,72,82,72,93,90,75,82,80,82,90,86,93,92,90,93,92,91,90,86,97,92,CB,5,3,Left,185cm / 6'0',76kg / 168lb,,33,Netherlands,Eredivisie,AZ,"Block+, Bruiser+, Power Header, Pinged Pass, Long Ball Pass, Jockey, Intercept, Slide Tackle",https://www.futbin.com/25/player/59456/bruno-martins-indi,,,,,,FC Pro Leagues Live
223790,361,362,Sheraldo Becker,92,97,89,85,92,52,87,95,98,90,90,92,85,88,82,82,87,72,88,85,82,92,92,92,91,91,89,66,95,32,48,49,96,89,89,75,ST,5,4,Right,180cm / 5'10',77kg / 170lb,RM,30,Suriname,LALIGA EA SPORTS,Real Sociedad,"Rapid+, Power Shot+, Chip Shot, Pinged Pass, Whipped Pass, First Touch, Press Proven, Acrobatic, Aerial",https://www.futbin.com/25/player/59460/sheraldo-becker,,,,,,FC Pro Leagues Live
190460,362,363,Christian Eriksen,92,90,90,93,91,88,85,90,90,90,85,96,94,92,86,93,92,93,93,94,95,90,88,90,90,93,90,88,82,90,88,83,84,90,84,80,CM,5,5,Right,"182cm / 6'0""",76kg / 168lb,"CDM, CAM",33,Denmark,Premier League,Manchester Utd,"Finesse Shot+, Incisive Pass+, Power Shot, Dead Ball, Long Ball Pass, Whipped Pass, Intercept, Technical, Flair, Press Proven",https://www.futbin.com/25/player/59466/christian-eriksen,,,,,,Flashback SBC
245956,363,364,Christiane Endler,92,53,24,34,94,13,93,61,46,10,15,63,17,8,13,69,15,11,31,35,17,94,39,42,83,22,45,15,13,15,11,12,60,35,46,21,GK,5,1,Left,"183cm / 6'0""",73kg / 161lb,,33,Chile,D1 Arkema,OL,"Deflector+, Rush Out+, Pinged Pass, Long Ball Pass, Far Throw, FootWork, Cross Claimer, Far Reach",https://www.futbin.com/25/player/59477/christiane-endler,,,,,,TOTS Moments
192318,364,365,Mario Götze,92,88,90,93,92,83,86,90,87,94,90,90,88,95,92,94,91,83,95,92,94,92,90,92,91,92,94,88,74,87,82,77,83,94,85,77,CAM,4,5,Right,"176cm / 5'9""",72kg / 159lb,"CM, ST",32,Germany,Bundesliga,Frankfurt,"Technical+, Incisive Pass+, Tiki Taka+, Finesse Shot, Pinged Pass, Long Ball Pass, Whipped Pass, Flair, First Touch, Acrobatic",https://www.futbin.com/25/player/59478/mario-gotze,,,,,,Objectives
226306,365,366,Celia Šašić,91,86,91,79,86,51,87,87,85,93,94,88,89,90,89,82,71,78,86,74,74,87,76,75,88,89,84,42,94,47,49,41,90,80,93,80,ST,4,4,Right,174cm / 5'8',61kg / 134lb,,36,Germany,GPFBL,HERO,"Aerial+, Finesse Shot, Power Header, Flair, Press Proven",https://www.futbin.com/25/player/19/celia-sasic,,,,,,Prime Hero
1179,366,367,Gianluigi Buffon,91,50,26,36,93,19,89,53,48,14,19,59,16,18,25,67,13,17,37,35,23,25,64,58,88,26,70,28,13,18,16,14,78,42,75,42,GK,2,1,Right,"192cm / 6'4""",82kg / 181lb,,,Italy,Icons,EA FC ICONS,Far Reach+,https://www.futbin.com/25/player/29/gianluigi-buffon,,,,,,Icon
231747,367,368,Kylian Mbappé,91,97,90,80,92,36,78,97,97,93,94,90,83,84,84,83,78,69,86,71,80,93,93,82,93,92,88,38,73,26,34,32,88,88,77,64,ST,4,5,Right,"182cm / 6'0""",75kg / 165lb,LW,26,France,LALIGA EA SPORTS,Real Madrid,"Quick Step+, Finesse Shot, Rapid, Flair, Trivela, Acrobatic",https://www.futbin.com/25/player/37/kylian-mbappe,,,,,,Normal
231866,368,369,Rodrigo Hernández Cascante,91,66,80,86,84,87,85,65,66,76,74,92,89,71,62,84,76,64,93,91,86,84,66,67,93,90,94,84,81,92,87,82,83,91,83,85,CDM,4,3,Right,"191cm / 6'3""",82kg / 181lb,CM,28,Spain,Premier League,Manchester City,"Tiki Taka+, Power Shot, Long Ball Pass, Bruiser, Press Proven, Aerial",https://www.futbin.com/25/player/41/rodrigo-hernandez-cascante,,,,,,Normal
239085,369,370,Erling Haaland,91,88,92,70,81,45,88,80,94,96,96,94,83,90,90,74,58,62,77,66,77,79,77,69,94,83,87,43,83,38,47,29,92,76,93,88,ST,3,3,Left,"195cm / 6'5""",94kg / 207lb,,24,Norway,Premier League,Manchester City,"Acrobatic+, Power Shot, Power Header, Bruiser, Press Proven",https://www.futbin.com/25/player/42/erling-haaland,,,,,,Normal
241667,370,371,Aitana Bonmatí Conca,91,81,86,86,91,77,75,82,80,91,91,79,89,70,70,90,74,77,91,90,78,92,93,86,91,91,85,88,54,75,81,67,75,82,75,64,CM,5,4,Right,"162cm / 5'4""",53kg / 117lb,CAM,27,Spain,Liga F,FC Barcelona,"Technical+, Finesse Shot, Incisive Pass, Pinged Pass, Tiki Taka, First Touch, Relentless",https://www.futbin.com/25/player/58/aitana-bonmati-conca,,,,,,Normal
1114,371,372,Roberto Baggio,91,84,82,90,91,38,60,86,82,86,86,72,82,83,84,93,85,88,92,88,92,93,80,81,87,94,84,36,73,36,33,32,64,74,60,39,CAM,4,5,Right,"174cm / 5'9""",73kg / 161lb,,,Italy,Icons,EA FC ICONS,"Technical+, Finesse Shot, Dead Ball, Long Ball Pass, Flair, First Touch",https://www.futbin.com/25/player/54352/roberto-baggio,,,,,,Icon
1625,372,373,Thierry Henry,91,93,90,82,89,51,78,93,93,92,93,87,86,89,84,80,78,85,86,74,92,89,88,76,90,92,85,51,84,44,49,43,69,86,81,62,ST,4,4,Right,"188cm / 6'2""",83kg / 183lb,LW,,France,Icons,EA FC ICONS,"Rapid+, Finesse Shot, Flair, First Touch, Quick Step, Trivela",https://www.futbin.com/25/player/54360/thierry-henry,,,,,,Icon
5003,373,374,Marcos de Morais,91,90,56,83,85,88,83,91,90,71,44,65,64,60,71,82,91,61,87,71,75,86,75,79,89,87,87,90,78,88,90,84,80,92,83,74,RB,3,4,Right,"176cm / 5'9""",75kg / 165lb,,,Brazil,Icons,EA FC ICONS,"Relentless+, Jockey, Flair, Trivela",https://www.futbin.com/25/player/54366/marcos-de-morais,,,,,,Icon
166691,374,375,Arthur Antunes Coimbra,91,89,92,91,91,62,71,87,90,89,92,92,93,90,88,93,86,97,93,87,94,92,89,85,89,93,89,61,73,56,66,60,77,81,75,45,CAM,5,5,Right,"172cm / 5'8""",71kg / 157lb,CM,,Brazil,Icons,EA FC ICONS,"Dead Ball+, Incisive Pass, Tiki Taka, Technical, Flair, Trivela",https://www.futbin.com/25/player/54431/arthur-antunes-coimbra,,,,,,Icon
166906,375,376,Franco Baresi,91,73,48,75,70,94,83,69,77,39,44,53,48,49,62,70,63,44,87,85,57,55,73,75,93,86,84,94,89,94,94,94,86,86,79,86,CB,3,2,Right,"176cm / 5'9""",70kg / 154lb,,,Italy,Icons,EA FC ICONS,"Slide Tackle+, Long Ball Pass, Jockey, Intercept",https://www.futbin.com/25/player/54432/franco-baresi,,,,,,Icon
167135,376,377,Carlos Alberto Torres,91,89,64,80,84,88,85,90,88,81,56,82,58,45,81,86,84,34,89,64,65,83,82,71,88,87,82,89,84,87,89,88,83,88,86,78,RB,4,3,Right,"180cm / 5'11""",76kg / 168lb,CB,,Brazil,Icons,EA FC ICONS,"Anticipate+, Power Shot, Long Ball Pass, Jockey, Intercept, Relentless",https://www.futbin.com/25/player/54434/carlos-alberto-torres,,,,,,Icon
192181,377,378,Marco van Basten,91,84,92,74,87,37,73,82,85,94,95,92,87,96,88,75,72,76,78,64,76,86,84,73,93,91,90,45,88,24,31,30,83,76,80,50,ST,4,3,Right,"188cm / 6'2""",78kg / 172lb,,,Netherlands,Icons,EA FC ICONS,"Acrobatic+, Finesse Shot, Technical, First Touch, Trivela",https://www.futbin.com/25/player/54452/marco-van-basten,,,,,,Icon
227006,378,379,Homare Sawa,91,84,87,91,91,83,76,88,81,91,92,79,89,74,81,91,86,79,94,93,86,91,88,82,91,92,93,83,87,82,86,68,78,92,69,71,CM,4,4,Right,"165cm / 5'5""",54kg / 119lb,CAM,,Japan,Icons,EA FC ICONS,"Relentless+, Incisive Pass, Long Ball Pass, First Touch, Press Proven, Quick Step",https://www.futbin.com/25/player/54463/homare-sawa,,,,,,Icon
242519,379,380,Eusébio da Silva Ferreira,91,92,92,84,91,44,77,91,92,93,92,92,93,92,92,86,84,85,84,82,81,94,92,90,92,87,92,39,86,41,39,34,86,91,72,70,ST,5,4,Right,"175cm / 5'9""",76kg / 168lb,,,Portugal,Icons,EA FC ICONS,"Rapid+, Power Shot, Quick Step",https://www.futbin.com/25/player/54485/eusebio-da-silva-ferreira,,,,,,Icon
238794,380,381,Vinícius José de Oliveira Júnior,91,96,85,82,92,31,71,96,96,88,90,82,84,74,72,86,82,63,84,78,80,94,95,85,87,91,84,28,53,34,27,19,76,86,67,60,LW,4,5,Right,"176cm / 5'9""",73kg / 161lb,"LM, ST",24,Brazil,LALIGA EA SPORTS,Real Madrid,"Quick Step+, Finesse Shot, Chip Shot, Rapid, Flair, First Touch, Trivela",https://www.futbin.com/25/player/55390/vinicius-jose-de-oliveira-junior,,,,,,IF
235790,381,382,Kai Havertz,91,85,89,88,91,57,80,82,87,94,91,87,86,88,91,90,83,59,92,88,92,92,87,85,90,92,90,50,95,53,55,48,95,85,83,63,CAM,4,4,Left,"193cm / 6'4""",82kg / 181lb,"CM, ST",25,Germany,Premier League,Arsenal,"Chip Shot, Technical, First Touch, Trivela, Aerial",https://www.futbin.com/25/player/55468/kai-havertz,,,,,,Champions League
192985,382,383,Kevin De Bruyne,91,80,88,95,88,70,80,80,80,89,85,93,91,84,84,96,96,84,95,94,94,87,77,80,93,93,90,70,60,71,75,57,73,90,77,76,CM,5,4,Right,"181cm / 5'11""",75kg / 165lb,CAM,33,Belgium,Premier League,Manchester City,"Incisive Pass+, Dead Ball, Pinged Pass, Long Ball Pass, Whipped Pass, Trivela",https://www.futbin.com/25/player/55521/kevin-de-bruyne,,,,,,Total Rush
227102,383,384,Caroline Graham Hansen,91,90,88,89,91,49,78,91,89,88,87,89,90,84,80,90,91,78,90,85,93,94,95,76,84,91,85,36,74,47,52,48,86,89,76,68,RW,5,5,Right,"175cm / 5'9""",59kg / 130lb,RM,30,Norway,Liga F,FC Barcelona,"Trickster+, Finesse Shot, Technical, Flair, First Touch, Quick Step, Trivela",https://www.futbin.com/25/player/55549/caroline-graham-hansen,,,,,,IF
227203,384,385,Alexia Putellas Segura,91,83,90,91,92,74,80,82,83,92,92,87,90,91,90,92,90,90,92,91,90,91,91,90,91,93,93,80,76,62,83,66,86,87,80,72,CM,5,5,Left,"173cm / 5'8""",69kg / 152lb,CAM,31,Spain,Liga F,FC Barcelona,"First Touch+, Finesse Shot, Incisive Pass, Pinged Pass, Tiki Taka, Technical, Flair",https://www.futbin.com/25/player/55611/alexia-putellas-segura,,,,,,Total Rush
202126,385,386,Harry Kane,91,70,94,85,84,50,84,69,71,95,96,95,90,90,94,87,81,70,87,89,83,83,67,74,95,88,93,43,93,47,47,39,89,77,88,82,ST,4,3,Right,"188cm / 6'2""",86kg / 190lb,,31,England,Bundesliga,FC Bayern München,"Finesse Shot+, Power Header, Incisive Pass, Long Ball Pass, First Touch, Trivela",https://www.futbin.com/25/player/55636/harry-kane,,,,,,IF
227203,386,387,Alexia Putellas Segura,91,83,90,91,92,73,79,82,83,92,92,87,90,91,90,92,89,90,92,91,90,91,91,90,91,93,93,79,75,61,82,65,85,86,79,71,CM,5,5,Left,"173cm / 5'8""",69kg / 152lb,CAM,31,Spain,Liga F,FC Barcelona,"Tiki Taka+, Finesse Shot, Incisive Pass, Pinged Pass, Technical, Flair, First Touch",https://www.futbin.com/25/player/55778/alexia-putellas-segura,,,,,,Liga F POTM SBC
231478,387,388,Lautaro Martínez,91,85,91,78,90,56,87,87,84,94,95,90,83,94,76,82,71,68,82,76,83,87,92,94,94,91,90,50,88,57,53,46,95,85,87,89,ST,4,4,Right,"174cm / 5'9""",72kg / 159lb,,27,Argentina,Serie A TIM,Lombardia FC,"Finesse Shot+, Power Shot, Technical, Press Proven, Relentless",https://www.futbin.com/25/player/55829/lautaro-martinez,,,,,,FUT Centurions
250,388,389,David Beckham,91,85,88,94,88,72,83,83,87,90,86,88,95,83,90,94,97,96,92,95,97,87,80,84,93,91,94,74,77,71,73,67,84,93,78,81,RM,4,4,Right,"182cm / 6'0""",74kg / 163lb,"CM, RW",,England,Icons,EA FC ICONS,"Incisive Pass+, Finesse Shot, Chip Shot, Dead Ball, Long Ball Pass, Whipped Pass, Relentless",https://www.futbin.com/25/player/55853/david-beckham,,,,,,Squad Found. C.L.
71608,389,390,Julie Foudy,91,82,86,91,88,80,83,81,83,90,87,85,88,70,89,95,83,81,95,95,83,88,87,87,90,90,87,80,78,80,83,76,80,93,80,81,CM,4,4,Right,"168cm / 5'6""",59kg / 130lb,CDM,,United States,Icons,EA FC ICONS,"Long Ball Pass+, Incisive Pass, Intercept, Technical, Press Proven, Relentless",https://www.futbin.com/25/player/55854/julie-foudy,,,,,,Squad Found. C.L.
156616,390,391,Franck Ribéry,91,91,88,88,92,42,70,92,90,86,88,84,91,90,83,91,82,87,91,84,84,92,91,90,87,93,87,41,52,43,40,35,54,84,67,66,LM,5,5,Right,"170cm / 5'7""",72kg / 159lb,LW,,France,Icons,EA FC ICONS,"Technical+, Dead Ball, Incisive Pass, Flair, Quick Step, Trivela",https://www.futbin.com/25/player/55855/franck-ribery,,,,,,Squad Found. C.L.
252371,391,392,Jude Bellingham,91,82,88,84,89,80,84,83,82,92,91,86,87,78,75,91,67,69,90,90,74,90,83,80,92,90,88,84,77,79,81,79,85,94,78,86,CAM,4,4,Right,"186cm / 6'1""",75kg / 165lb,CM,21,England,LALIGA EA SPORTS,Real Madrid,"Relentless+, Intercept, Slide Tackle, Technical, Flair",https://www.futbin.com/25/player/55872/jude-bellingham,,,,,,IF
266690,392,393,Lucimar da Silva Ferreira,91,84,74,76,79,93,91,83,85,71,67,88,76,72,75,65,69,83,85,79,64,76,75,70,88,83,84,92,94,93,93,91,88,90,93,90,CB,3,3,Right,188cm / 6'2',84kg / 185lb,,46,Brazil,Serie A TIM,HERO,"Aerial+, Power Header, Block, Slide Tackle, Acrobatic",https://www.futbin.com/25/player/55920/lucimar-da-silva-ferreira,,,,,,Track Stars Hero
243812,393,394,Rodrygo Silva de Goes,91,94,88,88,93,36,73,95,93,91,93,83,84,73,89,92,88,81,89,81,89,94,92,89,89,92,90,24,78,28,39,35,88,92,67,62,RW,4,5,Right,"174cm / 5'9""",64kg / 141lb,"RM, ST",24,Brazil,LALIGA EA SPORTS,Real Madrid,"Technical+, Finesse Shot, Dead Ball, Flair",https://www.futbin.com/25/player/56020/rodrygo-silva-de-goes,,,,,,Mode Mastery
237678,394,395,Ibrahima Konaté,91,84,42,68,77,90,91,78,88,46,36,55,39,36,51,67,44,32,86,80,42,76,69,62,87,82,85,88,88,89,92,88,90,78,97,90,CB,3,3,Right,"194cm / 6'4""",95kg / 209lb,,25,France,Premier League,Liverpool,"Anticipate+, Pinged Pass, Jockey, Block, Intercept, Bruiser, Aerial",https://www.futbin.com/25/player/56033/ibrahima-konate,,,,,,Winter Champions
227323,395,396,Guro Reiten,91,91,86,89,89,64,69,92,91,92,88,87,88,66,74,91,96,83,88,85,79,87,95,92,91,88,91,69,54,64,64,61,72,94,60,61,LM,4,4,Left,"167cm / 5'6""",60kg / 132lb,"CAM, LW",30,Norway,Barclays WSL,Chelsea,"Finesse Shot+, Dead Ball, Incisive Pass, Whipped Pass, Technical, Rapid, Flair, Quick Step, Relentless",https://www.futbin.com/25/player/56088/guro-reiten,,,,,,Thunderstruck
268513,396,397,Jair Ventura Filho,91,93,91,87,92,51,76,95,92,91,94,93,87,88,81,92,85,79,88,81,84,95,92,87,90,90,93,49,89,45,47,45,86,85,83,46,RW,4,5,Right,"173cm / 5'8""",74kg / 163lb,"RM, ST",,Brazil,Icons,EA FC ICONS,"Rapid+, Power Shot, Flair, First Touch, Trickster, Quick Step, Trivela, Acrobatic",https://www.futbin.com/25/player/56108/jair-ventura-filho,,,,,,Thunderstruck Icon
227263,397,398,Kelly Smith,91,90,92,86,91,48,81,90,90,93,94,89,95,88,83,89,85,93,89,73,92,92,84,85,92,92,91,38,89,37,53,49,83,88,86,61,ST,5,4,Left,"168cm / 5'6""",59kg / 130lb,,,England,Icons,EA FC ICONS,"Finesse Shot+, Dead Ball, Power Header, Rapid, First Touch, Trickster, Aerial",https://www.futbin.com/25/player/56109/kelly-smith,,,,,,Thunderstruck Icon
238794,398,399,Vinícius José de Oliveira Júnior,91,96,85,82,92,31,71,96,96,88,90,82,84,74,72,86,82,63,84,78,80,94,95,85,87,91,84,28,53,34,27,19,76,86,67,60,LW,4,5,Right,"176cm / 5'9""",73kg / 161lb,"LM, ST",24,Brazil,LALIGA EA SPORTS,Real Madrid,"Rapid+, Finesse Shot, Chip Shot, Flair, First Touch, Quick Step, Trivela",https://www.futbin.com/25/player/56118/vinicius-jose-de-oliveira-junior,,,,,,LaLiga POTM SBC
239053,399,400,Federico Valverde,91,91,86,89,89,84,87,88,94,89,82,95,91,78,62,91,86,73,92,93,83,87,83,83,93,93,89,87,67,84,89,84,86,95,85,84,CM,4,4,Right,"182cm / 6'0""",78kg / 172lb,"CDM, RM",26,Uruguay,LALIGA EA SPORTS,Real Madrid,"Power Shot+, Incisive Pass, Pinged Pass, Long Ball Pass, Rapid, First Touch, Relentless, Trivela, Acrobatic",https://www.futbin.com/25/player/56121/federico-valverde,,,,,,Thunderstruck
54050,400,401,Wayne Rooney,91,91,92,85,89,57,90,92,91,92,91,94,91,92,87,83,81,86,88,87,88,87,85,85,93,92,88,46,93,55,59,46,88,92,88,91,ST,4,4,Right,"176cm / 5'9""",82kg / 181lb,CAM,,England,Icons,EA FC ICONS,"Power Shot+, Finesse Shot, Chip Shot, Long Ball Pass, Rapid, First Touch, Relentless, Trivela, Acrobatic",https://www.futbin.com/25/player/56130/wayne-rooney,,,,,,Thunderstruck Icon
238382,401,402,Alessandro Del Piero,91,86,91,88,92,42,68,87,86,93,94,85,90,86,93,93,88,90,88,80,90,94,83,80,88,94,92,40,75,37,41,35,60,83,65,60,CAM,5,4,Right,"174cm / 5'9""",74kg / 163lb,ST,,Italy,Icons,EA FC ICONS,"Finesse Shot+, Dead Ball, Pinged Pass, Technical, Flair",https://www.futbin.com/25/player/56202/alessandro-del-piero,,,,,,Ult Succession Icon
209331,402,403,Mohamed Salah,91,91,89,85,91,52,78,91,91,94,92,84,86,85,83,88,83,72,89,80,87,91,92,94,96,90,91,64,67,44,50,47,82,90,77,66,ST,4,4,Left,175cm / 5'8',72kg / 159lb,"RM, RW",32,Egypt,Premier League,Liverpool,"Finesse Shot+, Chip Shot, Rapid, Trickster, Trivela",https://www.futbin.com/25/player/56280/mohamed-salah,,,,,,Globetrotters
228702,403,404,Frenkie de Jong,91,88,76,89,91,85,90,86,89,85,79,75,73,77,59,91,81,66,94,92,87,91,91,83,92,93,94,90,80,84,83,85,95,98,86,88,CDM,4,4,Right,181cm / 5'11',74kg / 163lb,CM,27,Netherlands,LALIGA EA SPORTS,FC Barcelona,"Slide Tackle+, Bruiser+, Incisive Pass, Long Ball Pass, Tiki Taka, Intercept, Anticipate, Press Proven",https://www.futbin.com/25/player/56348/frenkie-de-jong,,,,,,Winter Wildcards
10535,404,405,Xavier Hernández Creus,91,85,82,93,91,75,75,87,84,93,80,85,86,71,81,96,88,85,95,94,84,88,90,93,94,95,96,91,52,75,73,67,65,96,71,60,CM,4,4,Right,170cm / 5'6',67kg / 148lb,,,Spain,Icons,EA FC ICONS,"Incisive Pass+, Tiki Taka+, Pinged Pass, Long Ball Pass, Flair, Press Proven, Trivela",https://www.futbin.com/25/player/56349/xavier-hernandez-creus,,,,,,Winter Wildcard ICON
228702,405,406,Frenkie de Jong,91,88,80,99,91,83,85,86,89,89,83,80,77,81,61,99,99,99,99,99,99,91,91,83,92,93,94,88,78,82,82,83,88,97,81,81,CM,4,4,Right,181cm / 5'11',74kg / 163lb,CDM,27,Netherlands,LALIGA EA SPORTS,FC Barcelona,"Incisive Pass+, Tiki Taka+, Finesse Shot, Pinged Pass, Long Ball Pass, Intercept, Technical, Press Proven, Trivela",https://www.futbin.com/25/player/56350/frenkie-de-jong,,,,,,Winter Wildcards
183277,406,407,Eden Hazard,91,94,87,87,94,42,72,96,92,90,89,86,85,82,92,89,82,83,89,86,87,96,95,94,90,93,92,53,68,36,35,28,68,87,72,53,LM,4,5,Right,175cm / 5'8',74kg / 163lb,LW,34,Belgium,Premier League,HERO,"Technical+, Trickster+, Finesse Shot, Tiki Taka, First Touch, Quick Step",https://www.futbin.com/25/player/56380/eden-hazard,,,,,,Winter Wildcard Hero
190871,407,408,Neymar da Silva Santos Jr.,91,88,86,90,99,41,66,89,87,88,87,84,82,91,93,91,87,93,91,86,92,99,99,99,99,99,99,41,70,39,36,32,78,81,57,68,CAM,5,5,Right,175cm / 5'8',68kg / 150lb,"RM, RW, LW",33,Brazil,ROSHN Saudi League,Al Hilal,"Trickster+, Incisive Pass+, Finesse Shot, Technical, Flair, First Touch, Trivela",https://www.futbin.com/25/player/56417/neymar-da-silva-santos-jr,,,,,,Winter Wildcards
190871,408,409,Neymar da Silva Santos Jr.,91,91,90,88,95,41,70,92,90,91,91,90,84,95,96,90,86,90,88,84,89,97,93,88,83,96,95,41,70,39,36,32,82,83,62,70,ST,5,5,Right,175cm / 5'8',68kg / 150lb,"LM, CAM, LW",33,Brazil,ROSHN Saudi League,Al Hilal,"Finesse Shot+, First Touch+, Incisive Pass, Technical, Flair, Trickster, Trivela",https://www.futbin.com/25/player/56418/neymar-da-silva-santos-jr,,,,,,Winter Wildcards
256630,409,410,Florian Wirtz,91,86,83,91,92,80,84,86,86,87,83,85,85,84,70,94,87,72,94,92,85,93,90,90,91,93,88,77,68,83,84,80,75,95,85,71,CM,5,4,Right,177cm / 5'9',71kg / 157lb,"LM, CAM",21,Germany,Bundesliga,Leverkusen,"Long Ball Pass+, Intercept+, Finesse Shot, Chip Shot, Incisive Pass, Technical, First Touch, Press Proven, Trivela",https://www.futbin.com/25/player/56419/florian-wirtz,,,,,,Winter Wildcards
256630,410,411,Florian Wirtz,91,87,84,90,92,54,73,87,87,89,85,84,84,85,70,94,87,72,94,90,85,93,90,90,91,93,88,48,46,63,53,48,70,92,65,69,CAM,4,5,Right,177cm / 5'9',71kg / 157lb,LM,21,Germany,Bundesliga,Leverkusen,"Technical+, Incisive Pass+, Finesse Shot, Chip Shot, Flair, First Touch, Trivela",https://www.futbin.com/25/player/56420/florian-wirtz,,,,,,Winter Wildcards
1179,411,412,Gianluigi Buffon,91,84,91,85,87,89,86,81,86,90,90,94,89,86,93,90,82,70,88,85,74,87,87,88,88,87,85,91,91,87,90,81,89,80,91,82,CM,4,4,Right,"192cm / 6'4""",82kg / 181lb,"CDM, CAM",,Italy,Icons,EA FC ICONS,"Power Shot+, Finesse Shot, Chip Shot, Power Header, Acrobatic, Long Throw",https://www.futbin.com/25/player/56435/gianluigi-buffon,,,,,,Winter Wildcard ICON
264012,412,413,Sophia Wilson,91,95,89,80,92,46,87,94,95,92,92,89,85,87,81,75,74,73,89,76,75,92,88,89,92,94,83,44,81,42,43,40,95,96,88,72,ST,5,4,Right,164cm / 5'4',58kg / 128lb,RW,24,United States,NWSL,Portland Timbers-Thorns,"Power Shot+, First Touch+, Finesse Shot, Technical, Rapid, Flair, Trickster, Quick Step",https://www.futbin.com/25/player/56455/sophia-wilson,,,,,,Winter Wildcards
264012,413,414,Sophia Wilson,91,96,87,86,91,46,86,96,96,90,90,87,83,85,79,81,80,78,96,82,81,91,87,88,91,93,82,44,81,42,43,40,94,95,87,71,RW,5,4,Right,164cm / 5'4',58kg / 128lb,"RM, ST",24,United States,NWSL,Portland Timbers-Thorns,"Rapid+, First Touch+, Finesse Shot, Power Shot, Technical, Flair, Trickster, Quick Step",https://www.futbin.com/25/player/56456/sophia-wilson,,,,,,Winter Wildcards
248243,414,415,Eduardo Camavinga,91,86,81,88,91,84,90,87,86,83,82,81,82,81,70,91,83,70,92,88,80,90,90,90,89,92,89,88,70,82,88,87,89,93,90,85,CDM,4,5,Left,"182cm / 6'0""",68kg / 150lb,"LB, CM",22,France,LALIGA EA SPORTS,Real Madrid,"Intercept+, Jockey, Block, Bruiser, Technical, Flair, Press Proven, Relentless",https://www.futbin.com/25/player/56559/eduardo-camavinga,,,,,,NumeroFUT
212831,415,416,Alisson Ramses Becker,91,56,24,48,91,17,92,62,51,13,13,64,14,20,23,66,17,18,60,58,19,27,40,37,87,42,66,11,29,15,19,16,82,32,78,27,GK,4,2,Right,"193cm / 6'4""",91kg / 201lb,,32,Brazil,Premier League,Liverpool,"Deflector+, Pinged Pass, Far Throw, FootWork, Rush Out",https://www.futbin.com/25/player/56697/alisson-ramses-becker,,,,,,NumeroFUT
240130,416,417,Éder Gabriel Militão,91,88,60,85,87,91,89,86,90,77,58,74,50,41,72,80,84,49,92,90,74,88,86,86,92,86,90,91,91,90,91,90,96,90,87,91,LB,4,2,Right,"186cm / 6'1""",78kg / 172lb,CB,27,Brazil,LALIGA EA SPORTS,Real Madrid,"Jockey+, Power Header, Long Ball Pass, Block, Intercept, Anticipate, Bruiser, Aerial",https://www.futbin.com/25/player/56698/eder-gabriel-militao,,,,,,NumeroFUT
251566,417,418,Gabriel Teodoro Martinelli Silva,91,95,86,85,93,63,82,97,94,90,90,84,80,87,71,87,88,74,86,78,80,93,95,91,91,92,89,57,85,61,61,61,90,90,75,86,LM,4,5,Right,"178cm / 5'10""",75kg / 165lb,"RW, LW",23,Brazil,Premier League,Arsenal,"Technical+, Finesse Shot, Incisive Pass, Whipped Pass, Flair, First Touch, Quick Step, Trivela",https://www.futbin.com/25/player/56715/gabriel-teodoro-martinelli-silva,,,,,,NumeroFUT
188377,418,419,Kyle Walker,91,93,71,83,85,90,91,90,95,75,59,93,77,68,70,75,82,77,88,87,83,86,80,80,90,86,83,89,82,85,97,95,93,90,91,94,RB,4,3,Right,"183cm / 6'0""",83kg / 183lb,,34,England,Premier League,Manchester City,"Quick Step+, Pinged Pass, Jockey, Anticipate, Slide Tackle, Bruiser, Rapid, Long Throw",https://www.futbin.com/25/player/56716/kyle-walker,,,,,,NumeroFUT
167680,419,420,Ronald Koeman,91,82,88,88,84,90,91,83,82,80,82,97,93,83,96,83,82,97,88,97,95,80,80,80,92,88,90,93,85,88,91,90,90,91,92,91,CB,4,4,Right,"181cm / 5'11""",82kg / 181lb,CDM,,Netherlands,Icons,EA FC ICONS,"Dead Ball+, Bruiser+, Power Shot, Long Ball Pass, Jockey, Intercept, Anticipate, Slide Tackle",https://www.futbin.com/25/player/56761/ronald-koeman,,,,,,TOTY Icon
207865,420,421,Marcos Aoás Corrêa,91,84,64,82,78,93,88,83,85,80,67,74,51,45,59,86,73,37,90,90,73,73,79,79,91,82,91,93,93,94,93,94,93,89,87,90,CB,3,3,Right,"183cm / 6'0""",75kg / 165lb,,30,Brazil,Ligue 1 Uber Eats,Paris SG,"Intercept+, Power Header, Pinged Pass, Jockey, Anticipate, Slide Tackle, Aerial",https://www.futbin.com/25/player/56779/marcos-aoas-correa,,,,,,TOTY Honourable Ment
1183,421,422,Fabio Cannavaro,91,88,50,74,75,94,91,91,85,40,43,64,55,47,58,63,70,43,85,81,73,70,88,86,91,73,86,95,90,94,94,93,96,85,93,92,CB,4,3,Right,"176cm / 5'9""",74kg / 163lb,,,Italy,Icons,EA FC ICONS,"Acrobatic+, Intercept+, Block, Anticipate, Slide Tackle, Press Proven, Relentless, Aerial",https://www.futbin.com/25/player/56796/fabio-cannavaro,,,,,,TOTY Icon
253149,422,423,Jeremie Frimpong,91,97,70,82,93,83,78,99,95,90,74,70,60,60,54,81,91,53,85,70,84,93,98,97,91,91,87,86,58,86,86,85,83,93,68,84,RM,4,4,Right,"172cm / 5'8""",65kg / 143lb,"RB, RW",24,Netherlands,Bundesliga,Leverkusen,"Jockey+, Whipped Pass, Rapid, Flair, Quick Step, Relentless",https://www.futbin.com/25/player/57103/jeremie-frimpong,,,,,,TOTY Honourable Ment
241651,423,424,Viktor Gyökeres,91,94,89,78,87,44,95,92,96,89,92,91,85,79,87,90,70,68,85,61,81,87,84,84,91,89,89,35,96,42,42,21,99,97,95,91,ST,5,4,Right,"187cm / 6'2""",90kg / 198lb,LW,26,Sweden,Liga Portugal,Sporting CP,"Power Shot+, Chip Shot, Power Header, Rapid, Press Proven, Quick Step, Aerial",https://www.futbin.com/25/player/57111/viktor-gyokeres,,,,,,TOTY Honourable Ment
216201,424,425,Iñaki Williams Arthuer,91,99,89,81,90,55,91,98,99,94,90,94,84,87,75,81,88,66,84,69,89,91,88,88,91,90,91,37,93,53,58,46,99,95,91,85,RM,4,4,Right,"186cm / 6'1""",80kg / 176lb,"LM, RW, ST",30,Ghana,LALIGA EA SPORTS,Athletic Club,"Rapid+, Finesse Shot, Chip Shot, Quick Step, Trivela, Long Throw",https://www.futbin.com/25/player/57142/inaki-williams-arthuer,,,,,,UEL Live
236772,425,426,Dominik Szoboszlai,91,89,91,94,93,71,89,85,93,91,88,96,89,97,91,93,94,96,93,94,97,94,91,91,93,94,92,69,73,71,73,65,95,97,87,81,CAM,4,4,Right,"186cm / 6'1""",74kg / 163lb,"CM, LW",24,Hungary,Premier League,Liverpool,"Technical+, Incisive Pass+, Power Shot, Dead Ball, Long Ball Pass, Whipped Pass, Flair, First Touch, Trivela",https://www.futbin.com/25/player/57147/dominik-szoboszlai,,,,,,UCL Live
226764,426,427,George Best,91,92,91,84,93,57,70,93,91,88,93,88,90,87,88,85,88,75,84,79,82,94,92,90,89,94,91,62,84,51,52,49,79,87,67,54,RW,4,5,Right,"175cm / 5'9""",65kg / 143lb,"RM, CAM, LW",,Northern Ireland,Icons,EA FC ICONS,"Technical+, Incisive Pass+, Finesse Shot, Chip Shot, Pinged Pass, Flair, First Touch, Press Proven, Quick Step",https://www.futbin.com/25/player/57153/george-best,,,,,,Future Stars Icon SB
266032,427,428,Jamie Gittens,91,96,88,87,93,43,74,97,96,91,90,88,86,84,72,88,88,60,90,82,92,94,96,92,90,91,86,43,68,41,36,40,78,90,73,54,LM,4,5,Right,"179cm / 5'10""",77kg / 170lb,"ST, LW",20,England,Bundesliga,Borussia Dortmund,"Trickster+, Quick Step+, Whipped Pass, Technical, Rapid, Flair",https://www.futbin.com/25/player/57155/jamie-gittens,,,,,,Future Stars
260592,428,429,Benjamin Šeško,91,93,91,82,90,57,91,90,96,94,95,93,86,85,70,80,72,72,93,73,81,90,86,83,83,92,90,50,97,57,52,44,99,91,97,76,ST,4,4,Right,"195cm / 6'5""",85kg / 187lb,,21,Slovenia,Bundesliga,RB Leipzig,"Press Proven+, Aerial+, Finesse Shot, Power Shot, Technical, Flair, Acrobatic",https://www.futbin.com/25/player/57156/benjamin-sesko,,,,,,Future Stars
269087,429,430,Leny Yoro,91,87,54,80,78,91,88,85,88,54,50,67,50,47,54,85,64,43,91,87,54,72,75,75,86,85,87,91,88,90,92,90,95,85,90,84,CB,4,2,Right,"190cm / 6'3""",75kg / 165lb,,19,France,Premier League,Manchester Utd,"Block+, Aerial+, Pinged Pass, Long Ball Pass, Jockey, Anticipate, Bruiser",https://www.futbin.com/25/player/57157/leny-yoro,,,,,,Future Stars
190044,430,431,Bobby Moore,91,80,63,82,77,93,87,81,80,61,55,76,67,63,75,80,72,65,91,89,72,66,82,83,93,86,94,93,88,95,94,92,87,92,87,83,CB,4,2,Right,"178cm / 5'10""",72kg / 159lb,,,England,Icons,EA FC ICONS,"Jockey+, Anticipate+, Long Ball Pass, Block, Intercept, Slide Tackle, Bruiser, Press Proven",https://www.futbin.com/25/player/57177/bobby-moore,,,,,,Future Stars Icon
226369,431,432,Lotta Schelin,91,92,91,83,90,47,84,93,92,96,95,87,87,91,90,86,80,77,87,78,83,92,85,85,87,91,90,40,88,44,45,39,82,87,91,62,ST,4,5,Right,"179cm / 5'10""",65kg / 143lb,"LM, LW",,Sweden,Icons,EA FC ICONS,"Finesse Shot+, Rapid+, Chip Shot, Power Shot, Technical, First Touch, Press Proven, Quick Step",https://www.futbin.com/25/player/57178/lotta-schelin,,,,,,Future Stars Icon
7763,432,433,Andrea Pirlo,91,85,87,94,93,83,86,86,84,94,84,87,91,85,98,95,90,95,95,95,93,92,86,85,96,96,97,93,67,87,81,77,80,96,84,78,CM,4,5,Right,"177cm / 5'10""",67kg / 148lb,CDM,,Italy,Icons,EA FC ICONS,"Dead Ball+, Long Ball Pass+, Incisive Pass, Pinged Pass, Flair, First Touch, Press Proven, Quick Step",https://www.futbin.com/25/player/57435/andrea-pirlo,,,,,,Future Stars Icon SB
272834,433,434,João Pedro Gonçalves Neves,91,90,80,87,91,86,89,91,89,88,80,86,77,77,70,90,78,61,93,88,84,89,95,93,92,91,91,92,76,83,89,81,91,95,87,87,CM,4,4,Right,"174cm / 5'9""",66kg / 146lb,"LB, CDM",20,Portugal,Ligue 1 Uber Eats,Paris SG,"Press Proven+, Pinged Pass+, Power Shot, Incisive Pass, Tiki Taka, Technical, First Touch, Relentless",https://www.futbin.com/25/player/57437/joao-pedro-goncalves-neves,,,,,,Future Stars
273153,434,435,Linda Caicedo,91,96,85,91,91,52,70,95,96,87,88,85,87,62,61,86,93,71,97,92,71,92,97,80,81,91,81,67,55,41,57,41,75,96,60,60,LW,4,5,Right,"163cm / 5'4""",54kg / 119lb,"LM, CAM",20,Colombia,Liga F,Real Madrid,"Technical+, Quick Step+, Finesse Shot, Flair, Trickster, Trivela",https://www.futbin.com/25/player/57438/linda-caicedo,,,,,,Future Stars
5589,435,436,Luís Filipe Madeira Caeiro Figo,91,91,87,88,92,40,80,93,90,91,88,84,89,80,85,87,92,83,90,83,77,94,91,85,89,93,89,40,61,35,40,38,70,88,78,78,RW,4,5,Right,"180cm / 5'11""",75kg / 165lb,"RM, CAM",,Portugal,Icons,EA FC ICONS,"Technical+, Trickster+, Finesse Shot, Power Shot, Dead Ball, Whipped Pass, Rapid, Flair, Trivela",https://www.futbin.com/25/player/57439/luis-filipe-madeira-caeiro-figo,,,,,,Future Stars Icon
51,436,437,Alan Shearer,91,90,93,83,85,51,86,91,89,93,95,95,87,94,94,81,83,92,90,68,87,83,82,82,90,87,90,46,95,29,60,56,89,85,89,81,ST,5,4,Right,182cm / 5'11',78kg / 172lb,,,England,Icons,EA FC ICONS,"Finesse Shot+, Aerial+, Chip Shot, Power Shot, Power Header, First Touch, Press Proven, Trivela",https://www.futbin.com/25/player/57459/alan-shearer,,,,,,Future Stars Icon
121944,437,438,Bastian Schweinsteiger,91,83,86,91,88,85,86,81,84,85,81,93,91,87,80,91,86,87,93,94,90,86,84,85,94,91,91,88,80,84,85,83,85,93,83,87,CM,5,4,Right,"183cm / 6'0""",79kg / 174lb,"CDM, LM, CAM",,Germany,Icons,EA FC ICONS,"Incisive Pass+, Pinged Pass+, Finesse Shot, Power Shot, Long Ball Pass, Tiki Taka, Intercept, Technical, Press Proven, Relentless",https://www.futbin.com/25/player/57473/bastian-schweinsteiger,,,,,,FC Pro Icon SBC
256630,438,439,Florian Wirtz,91,86,83,91,92,54,72,86,86,88,84,83,84,85,69,95,88,73,95,91,86,93,90,90,91,93,88,48,46,63,53,48,69,93,63,68,CAM,5,4,Right,"177cm / 5'10""",71kg / 157lb,"LM, ST",21,Germany,Bundesliga,Leverkusen,"Incisive Pass+, First Touch+, Finesse Shot, Chip Shot, Technical, Flair, Trivela",https://www.futbin.com/25/player/57497/florian-wirtz,,,,,,Bundes POTM SBC
4833,439,440,Hristo Stoichkov,91,92,92,87,91,52,87,93,91,91,93,91,91,91,91,90,87,91,86,84,91,92,89,83,88,91,88,55,85,37,55,50,80,87,84,94,ST,4,5,Left,"178cm / 5'10""",73kg / 161lb,"RW, LW",,Bulgaria,Icons,EA FC ICONS,"Power Shot+, Technical+, Finesse Shot, Chip Shot, Dead Ball, Rapid, Flair",https://www.futbin.com/25/player/57500/hristo-stoichkov,,,,,,GrassrootGreatsIcon
253163,440,441,Ronald Araujo,91,88,60,75,72,91,91,85,91,63,63,77,40,43,49,70,68,53,87,78,55,63,72,70,95,80,86,91,91,90,91,91,97,82,94,95,CB,3,3,Right,"188cm / 6'2""",79kg / 174lb,RB,26,Uruguay,LALIGA EA SPORTS,FC Barcelona,"Block+, Anticipate+, Power Header, Incisive Pass, Jockey, Slide Tackle, Relentless, Acrobatic",https://www.futbin.com/25/player/57503/ronald-araujo,,,,,,Grassroot Greats
278219,441,442,Tabitha Chawinga,91,98,88,77,92,43,87,97,98,94,91,86,85,80,75,75,78,64,87,61,80,93,90,87,85,94,90,36,91,32,45,36,99,90,98,54,ST,4,4,Left,"172cm / 5'8""",68kg / 150lb,"LM, LW",28,Malawi,D1 Arkema,OL,"Technical+, Quick Step+, Finesse Shot, Incisive Pass, Rapid, Trivela",https://www.futbin.com/25/player/57505/tabitha-chawinga,,,,,,Grassroot Greats
247827,442,443,Michael Olise,91,91,88,92,93,63,70,93,90,90,90,88,87,80,80,94,92,86,93,92,92,93,97,95,90,92,92,65,43,62,69,63,71,85,58,82,RM,4,5,Left,"184cm / 6'0""",73kg / 161lb,"CAM, RW",23,France,Bundesliga,FC Bayern München,"Finesse Shot+, Trickster+, Dead Ball, Incisive Pass, Whipped Pass, Technical, Rapid, Flair, Trivela",https://www.futbin.com/25/player/57506/michael-olise,,,,,,Grassroot Greats
208830,443,444,Jamie Vardy,91,99,92,85,86,66,85,99,99,96,95,95,80,95,98,86,84,78,90,73,85,84,84,83,90,90,90,62,95,58,65,67,95,85,80,95,ST,5,4,Right,"179cm / 5'10""",74kg / 163lb,,38,England,Premier League,Leicester City,"Power Shot+, Quick Step+, Chip Shot, Pinged Pass, Technical, Relentless",https://www.futbin.com/25/player/57507/jamie-vardy,,,,,,Grassroot Greats
171877,444,445,Marek Hamšík,91,90,90,91,90,80,87,90,90,93,88,93,94,85,86,90,88,74,95,93,85,91,84,88,91,92,91,83,83,77,81,76,84,95,85,82,CAM,5,4,Right,"183cm / 6'0""",73kg / 161lb,CM,37,Slovakia,Serie A TIM,HERO,"Power Shot+, Relentless+, Finesse Shot, Incisive Pass, Pinged Pass, Long Ball Pass, Tiki Taka, Technical, Press Proven, Quick Step",https://www.futbin.com/25/player/57531/marek-hamsik,,,,,,GrassrootGreatsHero
5740,445,446,Jaap Stam,91,88,56,67,73,93,92,85,90,56,44,86,56,45,56,54,66,42,80,72,49,62,72,74,90,84,93,90,91,93,95,91,86,84,95,95,CB,3,3,Right,"191cm / 6'3""",86kg / 190lb,,52,Netherlands,Premier League,HERO,"Jockey+, Bruiser+, Pinged Pass, Block, Intercept, Anticipate, Relentless, Aerial",https://www.futbin.com/25/player/57532/jaap-stam,,,,,,GrassrootGreatsHero
240709,446,447,Ridle Baku,91,95,77,83,88,90,85,97,93,81,76,82,78,68,64,85,85,55,85,80,90,88,91,98,84,85,83,91,71,91,93,92,83,91,83,83,RB,5,3,Right,"176cm / 5'9""",72kg / 159lb,RM,27,Germany,Bundesliga,RB Leipzig,"Jockey+, Bruiser+, Tiki Taka, Intercept, Anticipate, Slide Tackle, Rapid, Press Proven, Quick Step, Relentless",https://www.futbin.com/25/player/57783/ridle-baku,,,,,,Fantasy FC
220714,447,448,Philip Billing,91,88,89,91,89,86,91,88,88,91,89,95,89,85,76,91,87,83,94,91,88,89,86,88,89,89,91,86,88,86,85,83,92,91,92,86,CM,5,4,Left,"197cm / 6'6""",80kg / 176lb,"CDM, CAM",28,Denmark,Serie A TIM,SSC Napoli,"Incisive Pass+, Bruiser+, Power Shot, Tiki Taka, Intercept, Anticipate, Technical, First Touch, Trickster, Press Proven, Relentless, Long Throw",https://www.futbin.com/25/player/57788/philip-billing,,,,,,Fantasy FC
244369,448,449,Viktor Tsygankov,91,92,89,87,91,56,81,92,92,91,91,87,86,81,91,88,89,86,88,83,87,91,91,87,90,91,87,47,71,71,47,44,81,91,77,77,RM,5,4,Left,"178cm / 5'10""",72kg / 159lb,"CM, CAM, RW",27,Ukraine,LALIGA EA SPORTS,Girona FC,"Quick Step+, Trivela+, Finesse Shot, Power Shot, Dead Ball, Incisive Pass, Pinged Pass, Whipped Pass, Technical, Rapid, Flair, First Touch, Trickster",https://www.futbin.com/25/player/57789/viktor-tsygankov,,,,,,Fantasy FC
267234,449,450,Kerolin Nicoli Israel Ferraz,91,95,89,91,93,54,87,95,95,93,91,86,85,91,86,87,93,68,96,90,89,95,94,99,90,91,87,59,68,53,49,52,86,97,84,81,RM,4,5,Right,164cm / 5'4',60kg / 132lb,"RW, ST",25,Brazil,Barclays WSL,Manchester City,"Quick Step+, Trivela+, Finesse Shot, Pinged Pass, Jockey, Technical, Rapid, Relentless",https://www.futbin.com/25/player/57802/kerolin-nicoli-israel-ferraz,,,,,,Fantasy FC
226162,450,451,Emiliano Buendía,91,94,90,91,99,79,84,94,94,92,90,94,89,84,78,94,89,85,93,89,92,99,99,99,99,99,99,72,87,80,81,73,85,95,77,89,RM,4,5,Right,172cm / 5'7',72kg / 159lb,"CAM, RW",28,Argentina,Bundesliga,Leverkusen,"Quick Step+, Trivela+, Finesse Shot, Incisive Pass, Slide Tackle, Technical",https://www.futbin.com/25/player/57803/emiliano-buendia,,,,,,Fantasy FC
209331,451,452,Mohamed Salah,91,91,89,85,91,49,77,91,91,94,92,84,86,85,83,88,83,72,89,80,87,91,92,94,96,89,91,60,64,41,47,45,81,89,75,65,RM,3,4,Left,175cm / 5'8',72kg / 159lb,RW,32,Egypt,Premier League,Liverpool,"Finesse Shot+, Chip Shot, Rapid, Trivela",https://www.futbin.com/25/player/58152/mohamed-salah,,,,,,SIF
238067,452,453,Nicolò Zaniolo,91,89,89,93,92,71,91,89,89,93,89,98,89,75,71,93,94,71,96,95,91,92,91,91,92,93,89,73,76,64,75,69,89,89,92,93,RM,4,4,Left,"190cm / 6'3""",79kg / 174lb,"RW, ST",25,Italy,Serie A TIM,Fiorentina,"Rapid+, Incisive Pass+, Finesse Shot, Power Shot, Tiki Taka, Whipped Pass, Technical, Press Proven, Quick Step, Relentless",https://www.futbin.com/25/player/58190/nicolo-zaniolo,,,,,,Fantasy FC
261855,453,454,Francisca Ramos Nazareth Sousa,91,90,90,99,92,72,88,90,90,89,94,83,88,82,89,99,99,99,99,99,99,92,89,89,86,95,89,57,92,52,92,86,92,92,87,82,CAM,4,5,Right,"170cm / 5'7""",67kg / 148lb,"CM, ST",22,Portugal,Liga F,FC Barcelona,"Technical+, Incisive Pass+, Finesse Shot, Chip Shot, Pinged Pass, Long Ball Pass, Tiki Taka, Flair, Quick Step, Relentless, Trivela",https://www.futbin.com/25/player/58191/francisca-ramos-nazareth-sousa,,,,,,Fantasy FC
244257,454,455,Jonathan Burkardt,91,92,90,88,93,58,92,98,87,94,93,92,84,86,83,93,82,62,97,82,79,93,90,90,90,92,83,53,89,60,52,44,98,93,93,85,ST,5,4,Right,"181cm / 5'11""",79kg / 174lb,,24,Germany,Bundesliga,1. FSV Mainz 05,"Chip Shot+, Quick Step+, Finesse Shot, Power Shot, Pinged Pass, Tiki Taka, Flair, First Touch, Press Proven, Trivela, Aerial",https://www.futbin.com/25/player/58192/jonathan-burkardt,,,,,,Fantasy FC
16254,455,456,Tim Howard,91,58,28,36,90,20,90,60,56,17,20,65,16,13,32,60,15,19,35,43,18,90,61,60,83,31,64,25,17,23,15,16,77,25,78,44,GK,3,1,Right,"191cm / 6'3""",85kg / 187lb,,46,United States,Premier League,HERO,"Far Throw+, FootWork+, Pinged Pass, Cross Claimer, Rush Out, Far Reach",https://www.futbin.com/25/player/58203/tim-howard,,,,,,Fantasy FC Hero
244749,456,457,Nayef Aguerd,91,88,62,82,79,94,90,86,90,64,52,82,67,54,62,82,67,57,91,91,72,72,76,73,91,88,87,95,93,93,96,94,96,86,91,93,CB,5,3,Left,"190cm / 6'3""",76kg / 168lb,,29,Morocco,LALIGA EA SPORTS,Real Sociedad,"Jockey+, Anticipate+, Power Header, Pinged Pass, Long Ball Pass, Slide Tackle, Long Throw",https://www.futbin.com/25/player/58218/nayef-aguerd,,,,,,Fantasy FC
227013,457,458,Fridolina Rolfö,91,89,88,91,93,90,88,90,88,89,87,90,86,86,90,91,89,80,97,84,83,94,86,84,92,95,87,89,87,90,91,88,91,85,95,72,LB,5,4,Left,"179cm / 5'10""",69kg / 152lb,"CM, LW",31,Sweden,Liga F,FC Barcelona,"Trickster+, Pinged Pass+, Incisive Pass, Whipped Pass, Intercept, Anticipate, Technical, First Touch, Quick Step",https://www.futbin.com/25/player/58246/fridolina-rolfo,,,,,,Flashback SBC
197781,458,459,Francisco Román Alarcón Suárez,91,88,84,90,91,76,78,90,86,90,84,82,86,75,84,92,86,83,92,88,93,92,87,92,86,93,89,80,70,74,80,65,78,84,78,72,CAM,5,5,Right,"176cm / 5'9""",79kg / 174lb,"CM, LM",33,Spain,LALIGA EA SPORTS,Real Betis,"Incisive Pass+, Trivela+, Finesse Shot, Long Ball Pass, Technical, Flair, First Touch, Press Proven",https://www.futbin.com/25/player/58264/francisco-roman-alarcon-suarez,,,,,,FUT Birthday
248717,459,460,Lena Oberdorf,91,84,74,81,81,90,94,86,83,80,70,92,70,65,65,85,72,70,86,86,70,78,80,80,89,84,86,90,84,91,93,86,92,85,98,98,CDM,5,5,Right,"174cm / 5'9""",68kg / 150lb,CM,23,Germany,GPFBL,FC Bayern München,"Long Ball Pass+, Intercept+, Power Shot, Tiki Taka, Anticipate, Slide Tackle, Bruiser, Press Proven",https://www.futbin.com/25/player/58265/lena-oberdorf,,,,,,FUT Birthday
241852,460,461,Moussa Diaby,91,99,85,82,92,53,82,99,99,90,90,83,81,80,56,84,83,63,84,80,80,93,97,98,87,89,84,60,51,59,43,57,85,98,70,91,RM,5,5,Left,"170cm / 5'7""",67kg / 148lb,"CAM, RW, ST",25,France,ROSHN Saudi League,Al Ittihad,"Press Proven+, Quick Step+, Chip Shot, Rapid, Flair, First Touch, Relentless, Long Throw",https://www.futbin.com/25/player/58266/moussa-diaby,,,,,,FUT Birthday
210008,461,462,Adrien Rabiot,91,87,85,87,86,90,92,83,91,91,83,93,84,80,74,90,80,65,92,90,77,85,81,82,90,90,89,91,87,88,93,88,95,98,90,87,CM,5,5,Left,"191cm / 6'3""",80kg / 176lb,CDM,30,France,Ligue 1 Uber Eats,OM,"First Touch+, Tiki Taka+, Power Shot, Power Header, Pinged Pass, Bruiser, Press Proven, Aerial",https://www.futbin.com/25/player/58267/rabiot,,,,,,FUT Birthday
247172,462,463,Jhon Durán,91,92,91,81,87,48,91,88,96,90,91,99,90,87,65,73,74,67,92,81,73,88,83,85,87,89,83,42,91,39,50,33,92,88,91,96,ST,5,5,Left,"187cm / 6'2""",70kg / 154lb,,21,Colombia,ROSHN Saudi League,Al Nassr,"Power Shot+, Aerial+, Finesse Shot, Chip Shot, Technical, Rapid, First Touch, Quick Step",https://www.futbin.com/25/player/58268/jhon-duran,,,,,,FUT Birthday
50752,463,464,Ledley King,91,88,60,75,77,92,90,86,90,52,57,69,63,52,64,68,66,55,87,82,54,70,74,71,91,86,93,90,87,94,94,90,88,82,95,88,CB,5,5,Right,188cm / 6'2',86kg / 190lb,,44,England,Premier League,HERO,"Jockey+, Anticipate+, Long Ball Pass, Block, Bruiser, Slide Tackle, Acrobatic",https://www.futbin.com/25/player/58283/ledley-king,,,,,,World Cup Showdown
1620,464,465,Emmanuel Petit,91,85,86,90,89,87,91,84,86,86,80,95,96,82,68,90,83,80,95,93,83,84,88,85,94,96,97,90,80,84,90,86,80,94,90,92,CM,5,5,Left,"185cm / 6'1""",79kg / 174lb,"LB, CDM",,France,Icons,EA FC ICONS,"Technical+, Relentless+, Finesse Shot, Power Shot, Incisive Pass, Intercept, Anticipate, Slide Tackle, Press Proven",https://www.futbin.com/25/player/58287/emmanuel-petit,,,,,,FUT Birthday Icon
226302,465,466,Alexandra Popp,91,87,92,81,88,55,94,85,88,96,91,96,90,93,91,81,81,79,88,69,79,86,85,86,97,91,90,47,99,48,55,51,98,95,95,88,ST,5,5,Left,"174cm / 5'9""",65kg / 143lb,LM,34,Germany,GPFBL,VfL Wolfsburg,"Finesse Shot+, Aerial+, Chip Shot, Power Header, Bruiser, Trickster, Press Proven, Trivela, Acrobatic",https://www.futbin.com/25/player/58292/alexandra-popp,,,,,,FUT Birthday
230767,466,467,Renato Júnior Luz Sanches,91,90,84,91,92,86,90,89,90,91,73,97,92,83,83,91,87,80,95,92,82,92,90,95,88,93,96,90,73,88,86,80,94,88,90,92,CM,5,5,Right,"176cm / 5'9""",70kg / 154lb,CDM,27,Portugal,Liga Portugal,SL Benfica,"Incisive Pass+, Long Ball Pass+, Jockey, Bruiser, Technical, First Touch",https://www.futbin.com/25/player/58594/renato-junior-luz-sanches,,,,,,FUT Birthday
225850,467,468,Presnel Kimpembe,91,87,53,80,80,91,92,85,88,58,41,87,46,41,64,85,70,38,90,87,60,73,77,73,90,90,92,90,88,93,92,91,96,81,96,97,CB,5,5,Left,189cm / 6'2',80kg / 176lb,,29,France,Ligue 1 Uber Eats,Paris SG,"Aerial+, Bruiser+, Power Header, Block, Intercept, Anticipate, Slide Tackle, Relentless",https://www.futbin.com/25/player/58595/presnel-kimpembe,,,,,,FUT Birthday
272009,468,469,Antônia da Costa Silva,91,91,70,82,88,90,91,90,92,96,60,89,70,57,71,79,84,48,89,84,57,89,85,85,92,88,89,95,84,90,90,89,96,92,91,90,RB,5,5,Right,"170cm / 5'7""",64kg / 141lb,CB,30,Brazil,Liga F,Real Madrid,"Intercept+, Bruiser+, Long Ball Pass, Technical, Trickster, Long Throw",https://www.futbin.com/25/player/58621/antonia-da-costa-silva,,,,,,FUT Birthday
245830,469,470,Yui Hasegawa,91,88,80,91,93,90,86,86,89,72,75,82,92,77,71,94,82,77,96,96,74,94,86,94,90,93,90,97,55,96,93,83,84,91,81,91,CDM,5,5,Right,"156cm / 5'1""",48kg / 106lb,"CM, CAM",28,Japan,Barclays WSL,Manchester City,"Technical+, Press Proven+, Incisive Pass, Pinged Pass, Tiki Taka, Intercept, Trivela",https://www.futbin.com/25/player/58622/yui-hasegawa,,,,,,FUT Birthday
240243,470,471,Matheus Santos Carneiro Da Cunha,91,95,91,90,93,60,88,93,97,91,91,96,88,88,89,91,90,76,94,85,91,94,93,83,89,93,90,57,92,59,56,53,95,94,86,84,ST,5,5,Right,"183cm / 6'0""",76kg / 168lb,CAM,25,Brazil,Premier League,Wolves,"Finesse Shot+, Chip Shot+, Power Header, Rapid, Flair, Trickster, Low Driven Shot",https://www.futbin.com/25/player/58623/matheus-santos-carneiro-da-cunha,,,,,,FUT Birthday
206113,471,472,Serge Gnabry,91,90,91,87,92,52,78,93,88,92,92,94,88,91,77,89,86,69,93,81,83,93,93,96,90,90,90,46,51,54,53,52,78,84,78,69,RM,5,5,Right,"176cm / 5'9""",77kg / 170lb,"LM, RW, ST",29,Germany,Bundesliga,FC Bayern München,"Quick Step+, Low Driven Shot+, Power Shot, Technical, First Touch, Trickster, Relentless",https://www.futbin.com/25/player/58624/serge-gnabry,,,,,,FUT Birthday
198717,472,473,Wilfried Zaha,91,95,89,85,93,50,87,94,95,88,91,95,82,78,87,86,86,63,88,82,85,94,94,85,85,95,88,47,64,46,53,49,86,87,86,90,LM,5,5,Right,"180cm / 5'11""",66kg / 146lb,LW,32,Côte d'Ivoire,MLS,Charlotte FC,"Rapid+, Power Shot+, Finesse Shot, Technical, Flair, Trickster, Quick Step, Trivela",https://www.futbin.com/25/player/58625/wilfried-zaha,,,,,,FUT Birthday
3622,473,474,Ricardo Alberto Silveira Carvalho,91,85,60,74,76,94,90,83,86,52,56,68,63,56,56,66,67,50,85,80,56,68,80,85,90,82,88,91,92,96,94,92,96,92,87,94,CB,5,5,Right,183cm / 6'0',79kg / 174lb,,46,Portugal,Liga Portugal,HERO,"Aerial+, Anticipate+, Incisive Pass, Jockey, Block, Intercept, Slide Tackle, Acrobatic",https://www.futbin.com/25/player/58638/ricardo-alberto-silveira-carvalho,,,,,,FUT Birthday Hero
264349,474,475,James McAtee,91,92,89,90,93,79,81,95,90,92,88,89,92,82,84,89,88,79,92,90,91,93,94,86,89,94,88,64,82,85,82,83,80,92,82,67,RW,4,5,Left,180cm / 5'10',72kg / 159lb,"RM, CM, CAM",22,England,Premier League,Manchester City,"Technical+, First Touch+, Finesse Shot, Incisive Pass, Tiki Taka, Whipped Pass, Flair, Trickster, Press Proven",https://www.futbin.com/25/player/58655/james-mcatee,,,,,,FC Pro Leagues Live
212188,475,476,Timo Werner,91,95,89,85,91,47,82,97,93,93,87,96,87,92,89,83,83,72,93,74,85,93,89,87,90,89,86,50,98,52,28,33,96,91,77,78,ST,4,5,Right,180cm / 5'10',76kg / 168lb,"LM, LW",29,Germany,Premier League,Spurs,"Power Shot+, Quick Step+, Chip Shot, Pinged Pass, Rapid, Flair, First Touch, Relentless",https://www.futbin.com/25/player/58656/timo-werner,,,,,,FC Pro Leagues Live
225100,476,477,Joe Gomez,91,88,52,83,84,92,91,84,92,97,38,86,42,45,48,76,86,36,91,89,65,84,75,73,91,87,89,92,87,91,93,92,98,87,92,90,CB,5,3,Right,188cm / 6'2',77kg / 170lb,"RB, LB",27,England,Premier League,Liverpool,"Block+, Slide Tackle+, Pinged Pass, Jockey, Intercept, Anticipate, Bruiser, Press Proven, Long Throw",https://www.futbin.com/25/player/58657/joe-gomez,,,,,,FC Pro Leagues Live
255565,477,478,Kaoru Mitoma,91,93,89,89,93,67,79,96,91,91,92,87,87,85,82,92,90,74,92,82,84,94,94,91,88,93,89,67,62,66,69,64,88,91,75,71,LM,5,4,Right,178cm / 5'10',71kg / 157lb,LW,27,Japan,Premier League,Brighton,"Technical+, Quick Step+, Finesse Shot, Tiki Taka, Whipped Pass, Flair, First Touch, Trickster",https://www.futbin.com/25/player/58658/kaoru-mitoma,,,,,,FC Pro Leagues Live
266384,478,479,Sveindís Jane Jónsdóttir,91,99,87,88,91,58,82,99,99,95,88,87,86,83,70,84,92,74,90,86,85,90,95,87,90,91,87,63,98,34,62,64,90,84,84,70,RW,5,4,Right,"178cm / 5'10""",63kg / 139lb,"RM, ST, LW",23,Iceland,GPFBL,VfL Wolfsburg,"Rapid+, First Touch+, Finesse Shot, Chip Shot, Power Shot, Whipped Pass, Quick Step, Long Throw",https://www.futbin.com/25/player/58713/sveindis-jane-jonsdottir,,,,,,UWCL Dreamchasers
239807,479,480,Davide Frattesi,91,91,86,89,92,84,86,91,91,92,87,88,86,83,75,96,76,73,96,91,81,91,89,89,91,95,91,84,83,83,86,83,91,93,81,90,CM,4,5,Right,"178cm / 5'10""",74kg / 163lb,CAM,25,Italy,Serie A TIM,Lombardia FC,"Incisive Pass+, Tiki Taka+, Finesse Shot, Power Shot, Pinged Pass, Intercept, Anticipate, Rapid, First Touch, Relentless",https://www.futbin.com/25/player/58779/davide-frattesi,,,,,,UCL Live
270579,480,481,Wilson Odobert,91,97,89,86,92,51,76,98,96,96,89,88,92,76,84,91,89,69,90,74,74,92,96,91,88,91,88,40,75,49,52,49,84,88,71,71,LM,4,5,Right,"182cm / 6'0""",75kg / 165lb,"RM, ST, LW",20,France,Premier League,Spurs,"Rapid+, Whipped Pass+, Finesse Shot, Power Shot, Technical, Flair, First Touch, Trickster, Quick Step, Acrobatic",https://www.futbin.com/25/player/58783/wilson-odobert,,,,,,UEL Live
254117,481,482,Maximilian Beier,91,97,91,82,91,40,77,96,97,93,94,92,88,83,75,85,72,64,91,74,82,91,93,88,90,90,88,35,88,35,35,30,85,93,70,70,ST,4,4,Right,"185cm / 6'1""",72kg / 159lb,"RW, LW",22,Germany,Bundesliga,Borussia Dortmund,"Rapid+, Low Driven Shot+, Finesse Shot, Chip Shot, Technical, Quick Step, Trivela",https://www.futbin.com/25/player/58784/maximilian-beier,,,,,,UCL Live
26709,482,483,Rafael Márquez,91,86,70,81,80,93,91,87,85,53,56,92,85,52,75,69,71,89,87,91,79,77,75,75,90,85,90,91,91,94,92,94,92,87,92,91,CB,4,4,Right,184cm / 6'0',75kg / 165lb,CDM,46,Mexico,LALIGA EA SPORTS,HERO,"Long Ball Pass+, Intercept+, Dead Ball, Block, Slide Tackle, Bruiser, Relentless, Aerial",https://www.futbin.com/25/player/58786/rafael-marquez,,,,,,Dreamchasers Hero
243203,483,484,Kasper Høgh,91,94,89,83,89,56,91,93,94,92,92,95,79,78,80,88,71,67,93,78,81,89,94,91,88,86,89,53,95,51,51,52,95,89,95,82,ST,5,4,Right,"186cm / 6'1""",77kg / 170lb,,24,Denmark,Eliteserien,FK Bodø/Glimt,"Finesse Shot+, Aerial+, Chip Shot, Power Shot, First Touch, Press Proven, Quick Step, Trivela, Low Driven Shot",https://www.futbin.com/25/player/58992/kasper-hogh,,,,,,UEL Live SBC
189505,484,485,Pedro Rodríguez Ledesma,91,91,91,91,91,52,83,92,91,95,88,92,96,88,83,98,82,70,95,86,99,91,94,99,84,91,90,61,56,60,42,38,81,97,74,90,RW,5,4,Right,"169cm / 5'7""",64kg / 141lb,"RM, LW",37,Spain,Serie A TIM,Latium,"Finesse Shot+, Tiki Taka+, Chip Shot, Incisive Pass, Whipped Pass, First Touch, Quick Step, Relentless, Trivela",https://www.futbin.com/25/player/59129/pedro-rodriguez-ledesma,,,,,,UEL Dreamchasers
235243,485,486,Matthijs de Ligt,91,85,74,75,80,91,92,84,86,60,70,91,81,50,47,54,62,65,92,90,57,75,88,90,91,80,88,90,90,91,91,91,90,88,94,91,CB,4,3,Right,"189cm / 6'2""",89kg / 196lb,,25,Netherlands,Premier League,Manchester Utd,"Block+, Anticipate+, Power Shot, Long Ball Pass, Jockey, Intercept, Slide Tackle, Bruiser, Relentless",https://www.futbin.com/25/player/59130/matthijs-de-ligt,,,,,,UEL Dreamchasers
268896,486,487,Hugo Larsson,91,90,84,90,92,85,91,91,90,87,80,93,88,81,68,97,70,60,97,98,90,91,91,90,95,94,96,93,72,90,85,70,86,96,88,93,CM,4,4,Right,"187cm / 6'2""",74kg / 163lb,CDM,20,Sweden,Bundesliga,Frankfurt,"Pinged Pass+, Intercept+, Incisive Pass, Long Ball Pass, Tiki Taka, First Touch, Press Proven, Relentless, Low Driven Shot",https://www.futbin.com/25/player/59131/hugo-larsson,,,,,,UEL Dreamchasers
227535,487,488,Rodrigo Bentancur,91,90,75,88,92,86,88,91,90,81,75,78,72,78,74,90,84,75,92,91,78,92,91,90,87,93,94,88,71,86,90,85,87,94,83,91,CM,4,4,Right,"187cm / 6'2""",73kg / 161lb,CDM,27,Uruguay,Premier League,Spurs,"Tiki Taka+, Anticipate+, Incisive Pass, Jockey, Intercept, First Touch, Press Proven, Relentless",https://www.futbin.com/25/player/59132/rodrigo-bentancur,,,,,,UEL Dreamchasers
237681,488,489,Takefusa Kubo,91,92,86,88,90,53,82,94,91,91,92,83,83,75,70,88,88,85,90,88,86,90,91,90,90,91,87,36,64,53,57,61,95,97,80,66,RW,5,4,Left,"173cm / 5'8""",64kg / 141lb,"RM, ST",23,Japan,LALIGA EA SPORTS,Real Sociedad,"Finesse Shot+, Low Driven Shot+, Incisive Pass, Tiki Taka, Technical, Rapid, Flair, First Touch, Press Proven",https://www.futbin.com/25/player/59133/takefusa-kubo,,,,,,UEL Dreamchasers
183512,489,490,Yuri Berchiche Izeta,91,91,81,86,87,88,91,93,90,74,73,97,90,77,70,83,89,64,89,84,93,84,88,92,92,88,90,88,84,88,89,84,98,91,89,93,LB,5,4,Left,"181cm / 5'11""",80kg / 176lb,,35,Spain,LALIGA EA SPORTS,Athletic Club,"Slide Tackle+, Bruiser+, Pinged Pass, Long Ball Pass, Whipped Pass, Jockey, Block, Intercept",https://www.futbin.com/25/player/59152/yuri-berchiche-izeta,,,,,,UEL Live
237386,490,491,Kiernan Dewsbury-Hall,91,88,86,91,91,86,91,89,88,94,84,88,88,85,79,91,87,84,93,91,91,91,88,89,93,92,91,87,81,87,87,85,92,96,88,91,CM,5,4,Left,"178cm / 5'10""",70kg / 154lb,"CDM, CAM",26,England,Premier League,Chelsea,"Incisive Pass+, Tiki Taka+, Intercept, Rapid, First Touch, Press Proven, Quick Step, Relentless, Low Driven Shot",https://www.futbin.com/25/player/59156/kiernan-dewsbury-hall,,,,,,UECL Live
269728,491,492,Jean-Mattéo Bahoya,91,93,90,85,92,65,80,93,93,90,94,90,83,76,87,90,82,72,87,85,82,91,92,91,90,93,90,56,74,68,61,74,89,87,83,61,LM,4,4,Right,180cm / 5'10',76kg / 168lb,"CAM, LW",19,France,Bundesliga,Frankfurt,"Power Shot+, Quick Step+, Finesse Shot, Chip Shot, Whipped Pass, Technical, Rapid, First Touch, Trickster",https://www.futbin.com/25/player/59290/jean-matteo-bahoya,,,,,,UEL Live
268763,492,493,Ernest Nuamah,91,97,88,85,91,40,83,96,97,92,93,95,80,76,64,87,88,76,86,80,88,90,93,94,90,90,90,28,61,48,35,38,90,86,91,55,RW,4,4,Left,178cm / 5'10',71kg / 157lb,"RM, ST",21,Ghana,Ligue 1 Uber Eats,OL,"Rapid+, Low Driven Shot+, Finesse Shot, Chip Shot, Power Shot, Whipped Pass, Flair, Quick Step, Relentless",https://www.futbin.com/25/player/59291/ernest-nuamah,,,,,,UEL Live
226293,493,494,Nadine Angerer,91,59,22,34,93,24,90,61,58,12,12,59,11,11,23,63,12,18,35,32,20,13,61,61,93,26,64,29,9,27,21,26,73,43,70,52,GK,3,1,Right,"175cm / 5'9""",71kg / 157lb,,,Germany,Icons,EA FC ICONS,"Far Reach+, Pinged Pass, Long Ball Pass, Cross Claimer, Rush Out",https://www.futbin.com/25/player/59336/nadine-angerer,,,,,,FUT Immortals Icon
156353,494,495,Luis Hernández,91,94,91,83,91,50,82,96,93,95,94,90,87,86,91,82,77,92,85,81,84,91,93,90,90,91,90,36,95,42,50,54,94,91,80,71,ST,4,5,Right,"175cm / 5'9""",69kg / 152lb,,,Mexico,Icons,EA FC ICONS,"Chip Shot+, Rapid+, First Touch+, Finesse Shot, Power Shot, Power Header, Technical, Quick Step, Trivela, Aerial",https://www.futbin.com/25/player/59430/luis-hernandez,,,,,,FUT Immortals Icon
142754,495,496,Javier Mascherano,91,85,60,84,83,93,90,85,85,61,48,84,61,58,67,80,76,58,94,91,76,77,85,85,93,88,89,94,81,93,95,96,92,92,87,95,CB,4,4,Right,174cm / 5'8',73kg / 161lb,CDM,40,Argentina,Premier League,HERO,"Long Ball Pass+, Bruiser+, Pinged Pass, Jockey, Block, Intercept, Anticipate, Slide Tackle",https://www.futbin.com/25/player/59452/javier-mascherano,,,,,,FUT Immortals Hero
211688,496,497,José Luís Gayà Peña,91,91,74,87,91,88,87,90,92,88,72,74,76,74,76,85,91,71,88,84,89,91,92,91,94,92,88,89,76,88,91,92,86,94,83,89,LB,4,5,Left,172cm / 5'7',66kg / 146lb,,29,Spain,LALIGA EA SPORTS,Valencia CF,"Technical+, Slide Tackle+, Pinged Pass, Whipped Pass, Jockey, Anticipate, Rapid, First Touch, Press Proven",https://www.futbin.com/25/player/59461/jose-luis-gaya-pena,,,,,,FC Pro Leagues Live
253004,497,498,Anssumane Fati,91,97,88,87,94,45,75,97,97,88,90,88,84,82,82,88,84,87,88,85,90,93,95,95,92,94,93,31,91,36,50,42,87,88,70,70,LW,5,4,Right,"178cm / 5'10""",66kg / 146lb,"LM, CAM, ST",22,Spain,LALIGA EA SPORTS,FC Barcelona,"Rapid+, Tiki Taka+, Power Shot, Technical, Quick Step, Relentless, Trivela, Low Driven Shot",https://www.futbin.com/25/player/59474/anssumane-fati,,,,,,ShowDown SBC
264309,498,499,Arda Güler,91,90,91,92,94,65,80,90,90,89,90,93,95,87,89,92,92,87,93,91,97,94,93,96,88,94,88,69,50,65,71,58,83,95,75,73,CAM,4,5,Left,"175cm / 5'9""",70kg / 154lb,"RM, RW",20,Türkiye,LALIGA EA SPORTS,Real Madrid,"Finesse Shot+, Press Proven+, Incisive Pass, Long Ball Pass, Whipped Pass, Technical, Rapid, Flair, First Touch, Trickster",https://www.futbin.com/25/player/59475/arda-guler,,,,,,ShowDown SBC
264991,499,500,Jana Feldkamp,91,85,75,85,85,92,91,83,87,90,80,77,65,56,65,81,72,47,97,94,79,85,90,91,87,87,80,93,88,95,92,87,90,93,90,90,CDM,4,4,Right,"171cm / 5'7""",60kg / 132lb,CM,27,Germany,GPFBL,TSG Hoffenheim,"Long Ball Pass+, Relentless+, Bruiser+, Pinged Pass, Whipped Pass, Block, Intercept, Anticipate",https://www.futbin.com/25/player/59476/jana-feldkamp,,,,,,Objectives
183277,500,501,Eden Hazard,90,93,86,86,93,40,70,95,91,89,88,85,84,81,91,88,81,82,88,85,86,95,94,93,89,92,91,50,65,35,34,26,66,85,70,51,LM,4,4,Right,"175cm / 5'9""",74kg / 163lb,LW,34,Belgium,Premier League,HERO,"Technical+, Finesse Shot, Tiki Taka, First Touch, Trickster, Quick Step",https://www.futbin.com/25/player/9/eden-hazard,,,,,,Prime Hero
135455,501,502,Maicon Douglas Sisenando,90,88,85,84,86,86,87,85,91,89,80,95,90,89,70,80,91,76,84,81,85,86,80,80,87,89,84,87,77,85,86,92,81,87,88,85,RB,4,4,Right,"184cm / 6'0""",77kg / 170lb,RM,43,Brazil,Serie A TIM,HERO,"Whipped Pass+, Power Shot, Block, Bruiser, Trivela",https://www.futbin.com/25/player/13/maicon-douglas-sisenando,,,,,,Prime Hero
71608,502,503,Julie Foudy,90,80,84,88,87,76,81,78,82,88,84,83,86,67,87,92,81,79,92,90,78,87,83,85,89,88,86,78,77,73,79,71,78,92,76,80,CM,4,3,Right,"168cm / 5'6""",59kg / 130lb,CDM,,United States,Icons,EA FC ICONS,"Relentless+, Incisive Pass, Long Ball Pass, Press Proven",https://www.futbin.com/25/player/32/julie-foudy,,,,,,Icon
227002,503,504,Aya Miyama,90,84,86,88,90,60,70,85,84,87,85,87,89,71,90,90,87,91,88,87,85,89,91,92,86,91,85,61,71,50,66,58,81,87,65,58,LM,5,4,Right,"157cm / 5'2""",52kg / 115lb,"CM, LW",,Japan,Icons,EA FC ICONS,"Dead Ball+, Finesse Shot, Incisive Pass, First Touch, Trivela",https://www.futbin.com/25/player/33/aya-miyama,,,,,,Icon
226369,504,505,Lotta Schelin,90,91,89,82,89,46,82,90,91,93,93,84,85,89,88,85,78,76,86,75,82,91,81,81,86,90,88,39,87,43,44,38,80,85,89,61,ST,4,4,Right,"179cm / 5'10""",65kg / 143lb,"LM, LW",,Sweden,Icons,EA FC ICONS,"Finesse Shot+, Chip Shot, Rapid, First Touch, Quick Step",https://www.futbin.com/25/player/34/lotta-schelin,,,,,,Icon
252371,505,506,Jude Bellingham,90,80,87,83,88,78,83,81,80,91,90,85,86,77,74,90,66,68,89,89,73,89,82,79,91,89,87,82,75,77,79,77,84,93,77,85,CAM,4,4,Right,"186cm / 6'1""",75kg / 165lb,CM,21,England,LALIGA EA SPORTS,Real Madrid,"Relentless+, Intercept, Slide Tackle, Technical, Flair",https://www.futbin.com/25/player/47/jude-bellingham,,,,,,Normal
238794,506,507,Vinícius José de Oliveira Júnior,90,95,84,81,91,29,69,95,95,87,89,81,83,73,71,85,81,62,83,77,79,93,94,84,86,90,83,26,50,32,25,18,74,84,65,58,LW,4,5,Right,"176cm / 5'9""",73kg / 161lb,"LM, ST",24,Brazil,LALIGA EA SPORTS,Real Madrid,"Quick Step+, Finesse Shot, Chip Shot, Rapid, Flair, First Touch, Trivela",https://www.futbin.com/25/player/53/vinicius-jose-de-oliveira-junior,,,,,,Normal
192985,507,508,Kevin De Bruyne,90,67,87,94,87,65,78,67,67,88,84,92,90,83,83,95,95,83,94,93,93,86,75,78,92,92,88,66,55,66,70,53,71,88,75,75,CM,5,4,Right,"181cm / 5'11""",75kg / 165lb,CAM,33,Belgium,Premier League,Manchester City,"Incisive Pass+, Dead Ball, Pinged Pass, Long Ball Pass, Whipped Pass, Trivela",https://www.futbin.com/25/player/57/kevin-de-bruyne,,,,,,Normal
202126,508,509,Harry Kane,90,65,93,84,83,49,82,64,66,94,95,94,89,89,93,86,80,69,86,88,82,82,66,73,94,87,92,42,91,46,46,38,87,75,86,80,ST,4,3,Right,"188cm / 6'2""",86kg / 190lb,,31,England,Bundesliga,FC Bayern München,"Finesse Shot+, Power Header, Incisive Pass, Long Ball Pass, First Touch, Trivela",https://www.futbin.com/25/player/32826/harry-kane,,,,,,Normal
227203,509,510,Alexia Putellas Segura,90,82,89,90,91,72,78,81,82,91,91,86,89,90,89,91,88,89,91,90,89,90,90,89,90,92,92,78,74,60,81,64,84,85,78,70,CM,5,5,Left,"173cm / 5'8""",69kg / 152lb,CAM,31,Spain,Liga F,FC Barcelona,"First Touch+, Finesse Shot, Incisive Pass, Pinged Pass, Tiki Taka, Technical, Flair",https://www.futbin.com/25/player/32859/alexia-putellas-segura,,,,,,Normal
227102,510,511,Caroline Graham Hansen,90,89,87,88,90,47,76,90,88,87,86,88,89,83,79,89,90,77,89,84,92,93,94,75,83,90,84,35,71,45,50,46,84,87,74,66,RW,5,5,Right,"175cm / 5'9""",59kg / 130lb,RM,30,Norway,Liga F,FC Barcelona,"Trickster+, Finesse Shot, Technical, Flair, First Touch, Quick Step, Trivela",https://www.futbin.com/25/player/32860/caroline-graham-hansen,,,,,,Normal
227125,511,512,Sam Kerr,90,85,88,74,90,42,83,86,84,92,92,85,85,92,71,79,70,68,78,67,76,90,90,82,89,91,91,24,93,44,39,30,89,87,86,70,ST,4,4,Right,"168cm / 5'6""",66kg / 146lb,,31,Australia,Barclays WSL,Chelsea,"Finesse Shot+, Power Header, Rapid, Quick Step, Acrobatic, Aerial",https://www.futbin.com/25/player/32861/sam-kerr,,,,,,Normal
4231,512,513,Rivaldo Vítor Borba Ferreira,90,87,88,87,91,42,75,86,87,89,86,91,91,90,85,87,86,90,87,83,93,92,89,78,90,92,91,37,74,37,42,39,72,82,79,58,LW,2,4,Left,"186cm / 6'1""",75kg / 165lb,"LM, CAM",,Brazil,Icons,EA FC ICONS,"Technical+, Finesse Shot, Dead Ball, Flair, First Touch, Acrobatic",https://www.futbin.com/25/player/54364/rivaldo-vitor-borba-ferreira,,,,,,Icon
5479,513,514,Iker Casillas Fernández,90,58,36,51,93,24,88,62,54,18,31,63,28,27,29,69,29,27,59,56,24,29,66,56,89,33,68,27,37,28,16,21,81,44,69,30,GK,3,1,Left,"185cm / 6'1""",80kg / 176lb,,,Spain,Icons,EA FC ICONS,"FootWork+, Far Reach",https://www.futbin.com/25/player/54371/iker-casillas-fernandez,,,,,,Icon
7763,514,515,Andrea Pirlo,90,73,79,93,89,69,66,74,72,85,76,79,83,77,89,94,88,94,94,94,92,89,83,75,93,93,94,77,56,72,67,64,57,83,64,53,CM,4,5,Right,"177cm / 5'10""",67kg / 148lb,CDM,,Italy,Icons,EA FC ICONS,"Long Ball Pass+, Dead Ball, Flair, First Touch",https://www.futbin.com/25/player/54382/andrea-pirlo,,,,,,Icon
10535,515,516,Xavier Hernández Creus,90,80,76,92,90,69,69,82,79,90,72,80,81,67,76,95,87,84,94,93,83,87,87,92,93,94,95,84,47,69,67,62,60,88,65,55,CM,3,4,Right,"170cm / 5'7""",67kg / 148lb,,,Spain,Icons,EA FC ICONS,"Tiki Taka+, Incisive Pass, Pinged Pass, Long Ball Pass, Flair, Press Proven, Trivela",https://www.futbin.com/25/player/54387/xavier-hernandez-creus,,,,,,Icon
45661,516,517,Raúl González Blanco,90,86,90,80,88,45,72,84,87,94,94,86,85,89,82,92,69,76,87,63,74,85,87,89,91,91,91,37,94,42,42,31,90,86,73,45,ST,4,4,Left,"180cm / 5'11""",68kg / 150lb,,,Spain,Icons,EA FC ICONS,"Finesse Shot+, Chip Shot, Technical, Flair, First Touch, Quick Step, Trivela",https://www.futbin.com/25/player/54407/raul-gonzalez-blanco,,,,,,Icon
190044,517,518,Bobby Moore,90,70,62,81,76,92,83,69,71,60,54,75,66,62,74,79,71,64,90,88,71,65,81,82,92,85,93,91,87,93,93,91,83,88,82,79,CB,3,2,Right,"178cm / 5'10""",72kg / 159lb,,,England,Icons,EA FC ICONS,"Anticipate+, Long Ball Pass, Jockey, Block, Press Proven",https://www.futbin.com/25/player/54445/bobby-moore,,,,,,Icon
214100,518,519,Ruud Gullit,90,85,88,88,86,80,87,83,86,91,86,93,91,85,82,89,85,89,89,91,87,86,76,82,92,89,88,79,92,77,80,75,83,92,86,84,CAM,5,4,Right,"191cm / 6'3""",88kg / 194lb,"CM, ST",,Netherlands,Icons,EA FC ICONS,"Aerial+, Chip Shot, Power Shot, Power Header, Rapid",https://www.futbin.com/25/player/54455/ruud-gullit,,,,,,Icon
226764,519,520,George Best,90,91,89,82,92,56,68,92,90,86,91,86,88,85,86,83,86,73,82,77,80,93,91,89,88,93,90,61,83,50,51,48,77,85,65,52,RW,4,4,Right,"175cm / 5'9""",65kg / 143lb,"RM, CAM, LW",,Northern Ireland,Icons,EA FC ICONS,"Technical+, Flair, First Touch, Quick Step",https://www.futbin.com/25/player/54462/george-best,,,,,,Icon
227324,520,521,Camille Abily,90,82,89,90,89,80,78,84,80,88,88,88,93,92,78,92,83,93,93,90,90,88,84,82,88,93,90,83,67,80,82,79,65,85,77,75,CM,4,4,Right,"168cm / 5'6""",59kg / 130lb,CAM,,France,Icons,EA FC ICONS,"Tiki Taka+, Finesse Shot, Chip Shot, Dead Ball, Technical, Flair, Acrobatic",https://www.futbin.com/25/player/54468/camille-abily,,,,,,Icon
238382,521,522,Alessandro Del Piero,90,83,90,87,91,41,66,84,83,92,93,84,89,85,92,92,87,89,87,78,88,93,82,77,87,93,91,39,74,36,40,34,57,81,63,57,CAM,5,4,Right,"174cm / 5'9""",74kg / 163lb,ST,,Italy,Icons,EA FC ICONS,"Finesse Shot+, Dead Ball, Technical, Flair",https://www.futbin.com/25/player/54473/alessandro-del-piero,,,,,,Icon
238388,522,523,Dennis Bergkamp,90,83,89,84,88,35,76,84,82,92,91,89,83,91,92,89,82,82,88,75,80,87,80,80,93,92,93,31,62,26,39,34,76,80,75,72,ST,4,4,Right,"183cm / 6'0""",78kg / 172lb,CAM,,Netherlands,Icons,EA FC ICONS,"First Touch+, Finesse Shot, Chip Shot, Incisive Pass, Flair, Trivela",https://www.futbin.com/25/player/54475/dennis-bergkamp,,,,,,Icon
238430,523,524,Roberto Carlos da Silva Rocha,90,91,83,83,80,85,86,92,90,69,75,96,94,75,75,74,88,96,83,82,96,76,77,86,91,85,83,92,76,83,85,87,83,93,83,85,LB,2,3,Left,"168cm / 5'6""",69kg / 152lb,,,Brazil,Icons,EA FC ICONS,"Dead Ball+, Power Shot, Whipped Pass, Rapid, Quick Step, Trivela, Long Throw",https://www.futbin.com/25/player/54479/roberto-carlos-da-silva-rocha,,,,,,Icon
238435,524,525,Lothar Matthäus,90,88,87,88,81,89,82,92,84,87,79,95,94,88,93,89,82,90,91,91,75,76,75,79,89,87,89,91,79,87,92,89,72,91,76,90,CM,4,3,Right,"174cm / 5'9""",71kg / 157lb,"CB, CDM",,Germany,Icons,EA FC ICONS,"Power Shot+, Anticipate, Rapid, Quick Step, Relentless",https://www.futbin.com/25/player/54480/lothar-matthaus,,,,,,Icon
253149,525,526,Jeremie Frimpong,90,96,68,81,92,82,77,99,94,88,73,68,58,56,48,80,90,52,84,69,83,92,97,96,90,90,86,85,57,85,85,84,82,92,67,83,RB,4,4,Right,"172cm / 5'8""",65kg / 143lb,"RM, RW",24,Netherlands,Bundesliga,Leverkusen,"Whipped Pass, Jockey, Rapid, Flair, Quick Step",https://www.futbin.com/25/player/55417/jeremie-frimpong,,,,,,Champions League
232488,526,527,Cristian Romero,90,82,51,64,71,90,86,81,82,48,53,56,40,57,45,55,46,42,81,69,59,65,72,69,91,74,88,90,86,88,92,89,91,76,88,94,CB,2,3,Right,"185cm / 6'1""",79kg / 174lb,,26,Argentina,Premier League,Spurs,"Intercept, Slide Tackle, Bruiser, Relentless, Aerial",https://www.futbin.com/25/player/55427/cristian-romero,,,,,,Europa League
231478,527,528,Lautaro Martínez,90,84,89,77,88,55,86,86,82,93,94,88,81,93,75,81,70,67,81,75,82,86,90,93,93,90,89,49,87,56,52,45,94,84,86,88,ST,4,4,Right,"174cm / 5'9""",72kg / 159lb,,27,Argentina,Serie A TIM,Lombardia FC,"Finesse Shot+, Power Shot, Technical, Relentless",https://www.futbin.com/25/player/55440/lautaro-martinez,,,,,,IF
268438,528,529,Alejandro Garnacho Ferreyra,90,93,87,85,90,47,72,95,92,90,89,90,82,89,72,86,88,72,90,72,88,89,92,93,88,90,88,51,56,46,47,37,77,87,62,79,LM,4,4,Right,"180cm / 5'11""",72kg / 159lb,"RM, LW",20,Argentina,Premier League,Manchester Utd,"Finesse Shot, Whipped Pass, Technical, Flair, Quick Step, Acrobatic",https://www.futbin.com/25/player/55478/alejandro-garnacho-ferreyra,,,,,,Europa League
233746,529,530,Vivianne Miedema,90,87,89,77,90,42,85,89,85,90,90,90,89,88,80,76,71,80,87,62,83,91,84,84,89,90,93,39,92,32,40,32,97,88,87,75,ST,4,4,Right,"178cm / 5'10""",65kg / 143lb,CAM,28,Netherlands,Barclays WSL,Manchester City,"Finesse Shot, Chip Shot, Incisive Pass, Technical, Acrobatic",https://www.futbin.com/25/player/55483/vivianne-miedema,,,,,,Champions League
265249,530,531,Lauren James,90,93,85,84,91,45,87,95,91,86,86,90,82,75,73,85,92,77,80,81,85,96,80,80,81,94,80,45,74,34,48,43,94,80,95,72,RW,4,5,Right,"175cm / 5'9""",77kg / 170lb,"RM, CAM",23,England,Barclays WSL,Chelsea,"Trickster+, Long Ball Pass, Whipped Pass, Rapid, Flair, First Touch, Quick Step",https://www.futbin.com/25/player/55523/lauren-james,,,,,,Total Rush
226301,531,532,Alex Morgan,90,85,90,81,89,50,77,84,85,93,96,89,80,80,91,77,73,75,90,84,70,89,84,80,82,93,92,49,88,44,46,41,88,88,80,55,ST,5,4,Left,"168cm / 5'6""",62kg / 137lb,,35,United States,NWSL,San Diego Wave,"Finesse Shot+, Flair, First Touch, Trivela, Aerial",https://www.futbin.com/25/player/55524/morgan,,,,,,End of an Era SBC
256630,532,533,Florian Wirtz,90,85,81,89,91,53,70,85,85,86,82,81,82,83,67,93,86,71,93,89,84,92,89,89,90,92,87,47,45,61,52,47,67,91,62,66,CAM,4,4,Right,"177cm / 5'10""",71kg / 157lb,LM,21,Germany,Bundesliga,Leverkusen,"Incisive Pass+, Finesse Shot, Chip Shot, Technical, Flair, First Touch, Trivela",https://www.futbin.com/25/player/55612/florian-wirtz,,,,,,Total Rush
158023,533,534,Lionel Messi,90,84,87,90,94,36,67,89,80,91,87,85,89,88,77,93,83,95,90,89,96,95,92,97,87,95,96,44,65,22,38,26,74,73,71,46,RW,4,4,Left,"169cm / 5'7""",67kg / 148lb,"RM, CAM, ST",37,Argentina,MLS,Inter Miami CF,"Technical+, Finesse Shot, Dead Ball, Incisive Pass, Tiki Taka, Quick Step, Trivela",https://www.futbin.com/25/player/55613/lionel-messi,,,,,,Total Rush
188545,534,535,Robert Lewandowski,90,85,90,85,88,48,87,86,85,92,92,91,85,88,92,87,82,90,90,75,85,87,83,86,91,92,90,54,95,40,46,22,94,80,91,83,ST,4,4,Right,"185cm / 6'1""",81kg / 179lb,,36,Poland,LALIGA EA SPORTS,FC Barcelona,"Chip Shot+, Finesse Shot, Power Shot, Power Header, Incisive Pass, First Touch, Trivela",https://www.futbin.com/25/player/55614/robert-lewandowski,,,,,,Total Rush
209331,535,536,Mohamed Salah,90,90,88,83,90,50,76,90,90,93,91,83,85,84,82,86,81,70,87,78,85,90,91,93,95,88,90,61,66,42,48,46,80,88,74,64,RW,3,4,Left,175cm / 5'8',72kg / 159lb,"RM, ST",32,Egypt,Premier League,Liverpool,"Finesse Shot+, Chip Shot, Rapid, Trickster, Trivela",https://www.futbin.com/25/player/55615/mohamed-salah,,,,,,Total Rush
188545,536,537,Robert Lewandowski,90,80,90,83,88,46,86,81,80,92,92,91,85,88,92,85,80,88,88,74,83,87,80,85,91,92,89,51,92,37,44,20,94,78,91,83,ST,4,4,Right,"185cm / 6'1""",81kg / 179lb,,36,Poland,LALIGA EA SPORTS,FC Barcelona,"Power Header+, Finesse Shot, Chip Shot, Power Shot, Incisive Pass, First Touch, Trivela",https://www.futbin.com/25/player/55752/robert-lewandowski,,,,,,LaLiga POTM SBC
226302,537,538,Alexandra Popp,90,83,91,80,87,54,93,81,84,95,90,95,89,92,90,80,80,78,87,68,78,85,84,85,96,90,89,46,97,47,54,50,97,94,94,87,ST,5,3,Left,"174cm / 5'9""",65kg / 143lb,LM,34,Germany,GPFBL,VfL Wolfsburg,"Finesse Shot+, Power Shot, Power Header, Bruiser, Trivela, Acrobatic, Aerial",https://www.futbin.com/25/player/55754/alexandra-popp,,,,,,Trailblazers
230621,538,539,Gianluigi Donnarumma,90,55,22,33,91,19,88,52,57,14,12,55,18,8,24,60,12,14,36,34,12,28,57,38,84,30,65,26,12,21,14,16,73,41,75,30,GK,3,2,Right,"196cm / 6'5""",90kg / 198lb,,26,Italy,Ligue 1 Uber Eats,Paris SG,"Deflector+, FootWork, Cross Claimer, Rush Out",https://www.futbin.com/25/player/55830/gianluigi-donnarumma,,,,,,FUT Centurions
10264,539,540,Ruud van Nistelrooy,90,87,90,73,86,39,82,86,87,92,95,91,80,92,86,71,72,76,81,58,80,85,82,80,93,88,86,32,90,29,38,32,78,80,84,80,ST,3,4,Right,"188cm / 6'2""",80kg / 176lb,,,Netherlands,Icons,EA FC ICONS,"Press Proven+, Finesse Shot, Chip Shot, Power Header, Bruiser, Rapid, First Touch, Acrobatic",https://www.futbin.com/25/player/55856/ruud-van-nistelrooy,,,,,,Squad Found. C.L.
209331,540,541,Mohamed Salah,90,90,88,84,89,47,76,90,90,93,91,83,85,84,82,87,82,71,88,79,86,89,90,92,94,87,89,57,62,40,45,43,80,88,74,64,RW,3,4,Left,175cm / 5'8',72kg / 159lb,RM,32,Egypt,Premier League,Liverpool,"Finesse Shot+, Chip Shot, Rapid, Trivela",https://www.futbin.com/25/player/55873/mohamed-salah,,,,,,IF
192119,541,542,Thibaut Courtois,90,50,24,30,91,17,90,44,54,13,14,57,17,12,27,44,14,20,33,35,19,13,63,45,88,23,66,15,13,20,18,16,68,38,70,23,GK,3,2,Left,"200cm / 6'7""",96kg / 212lb,,32,Belgium,LALIGA EA SPORTS,Real Madrid,"Rush Out+, Far Throw, Cross Claimer",https://www.futbin.com/25/player/55897/thibaut-courtois,,,,,,Track Stars
191972,542,543,David Ginola,90,91,89,88,92,56,88,92,90,85,88,90,91,92,83,93,90,83,86,85,89,93,92,85,85,93,93,55,88,54,50,46,94,86,90,86,ST,5,5,Right,186cm / 6'1',83kg / 183lb,"LM, CAM, LW",58,France,Ligue 1 Uber Eats,HERO,"Quick Step+, Power Shot, Technical, Flair, First Touch",https://www.futbin.com/25/player/55921/david-ginola,,,,,,Track Stars Hero
248266,543,544,Sacha Boey,90,91,66,77,88,89,89,91,91,81,53,83,80,47,59,69,76,51,85,78,73,86,90,91,90,88,87,91,69,91,91,89,87,93,85,93,RB,4,4,Right,"178cm / 5'10""",76kg / 168lb,LB,24,France,Bundesliga,FC Bayern München,"Technical+, Whipped Pass, Jockey, Intercept, Relentless",https://www.futbin.com/25/player/55966/sacha-boey,,,,,,FC Pro SBC
232293,544,545,Victor Osimhen,90,92,89,68,86,45,85,89,95,97,93,92,80,88,78,73,65,55,75,57,66,84,82,82,93,88,87,37,90,39,49,25,97,84,89,72,ST,5,4,Right,"186cm / 6'1""",77kg / 170lb,RW,26,Nigeria,Trendyol Süper Lig,Galatasaray,"Power Shot+, Chip Shot, Power Header, Technical, Rapid, Quick Step, Acrobatic",https://www.futbin.com/25/player/55967/victor-osimhen,,,,,,FC Pro
198219,545,546,Lorenzo Insigne,90,91,87,89,93,48,56,95,88,89,85,89,90,86,87,89,81,94,89,93,99,93,93,94,88,93,93,41,77,68,28,31,75,83,46,44,LW,4,5,Right,"163cm / 5'4""",59kg / 130lb,"LM, CAM, ST",33,Italy,MLS,Toronto FC,"Technical+, Finesse Shot, Flair, Quick Step, Trivela",https://www.futbin.com/25/player/55973/lorenzo-insigne,,,,,,FC Pro
231521,546,547,Exequiel Palacios,90,83,81,85,90,90,79,84,83,85,78,86,85,68,78,90,76,59,91,90,79,90,88,89,93,91,91,94,74,90,94,88,79,84,73,90,CDM,5,4,Right,"178cm / 5'10""",69kg / 152lb,"RB, CM",26,Argentina,Bundesliga,Leverkusen,"Intercept+, Anticipate, Bruiser, Technical, Press Proven",https://www.futbin.com/25/player/55975/exequiel-palacios,,,,,,FC Pro
246104,547,548,Ryan Gravenberch,90,85,88,90,93,81,85,86,85,89,88,90,91,80,68,95,85,80,93,91,85,95,91,89,88,94,91,87,70,83,83,71,87,89,87,73,CM,5,4,Right,"190cm / 6'3""",77kg / 170lb,"CDM, CAM",22,Netherlands,Premier League,Liverpool,"Long Ball Pass+, Finesse Shot, Incisive Pass, Anticipate, Technical, Flair",https://www.futbin.com/25/player/55977/ryan-gravenberch,,,,,,FC Pro
232411,548,549,Christopher Nkunku,90,87,87,87,92,70,73,88,87,90,90,86,85,75,81,88,86,86,89,85,88,93,94,96,87,92,88,70,76,72,70,58,84,82,73,60,CAM,3,5,Right,"177cm / 5'10""",68kg / 150lb,ST,27,France,Premier League,Chelsea,"First Touch+, Finesse Shot, Incisive Pass, Technical, Flair, Trickster, Trivela",https://www.futbin.com/25/player/56022/christopher-nkunku,,,,,,Champs Mastery
247182,549,550,Lucas Silva Melo,90,83,62,77,84,90,90,81,85,57,61,75,51,58,78,64,72,47,90,89,51,82,80,80,90,86,91,90,88,91,90,86,96,82,94,90,CB,3,2,Right,"185cm / 6'1""",81kg / 179lb,,25,Brazil,Bundesliga,Frankfurt,"Bruiser+, Jockey, Block, Relentless, Aerial",https://www.futbin.com/25/player/56034/lucas-silva-melo,,,,,,Champs Mastery
239837,550,551,Alexis Mac Allister,90,85,87,90,90,83,83,87,83,85,84,93,87,82,91,91,84,87,92,91,88,90,87,87,90,91,90,85,67,84,86,80,80,93,75,91,CM,4,4,Right,"176cm / 5'9""",72kg / 159lb,CDM,26,Argentina,Premier League,Liverpool,"Incisive Pass+, Power Shot, Dead Ball, Pinged Pass, Anticipate, First Touch, Press Proven",https://www.futbin.com/25/player/56035/alexis-mac-allister,,,,,,Champs Mastery
262457,551,552,Olga Carmona García,90,91,82,85,88,86,82,91,91,85,82,83,85,50,94,76,93,78,88,82,82,83,93,95,92,90,90,88,75,88,87,82,90,90,80,73,LB,3,4,Left,"160cm / 5'3""",51kg / 112lb,LW,24,Spain,Liga F,Real Madrid,"Whipped Pass+, Jockey, Block, Intercept, Rapid, Relentless",https://www.futbin.com/25/player/56036/olga-carmona-garcia,,,,,,Champs Mastery
177413,552,553,Axel Witsel,90,83,73,87,85,90,86,81,84,80,72,74,66,87,88,85,77,72,95,89,80,85,71,76,93,89,96,90,90,93,90,82,84,80,91,81,CB,4,3,Right,"186cm / 6'1""",81kg / 179lb,CDM,36,Belgium,LALIGA EA SPORTS,Atlético de Madrid,"Bruiser+, Power Header, Jockey, Block, Anticipate, Slide Tackle, Relentless",https://www.futbin.com/25/player/56049/axel-witsel,,,,,,Rivals Mastery
220093,553,554,Hans Hateboer,90,90,76,84,87,86,88,90,90,89,76,87,70,70,57,84,90,43,88,85,67,87,80,86,87,88,87,84,88,84,89,87,95,84,88,90,RB,4,4,Right,"185cm / 6'1""",72kg / 159lb,RM,31,Netherlands,Ligue 1 Uber Eats,Stade Rennais FC,"Jockey+, Long Ball Pass, Block, Intercept, Bruiser, Quick Step, Long Throw",https://www.futbin.com/25/player/56050/hans-hateboer,,,,,,Rivals Mastery
186146,554,555,Danny Welbeck,90,86,90,85,90,58,87,86,86,97,92,94,81,88,86,90,84,75,90,78,74,88,85,82,91,95,91,46,90,60,55,50,92,82,87,90,ST,4,4,Right,"185cm / 6'1""",73kg / 161lb,,34,England,Premier League,Brighton,"Power Shot+, Finesse Shot, Chip Shot, Pinged Pass, Rapid, Trivela, Aerial",https://www.futbin.com/25/player/56051/danny-welbeck,,,,,,Rivals Mastery
237328,555,556,Nathan Tella,90,90,87,87,87,60,75,95,86,92,92,96,74,70,65,89,93,51,93,77,82,88,91,91,80,86,78,48,97,63,57,45,90,95,66,70,RM,4,4,Right,"173cm / 5'8""",68kg / 150lb,"LM, CAM, RW",25,Nigeria,Bundesliga,Leverkusen,"Quick Step+, Chip Shot, Long Ball Pass, Whipped Pass, Rapid, Press Proven, Relentless",https://www.futbin.com/25/player/56065/nathan-tella,,,,,,Squad Battle Mastery
244067,556,557,Maxence Lacroix,90,91,52,70,79,85,84,85,95,41,37,97,47,36,48,64,45,33,90,84,47,77,75,71,88,80,93,86,82,85,85,83,90,77,88,80,CB,3,3,Right,"190cm / 6'3""",88kg / 194lb,,25,France,Premier League,Crystal Palace,"Jockey+, Incisive Pass, Block, Slide Tackle, Press Proven, Relentless, Aerial",https://www.futbin.com/25/player/56066/maxence-lacroix,,,,,,Squad Battle Mastery
223697,557,558,Robin Gosens,90,85,82,82,82,90,87,90,81,88,86,84,75,76,61,75,85,65,86,84,78,81,81,80,82,84,81,90,94,86,91,95,96,95,83,87,LB,4,4,Left,"183cm / 6'0""",76kg / 168lb,LM,30,Germany,Serie A TIM,Fiorentina,"Slide Tackle+, Incisive Pass, Jockey, Block, Intercept, Quick Step, Relentless",https://www.futbin.com/25/player/56067/robin-gosens,,,,,,Squad Battle Mastery
245872,558,559,Kim Little,90,86,83,87,92,81,80,89,84,95,80,90,80,87,83,90,82,68,93,84,81,92,89,92,93,95,88,90,67,75,85,86,80,96,74,77,CM,4,4,Right,162cm / 5'3',57kg / 126lb,"CDM, CAM",34,Scotland,Barclays WSL,Arsenal,"Press Proven+, Power Shot, Incisive Pass, Long Ball Pass, Tiki Taka, Anticipate, Technical, Trivela",https://www.futbin.com/25/player/56080/kim-little,,,,,,Mode Mastery
246669,559,560,Bukayo Saka,90,90,88,86,92,66,77,93,88,87,89,85,88,84,92,91,89,75,87,75,89,93,89,92,89,92,87,68,55,66,68,66,76,91,71,74,RW,4,4,Left,178cm / 5'10',65kg / 143lb,RM,23,England,Premier League,Arsenal,"Finesse Shot+, Whipped Pass, Technical, Rapid, Flair, First Touch, Relentless, Trivela",https://www.futbin.com/25/player/56083/bukayo-saka,,,,,,Thunderstruck SBC
241651,560,561,Viktor Gyökeres,90,93,88,75,86,43,94,91,95,88,91,90,84,78,86,86,68,66,82,58,78,86,83,83,90,88,88,34,93,41,41,20,98,96,94,90,ST,5,4,Right,"187cm / 6'2""",90kg / 198lb,LW,26,Sweden,Liga Portugal,Sporting CP,"Rapid+, Power Shot, Power Header, Press Proven, Aerial",https://www.futbin.com/25/player/56087/viktor-gyokeres,,,,,,Thunderstruck
243715,561,562,William Saliba,90,86,42,73,77,90,88,84,88,46,38,64,25,37,50,65,61,37,87,81,58,76,61,56,89,85,88,91,84,91,91,89,92,79,92,89,CB,3,2,Right,"193cm / 6'4""",85kg / 187lb,,24,France,Premier League,Arsenal,"Anticipate+, Incisive Pass, Jockey, Block, Intercept, Bruiser, Acrobatic, Aerial",https://www.futbin.com/25/player/56089/william-saliba,,,,,,Thunderstruck
233662,562,563,Sakina Karchaoui,90,92,69,85,90,86,71,95,90,85,59,81,78,62,73,79,92,71,89,82,85,91,93,89,86,90,89,91,71,84,91,86,79,94,56,79,LB,4,5,Left,"160cm / 5'3""",55kg / 121lb,"LM, LW",29,France,D1 Arkema,Paris SG,"Whipped Pass+, Jockey, Block, Intercept, Anticipate, Technical, Press Proven, Quick Step, Relentless",https://www.futbin.com/25/player/56090/sakina-karchaoui,,,,,,Thunderstruck
238427,563,564,Patrick Vieira,90,84,81,82,85,90,92,85,84,81,78,86,85,69,76,89,67,60,89,89,66,84,81,75,91,89,91,94,84,86,94,87,81,95,91,93,CM,4,3,Right,"192cm / 6'4""",83kg / 183lb,CDM,,France,Icons,EA FC ICONS,"Intercept+, Power Header, Pinged Pass, Block, Anticipate, Slide Tackle, Bruiser, Press Proven, Relentless",https://www.futbin.com/25/player/56110/patrick-vieira,,,,,,Thunderstruck Icon
161840,564,565,Fernando Hierro Ruiz,90,81,69,76,71,94,88,81,81,66,56,84,79,77,75,72,64,75,81,88,66,63,71,86,86,74,89,94,95,95,96,79,94,85,91,85,CB,3,2,Right,"187cm / 6'2""",84kg / 185lb,,,Spain,Icons,EA FC ICONS,"Bruiser+, Dead Ball, Power Header, Long Ball Pass, Block, Intercept, Anticipate, Slide Tackle, Aerial",https://www.futbin.com/25/player/56111/fernando-hierro-ruiz,,,,,,Thunderstruck Icon
1615,565,566,Lilian Thuram,90,90,61,79,77,92,92,91,90,71,60,66,62,58,44,77,77,44,86,81,66,73,79,85,85,79,86,90,89,94,90,96,88,91,92,92,RB,3,3,Right,"182cm / 6'0""",75kg / 165lb,CB,,France,Icons,EA FC ICONS,"Slide Tackle+, Jockey, Block, Anticipate, Bruiser, Aerial",https://www.futbin.com/25/player/56112/lilian-thuram,,,,,,Thunderstruck Icon
23174,566,567,Juan Román Riquelme,90,82,86,92,92,35,68,81,83,84,83,89,90,78,86,94,90,92,93,92,90,94,81,87,85,95,94,33,59,29,36,34,63,73,73,52,CAM,4,5,Right,"183cm / 6'0""",79kg / 174lb,,,Argentina,Icons,EA FC ICONS,"Trickster+, Power Shot, Dead Ball, Incisive Pass, Flair, First Touch, Trivela",https://www.futbin.com/25/player/56113/juan-roman-riquelme,,,,,,Thunderstruck Icon
224232,567,568,Nicolò Barella,90,84,81,86,90,83,85,88,81,86,79,85,83,83,76,87,82,70,91,88,82,86,94,95,93,92,90,87,62,85,86,84,82,96,77,90,CM,4,4,Right,172cm / 5'7',68kg / 150lb,CDM,28,Italy,Serie A TIM,Lombardia FC,"Pinged Pass+, Incisive Pass, Long Ball Pass, Intercept, Anticipate, Slide Tackle, Bruiser, Press Proven, Relentless",https://www.futbin.com/25/player/56132/nicolo-barella,,,,,,Thunderstruck
241846,568,569,Ewa Pajor,90,91,92,67,92,25,75,92,90,94,95,89,89,93,93,75,50,70,78,53,68,92,93,86,82,93,92,23,85,22,15,12,95,88,86,28,ST,3,4,Right,"167cm / 5'6""",61kg / 134lb,LW,28,Poland,Liga F,FC Barcelona,"Rapid+, Finesse Shot, Power Shot, Tiki Taka, Technical, Relentless, Acrobatic",https://www.futbin.com/25/player/56134/ewa-pajor,,,,,,Thunderstruck
1116,569,570,Marcel Desailly,90,84,53,68,69,90,90,82,85,52,42,73,59,52,55,74,54,42,77,73,50,62,60,59,89,77,94,91,89,92,89,87,84,83,92,93,CB,4,3,Right,"185cm / 6'1""",81kg / 179lb,CDM,,France,Icons,EA FC ICONS,"Block+, Power Header, Intercept, Anticipate, Slide Tackle, Bruiser, Press Proven, Aerial",https://www.futbin.com/25/player/56135/marcel-desailly,,,,,,Thunderstruck Icon S
237289,570,571,Patricia Guijarro Gutiérrez,90,82,84,85,90,87,81,82,82,82,82,91,93,60,72,85,71,68,92,95,77,89,85,90,88,93,87,85,86,88,89,87,92,82,81,75,CM,4,4,Right,"171cm / 5'7""",74kg / 163lb,CDM,26,Spain,Liga F,FC Barcelona,"Long Ball Pass+, Finesse Shot, Incisive Pass, Tiki Taka, Flair, First Touch, Press Proven",https://www.futbin.com/25/player/56141/patricia-guijarro-gutierrez,,,,,,Liga F POTM SBC
203376,571,572,Virgil van Dijk,90,80,61,73,72,90,87,68,89,48,53,82,65,46,63,69,54,72,82,88,62,71,55,51,89,78,91,89,88,91,92,87,90,73,94,86,CB,3,2,Right,193cm / 6'3',92kg / 203lb,,33,Netherlands,Premier League,Liverpool,"Aerial+, Power Header, Long Ball Pass, Jockey, Block, Anticipate, Bruiser",https://www.futbin.com/25/player/56144/virgil-van-dijk,,,,,,IF
207865,572,573,Marcos Aoás Corrêa,90,83,62,80,77,92,87,82,84,75,66,70,50,44,56,83,72,36,88,88,72,72,78,78,90,81,90,92,92,93,92,92,92,88,86,88,CB,3,3,Right,"183cm / 6'0""",75kg / 165lb,,30,Brazil,Ligue 1 Uber Eats,Paris SG,"Aerial+, Power Header, Pinged Pass, Jockey, Intercept, Anticipate, Slide Tackle",https://www.futbin.com/25/player/56170/marcos-aoas-correa,,,,,,Ultimate Succession
121939,573,574,Philipp Lahm,90,85,70,84,84,90,72,86,84,74,66,70,80,64,76,82,88,60,85,84,84,80,84,92,90,87,92,93,70,94,90,95,76,92,63,70,RB,4,3,Right,"170cm / 5'7""",65kg / 143lb,"LB, CDM",,Germany,Icons,EA FC ICONS,"Intercept+, Long Ball Pass, Whipped Pass, Anticipate, Slide Tackle, Press Proven",https://www.futbin.com/25/player/56203/philipp-lahm,,,,,,Ult Succession Icon
138449,574,575,Ricardo Izecson dos Santos Leite,90,90,86,88,91,44,72,91,90,86,86,88,86,86,86,91,87,82,90,84,90,92,87,85,90,91,94,47,61,45,38,36,56,86,77,48,CAM,4,5,Right,"186cm / 6'1""",78kg / 172lb,,,Brazil,Icons,EA FC ICONS,"Rapid+, Finesse Shot, Incisive Pass, Tiki Taka, Quick Step",https://www.futbin.com/25/player/56204/ricardo-izecson-dos-santos-leite,,,,,,Ult Succession Icon
209331,575,576,Mohamed Salah,90,90,88,84,90,47,76,90,90,93,91,83,85,84,82,87,82,71,88,79,86,90,91,93,95,88,90,57,62,40,45,43,80,88,74,64,RW,3,4,Left,175cm / 5'8',72kg / 159lb,RM,32,Egypt,Premier League,Liverpool,"Finesse Shot+, Chip Shot, Rapid, Trivela",https://www.futbin.com/25/player/56278/mohamed-salah,,,,,,PL POTM SBC
222665,576,577,Martin Ødegaard,90,82,85,90,90,68,67,83,82,88,86,85,87,82,70,92,87,86,92,92,85,90,88,88,93,92,90,70,56,69,73,58,67,90,57,65,CM,4,5,Left,"178cm / 5'10""",68kg / 150lb,CAM,26,Norway,Premier League,Arsenal,"Incisive Pass+, Pinged Pass, Whipped Pass, Technical, Flair, First Touch, Trivela",https://www.futbin.com/25/player/56281/martin-odegaard,,,,,,Globetrotters
139068,577,578,Luís Carlos Almeida da Cunha,90,87,87,88,90,50,85,90,84,82,83,94,89,92,83,90,88,92,86,84,97,91,88,91,85,88,91,47,90,61,33,30,87,84,87,82,LM,5,5,Right,"177cm / 5'10""",72kg / 159lb,"ST, LW",38,Portugal,Liga Portugal,Estrela Amadora,"Trickster+, Finesse Shot, Chip Shot, Technical, Flair, Trivela",https://www.futbin.com/25/player/56282/luis-carlos-almeida-da-cunha,,,,,,End of an Era SBC
20801,578,579,C. Ronaldo dos Santos Aveiro,90,85,91,82,87,37,85,81,88,93,91,95,88,86,93,83,83,81,84,77,84,84,82,80,93,92,99,36,93,26,35,26,97,88,87,71,ST,4,5,Right,"187cm / 6'2""",85kg / 187lb,LW,40,Portugal,ROSHN Saudi League,Al Nassr,"Power Shot+, Power Header, Technical, Flair, Trickster, Trivela, Acrobatic, Aerial",https://www.futbin.com/25/player/56283/c-ronaldo-dos-santos-aveiro,,,,,,Globetrotters
190046,579,580,Sócrates Vieira de Oliveira,90,87,90,90,91,44,83,88,86,87,87,92,93,91,89,93,88,88,89,90,88,91,83,80,85,94,96,33,87,29,52,47,70,91,83,76,ST,4,5,Right,"192cm / 6'4""",79kg / 174lb,,,Brazil,Icons,EA FC ICONS,"Power Shot+, Chip Shot, Incisive Pass, Technical, Flair, Trivela, Aerial",https://www.futbin.com/25/player/56343/socrates-vieira-de-oliveira,,,,,,Winter Wildcard ICON
234378,580,581,Declan Rice,90,82,75,85,84,88,90,81,82,74,67,88,85,52,74,82,82,67,88,89,84,84,80,80,87,86,88,90,75,88,90,87,85,95,87,90,CDM,4,3,Right,185cm / 6'0',80kg / 176lb,CM,26,England,Premier League,Arsenal,"Block+, Intercept+, Pinged Pass, Long Ball Pass, Anticipate, Bruiser, Press Proven",https://www.futbin.com/25/player/56352/declan-rice,,,,,,Winter Wildcards
37576,581,582,Ronaldo Luís Nazário de Lima,90,96,92,73,90,38,80,97,96,93,95,91,86,93,86,74,66,80,78,67,79,92,85,80,90,90,85,35,74,32,35,31,84,86,88,51,ST,5,5,Right,183cm / 6'0',78kg / 172lb,,,Brazil,Icons,EA FC ICONS,"Technical+, Finesse Shot, First Touch, Trickster, Quick Step",https://www.futbin.com/25/player/56374/ronaldo-luis-nazario-de-lima,,,,,,Winter Wildcard ICON
20289,582,583,Yaya Touré,90,84,86,89,88,85,92,82,86,87,83,93,89,76,89,93,77,87,94,89,88,87,81,77,90,93,90,83,76,82,91,88,81,96,95,84,CDM,5,4,Right,188cm / 6'2',90kg / 198lb,"CM, CAM",41,Côte d'Ivoire,Premier League,HERO,"Power Shot+, Bruiser+, Finesse Shot, Incisive Pass, Flair, Press Proven, Trivela",https://www.futbin.com/25/player/56382/yaya-toure,,,,,,Winter Wildcard Hero
28765,583,584,José Roberto da Silva Júnior,90,90,84,89,92,82,85,91,89,93,79,89,88,86,86,89,88,89,91,88,88,93,96,90,88,89,92,89,70,83,82,80,87,98,79,81,LM,4,5,Left,"172cm / 5'8""",68kg / 150lb,"LB, CM, LW",50,Brazil,Bundesliga,HERO,"Technical+, Dead Ball, Whipped Pass, Flair, First Touch, Relentless, Long Throw",https://www.futbin.com/25/player/56396/jose-roberto-da-silva-junior,,,,,,Winter Wildcard Hero
251483,584,585,Vincent Kompany,90,82,63,77,75,92,90,78,86,39,48,87,82,44,66,70,72,60,86,82,70,72,72,70,92,77,88,87,89,93,94,91,81,81,94,92,CB,3,3,Right,190cm / 6'2',85kg / 187lb,CDM,39,Belgium,Premier League,HERO,"Anticipate+, Power Shot, Block, Slide Tackle, Bruiser, Aerial",https://www.futbin.com/25/player/56437/vincent-kompany,,,,,,Winter Wildcard Hero
274966,585,586,Carlos Tévez,90,88,91,82,87,47,90,89,87,92,90,93,92,85,87,87,76,86,87,71,88,88,85,87,91,87,87,39,85,52,40,33,80,94,88,92,ST,5,4,Right,171cm / 5'7',77kg / 170lb,CAM,41,Argentina,Premier League,HERO,"Power Shot+, Relentless+, Finesse Shot, Technical, Press Proven, Quick Step",https://www.futbin.com/25/player/56438/carlos-tevez,,,,,,Winter Wildcard Hero
233049,586,587,Jadon Sancho,90,90,84,86,93,40,65,94,87,89,88,80,79,85,81,90,83,70,90,80,89,95,94,94,85,91,87,39,48,43,38,31,70,90,65,30,LM,4,5,Right,180cm / 5'10',76kg / 168lb,"RM, LW",25,England,Premier League,Chelsea,"Technical+, Trickster+, Finesse Shot, Pinged Pass, Rapid, Flair, Trivela",https://www.futbin.com/25/player/56452/jadon-sancho,,,,,,Objectives
200104,587,588,Heung Min Son,90,90,92,87,90,50,77,89,91,94,93,92,92,86,78,88,90,79,89,77,93,91,85,81,94,89,92,46,86,54,40,39,85,91,73,66,LW,4,5,Right,183cm / 6'0',78kg / 172lb,"LM, ST",32,Korea Republic,Premier League,Spurs,"Finesse Shot+, Trivela+, Chip Shot, Technical, Rapid, First Touch, Trickster, Quick Step",https://www.futbin.com/25/player/56458/heung-min-son,,,,,,Winter Wildcards
200104,588,589,Heung Min Son,90,91,93,85,89,47,77,90,92,95,94,93,93,87,80,86,88,78,87,76,91,90,84,80,93,88,91,44,77,50,38,37,85,91,73,66,ST,5,4,Right,183cm / 6'0',78kg / 172lb,"LM, LW",32,Korea Republic,Premier League,Spurs,"Finesse Shot+, Press Proven+, Chip Shot, Technical, Rapid, First Touch, Trickster, Quick Step, Trivela",https://www.futbin.com/25/player/56459/heung-min-son,,,,,,Winter Wildcards
257534,589,590,Cole Palmer,90,85,88,90,92,55,73,83,87,92,90,88,86,73,96,92,85,82,92,90,91,93,88,87,91,94,94,57,68,50,58,44,80,86,68,67,CAM,4,5,Left,189cm / 6'2',74kg / 163lb,"RM, RW",22,England,Premier League,Chelsea,"Technical+, Dead Ball, Finesse Shot, Incisive Pass, Whipped Pass, First Touch, Flair",https://www.futbin.com/25/player/56460/cole-palmer,,,,,,Winter Wildcards SBC
238384,590,591,Carles Puyol Saforcada,90,80,47,81,78,92,89,80,80,40,40,71,41,41,54,68,83,56,91,87,60,74,78,78,88,82,83,94,91,91,93,89,85,84,92,89,CDM,3,3,Right,"178cm / 5'10""",80kg / 176lb,"CB, CM",,Spain,Icons,EA FC ICONS,"Slide Tackle+, Power Header, Jockey, Block, Anticipate, Relentless, Aerial",https://www.futbin.com/25/player/56490/carles-puyol-saforcada,,,,,,Winter Wildcard ICON
236479,591,592,María Pilar León Cebrián,90,85,74,88,81,91,86,83,87,71,64,90,88,50,65,77,88,91,91,93,89,75,82,88,92,84,93,91,87,93,92,90,90,83,87,86,CB,4,3,Left,"170cm / 5'7""",58kg / 128lb,,29,Spain,Liga F,FC Barcelona,"Long Ball Pass+, Jockey, Block, Intercept, Anticipate, Slide Tackle, Aerial",https://www.futbin.com/25/player/56536/maria-pilar-leon-cebrian,,,,,,NumeroFUT
198710,592,593,James Rodríguez,90,86,90,89,86,65,77,87,85,89,89,91,92,92,86,87,91,89,88,88,91,86,81,81,81,90,89,69,81,68,56,60,75,80,76,74,CAM,5,5,Left,180cm / 5'10',75kg / 165lb,"RM, CM",33,Colombia,LALIGA EA SPORTS,Rayo Vallecano,"Power Shot+, Finesse Shot, Tiki Taka, Technical, Flair, First Touch, Trivela",https://www.futbin.com/25/player/56537/rodriguez,,,,,,NumeroFUT
240714,593,594,Jill Roord,90,83,88,90,90,60,84,86,80,90,87,90,92,83,77,92,85,85,92,89,86,90,89,88,90,90,85,66,68,68,53,39,91,86,93,56,CAM,5,4,Right,"175cm / 5'9""",63kg / 139lb,"CM, RW",28,Netherlands,Barclays WSL,Manchester City,"Incisive Pass+, Finesse Shot, Chip Shot, Power Shot, Tiki Taka, Technical, First Touch",https://www.futbin.com/25/player/56538/jill-roord,,,,,,NumeroFUT
199915,594,595,Lewis Dunk,90,83,63,78,81,90,91,81,85,36,51,87,81,51,48,80,46,78,91,91,68,78,77,74,89,86,88,89,89,91,90,86,88,84,93,93,CB,3,2,Right,"192cm / 6'4""",88kg / 194lb,,33,England,Premier League,Brighton,"Block+, Power Header, Pinged Pass, Long Ball Pass, Anticipate, Bruiser",https://www.futbin.com/25/player/56539/lewis-dunk,,,,,,NumeroFUT
209658,595,596,Leon Goretzka,90,83,85,87,89,85,92,84,82,85,85,90,88,78,65,89,82,78,89,88,81,88,89,87,90,89,89,87,90,82,87,82,91,86,95,90,CM,4,4,Right,"189cm / 6'2""",82kg / 181lb,CDM,30,Germany,Bundesliga,FC Bayern München,"Power Shot+, Power Header, Incisive Pass, Pinged Pass, Intercept, Bruiser, Technical",https://www.futbin.com/25/player/56688/leon-goretzka,,,,,,NumeroFUT
188943,596,597,Kevin Trapp,90,55,22,24,91,15,89,50,59,12,13,57,13,12,17,46,13,12,25,12,14,10,42,37,83,24,64,22,11,15,14,10,69,45,75,30,GK,4,1,Right,"189cm / 6'2""",84kg / 185lb,,34,Germany,Bundesliga,Frankfurt,"FootWork+, Long Ball Pass, Far Throw, Cross Claimer, Rush Out, Far Reach",https://www.futbin.com/25/player/56699/kevin-trapp,,,,,,NumeroFUT
263578,597,598,Alejandro Balde Martínez,90,96,57,84,85,88,82,95,96,75,61,63,46,38,49,83,91,32,92,81,64,84,88,81,85,87,84,90,75,87,90,90,92,90,80,75,LB,4,4,Left,"175cm / 5'9""",69kg / 152lb,"RB, LM",21,Spain,LALIGA EA SPORTS,FC Barcelona,"Anticipate+, Tiki Taka, Whipped Pass, Jockey, Intercept, Slide Tackle, Rapid, Quick Step",https://www.futbin.com/25/player/56700/alejandro-balde-martinez,,,,,,NumeroFUT
193082,598,599,Juan Cuadrado,90,93,83,87,92,82,81,92,93,82,80,90,88,78,73,83,90,84,90,83,93,93,96,88,80,92,86,80,75,80,86,90,90,86,74,88,RM,5,5,Right,"179cm / 5'10""",72kg / 159lb,"RB, RW",36,Colombia,Serie A TIM,Bergamo Calcio,"Rapid+, Whipped Pass, Anticipate, Slide Tackle, Technical, First Touch, Trickster",https://www.futbin.com/25/player/56701/cuadrado,,,,,,NumeroFUT
204935,599,600,Jordan Pickford,90,56,29,49,90,20,86,62,51,18,19,66,13,20,48,69,17,16,59,61,18,15,57,55,77,42,65,24,18,21,20,12,75,42,72,45,GK,5,1,Left,"185cm / 6'1""",77kg / 170lb,,31,England,Premier League,Everton,"Long Ball Pass+, Pinged Pass, Far Throw, FootWork, Rush Out",https://www.futbin.com/25/player/56702/jordan-pickford,,,,,,NumeroFUT
227127,600,601,Alejandro Remiro Gargallo,90,51,23,28,90,16,89,47,55,11,13,60,11,15,24,35,12,17,36,29,14,19,70,40,79,26,55,20,13,14,17,18,68,42,73,34,GK,4,1,Right,"192cm / 6'4""",79kg / 174lb,,30,Spain,LALIGA EA SPORTS,Real Sociedad,"Far Throw+, Pinged Pass, Long Ball Pass, FootWork, Cross Claimer, Deflector",https://www.futbin.com/25/player/56703/alejandro-remiro-gargallo,,,,,,NumeroFUT
245956,601,602,Christiane Endler,90,44,24,34,92,13,90,51,38,10,15,63,17,8,13,69,15,11,31,35,17,15,39,42,83,22,45,15,13,15,11,12,60,35,46,21,GK,4,1,Left,"183cm / 6'0""",73kg / 161lb,,33,Chile,D1 Arkema,OL,"Rush Out+, FootWork, Cross Claimer, Far Reach, Deflector",https://www.futbin.com/25/player/56704/christiane-endler,,,,,,NumeroFUT
241545,602,603,Ouleymata Sarr,90,96,87,84,90,52,81,93,98,90,91,87,81,80,76,82,80,73,91,80,80,90,85,84,89,92,87,45,87,52,47,42,97,82,86,61,LM,5,4,Right,"175cm / 5'9""",61kg / 134lb,"ST, LW",29,France,NWSL,Washington Spirit,"Quick Step+, Finesse Shot, Chip Shot, Power Header, Whipped Pass, Technical, Rapid, First Touch",https://www.futbin.com/25/player/56717/ouleymata-sarr,,,,,,NumeroFUT
256630,603,604,Florian Wirtz,90,84,81,90,91,53,70,84,84,86,82,81,82,83,67,94,87,72,94,90,85,92,89,89,90,92,87,47,45,61,52,47,67,91,62,66,CAM,4,4,Right,"177cm / 5'10""",71kg / 157lb,LM,21,Germany,Bundesliga,Leverkusen,"Incisive Pass+, Finesse Shot, Chip Shot, Technical, Flair, First Touch, Trivela",https://www.futbin.com/25/player/56753/florian-wirtz,,,,,,Bundes POTM SBC
254551,604,605,Georges Mikautadze,90,90,91,84,92,53,84,90,90,90,92,90,88,86,96,82,82,83,87,80,82,93,92,90,85,91,90,37,83,52,53,53,88,90,82,80,ST,3,4,Right,"176cm / 5'9""",71kg / 157lb,,24,Georgia,Ligue 1 Uber Eats,OL,"First Touch+, Finesse Shot, Chip Shot, Power Shot, Technical, Flair, Trivela",https://www.futbin.com/25/player/56768/georges-mikautadze,,,,,,TOTY Honourable Ment
267382,605,606,Naomi Girma,90,82,60,75,81,91,87,81,82,56,45,81,80,41,51,75,65,72,83,75,58,75,88,87,87,86,83,90,88,90,93,88,95,81,88,88,CB,3,3,Right,"164cm / 5'5""",58kg / 128lb,CDM,24,United States,NWSL,San Diego Wave,"Bruiser+, Incisive Pass, Long Ball Pass, Jockey, Block, Slide Tackle",https://www.futbin.com/25/player/56769/naomi-girma,,,,,,TOTY Honourable Ment
1397,606,607,Zinedine Zidane,90,86,86,88,90,81,82,87,85,86,85,84,88,99,84,90,86,84,90,89,81,92,80,81,90,92,92,87,90,77,80,79,78,83,82,80,CAM,5,5,Right,185cm / 6'0',77kg / 170lb,CM,,France,Icons,EA FC ICONS,"Acrobatic+, Finesse Shot, Incisive Pass, First Touch, Flair, Trivela",https://www.futbin.com/25/player/56771/zinedine-zidane,,,,,,TOTY Eras
269404,607,608,Salma Celeste Paralluelo Ayingono,90,97,90,85,90,58,88,96,97,83,93,93,85,85,73,86,81,78,86,84,91,90,95,86,82,90,84,53,94,54,54,52,98,88,96,65,LW,4,4,Left,"175cm / 5'9""",68kg / 150lb,"LM, ST",21,Spain,Liga F,FC Barcelona,"Quick Step+, Trivela+, Finesse Shot, Power Header, Whipped Pass, Technical, Relentless",https://www.futbin.com/25/player/56782/salma-celeste-paralluelo-ayingono,,,,,,TOTY Honourable Ment
210514,608,609,João Pedro Cavaco Cancelo,90,90,80,90,90,87,80,91,90,90,76,88,87,68,57,91,92,74,92,88,92,91,85,85,88,91,90,88,78,87,90,87,88,96,70,85,LB,5,4,Right,"182cm / 6'0""",74kg / 163lb,"RB, RM",30,Portugal,ROSHN Saudi League,Al Hilal,"Rapid+, Intercept+, Whipped Pass, Block, Technical, Flair, First Touch, Press Proven, Trivela",https://www.futbin.com/25/player/57072/joao-pedro-cavaco-cancelo,,,,,,Flashback SBC
256790,609,610,Jamal Musiala,90,88,86,84,92,65,73,90,86,90,90,85,84,81,66,90,73,66,90,84,81,96,95,95,90,86,85,67,51,66,66,70,72,81,70,70,CAM,4,5,Right,"184cm / 6'0""",72kg / 159lb,"CM, LM",22,Germany,Bundesliga,FC Bayern München,"Technical+, Chip Shot, Incisive Pass, Tiki Taka, Flair, Trickster, Relentless",https://www.futbin.com/25/player/57104/jamal-musiala,,,,,,TOTY Honourable Ment
230899,610,611,Ademola Lookman,90,90,88,81,90,39,76,94,87,95,92,88,84,87,70,86,74,62,87,79,78,90,94,88,88,89,83,41,85,34,29,32,88,82,74,72,ST,4,5,Right,"174cm / 5'9""",71kg / 157lb,"CAM, LW",27,Nigeria,Serie A TIM,Bergamo Calcio,"Power Shot+, Long Ball Pass, Technical, Rapid, First Touch, Quick Step",https://www.futbin.com/25/player/57112/ademola-lookman,,,,,,TOTY Honourable Ment
226268,611,612,Federico Dimarco,90,88,87,90,90,86,88,90,87,90,84,90,91,86,80,85,93,88,91,87,94,90,87,91,90,93,85,86,83,87,87,86,89,92,85,88,LB,4,4,Left,"174cm / 5'9""",76kg / 168lb,LM,27,Italy,Serie A TIM,Lombardia FC,"Whipped Pass+, Finesse Shot, Power Shot, Incisive Pass, Long Ball Pass, Jockey, First Touch",https://www.futbin.com/25/player/57115/federico-dimarco,,,,,,TOTY Honourable Ment
243627,612,613,Yacine Adli,90,91,85,91,91,88,86,91,91,86,83,88,90,83,73,93,84,87,93,97,88,91,84,84,91,95,97,88,77,89,93,83,89,85,85,91,CDM,4,4,Right,"186cm / 6'1""",78kg / 172lb,"CM, CAM",24,France,Serie A TIM,Fiorentina,"Long Ball Pass+, Incisive Pass, Anticipate, Press Proven, Relentless",https://www.futbin.com/25/player/57140/yacine-adli,,,,,,UECL Live
222104,613,614,Tosin Adarabioyo,90,87,49,78,81,91,91,88,87,43,44,67,43,43,51,74,54,41,95,98,57,81,78,78,84,83,84,90,89,91,94,90,96,86,93,91,CB,4,3,Right,"196cm / 6'5""",80kg / 176lb,,27,England,Premier League,Chelsea,"Aerial+, Pinged Pass, Long Ball Pass, Jockey, Intercept, Slide Tackle",https://www.futbin.com/25/player/57141/tosin-adarabioyo,,,,,,UECL Live
219581,614,615,Samuel Gigot,90,86,50,82,74,90,92,86,86,72,46,57,45,44,66,84,72,42,92,92,45,67,86,86,89,76,82,92,88,88,92,90,92,84,94,96,CB,4,2,Right,"187cm / 6'2""",83kg / 183lb,,31,France,Serie A TIM,Latium,"Bruiser+, Power Header, Jockey, Intercept, Relentless, Long Throw",https://www.futbin.com/25/player/57143/samuel-gigot,,,,,,UEL Live
258980,615,616,Alessia Russo,90,88,91,85,91,52,86,87,88,94,95,93,86,84,71,85,81,81,96,71,79,93,88,88,87,91,91,51,94,41,51,47,94,89,88,76,ST,4,4,Right,"173cm / 5'8""",64kg / 141lb,CAM,26,England,Barclays WSL,Arsenal,"Power Shot+, Power Header+, Finesse Shot, Rapid, First Touch, Trickster, Aerial",https://www.futbin.com/25/player/57145/alessia-russo,,,,,,UWCL RTTF
247851,616,617,Bruno Guimarães Moura,90,88,83,90,91,84,88,89,88,86,80,87,91,73,72,92,82,67,94,94,88,91,90,90,90,91,93,85,72,84,88,85,85,93,85,92,CDM,3,4,Right,"182cm / 6'0""",74kg / 163lb,CM,27,Brazil,Premier League,Newcastle Utd,"Press Proven+, Long Ball Pass+, Power Shot, Incisive Pass, Tiki Taka, Flair, First Touch, Trivela",https://www.futbin.com/25/player/57146/bruno-guimaraes-moura,,,,,,Objectives
226890,617,618,Marta Vieira da Silva,90,85,88,90,92,70,82,87,83,92,86,91,85,96,92,97,90,89,87,84,94,93,91,95,84,91,92,75,84,76,59,57,78,92,79,80,CAM,4,5,Left,"162cm / 5'4""",56kg / 123lb,"RM, RW, ST",39,Brazil,NWSL,Orlando Pride,"Trickster+, Incisive Pass, Pinged Pass, Technical, Flair, First Touch, Trivela, Acrobatic",https://www.futbin.com/25/player/57150/marta-vieira-da-silva,,,,,,TOTY Honourable Ment
45197,618,619,Xabier Alonso Olano,90,85,82,92,84,87,83,83,87,75,72,93,95,80,86,93,87,90,95,95,85,80,83,84,88,90,91,90,77,88,90,83,71,90,81,84,CDM,5,4,Right,"183cm / 6'0""",77kg / 170lb,CM,,Spain,Icons,EA FC ICONS,"Incisive Pass+, Long Ball Pass+, Power Shot, Intercept, Slide Tackle, Bruiser, Technical, First Touch",https://www.futbin.com/25/player/57158/xabier-alonso-olano,,,,,,Future Stars Icon
277954,619,620,Kenan Yildiz,90,90,88,88,87,50,81,90,90,95,89,87,92,72,84,93,87,69,93,81,85,88,87,85,85,87,84,56,90,52,38,32,92,84,86,63,CAM,5,4,Right,185cm / 6'0',75kg / 165lb,ST,19,Türkiye,Serie A TIM,Juventus,"Finesse Shot+, Pinged Pass+, Chip Shot, Whipped Pass, Technical, Quick Step",https://www.futbin.com/25/player/57159/kenan-yildiz,,,,,,Future Stars
279709,620,621,Lucas Lopes Beraldo,90,84,47,75,82,92,90,83,84,43,42,69,38,37,57,75,61,41,85,81,70,80,86,85,84,84,84,88,90,91,95,93,96,80,91,96,CB,3,3,Left,"182cm / 6'0""",78kg / 172lb,LB,21,Brazil,Ligue 1 Uber Eats,Paris SG,"Jockey+, Slide Tackle+, Pinged Pass, Whipped Pass, Block, Anticipate, Bruiser",https://www.futbin.com/25/player/57161/lucas-lopes-beraldo,,,,,,Future Stars
277954,621,622,Kenan Yildiz,90,93,86,87,90,50,80,92,93,93,87,85,90,70,82,92,86,68,92,80,84,90,90,87,88,90,87,56,90,52,38,32,91,83,85,62,LW,4,5,Right,185cm / 6'0',75kg / 165lb,"LM, RW",19,Türkiye,Serie A TIM,Juventus,"Technical+, Rapid+, Power Shot, Whipped Pass, Quick Step",https://www.futbin.com/25/player/57162/kenan-yildiz,,,,,,Future Stars
262112,622,623,Robin van Persie,90,88,93,86,90,50,75,88,88,95,94,93,91,95,93,86,86,88,88,79,89,88,86,86,92,93,90,54,86,41,48,40,69,79,79,60,ST,5,4,Left,"187cm / 6'2""",71kg / 157lb,,,Netherlands,Icons,EA FC ICONS,"Finesse Shot+, First Touch+, Chip Shot, Power Shot, Technical, Flair, Press Proven, Trivela",https://www.futbin.com/25/player/57199/robin-van-persie,,,,,,Future Stars Icon SB
260247,623,624,Morgan Rogers,90,90,91,88,90,70,88,90,90,90,94,94,90,80,77,90,92,68,91,81,92,95,81,90,84,88,90,63,70,65,84,61,95,80,95,81,CAM,4,4,Right,188cm / 6'2',80kg / 176lb,ST,22,England,Premier League,Aston Villa,"Finesse Shot+, Pinged Pass+, Incisive Pass, Tiki Taka, Technical, Flair, First Touch, Trickster, Relentless",https://www.futbin.com/25/player/57440/morgan-rogers,,,,,,Future Stars
248799,624,625,Mary Fowler,90,90,88,84,90,60,80,92,88,90,90,88,90,70,70,90,77,66,89,83,83,92,83,88,84,91,84,45,74,49,77,62,95,85,88,50,ST,5,4,Left,"170cm / 5'7""",66kg / 146lb,"CAM, RW, LW",22,Australia,Barclays WSL,Manchester City,"Finesse Shot+, Tiki Taka+, Power Shot, Pinged Pass, Technical, Rapid, First Touch, Quick Step, Trivela",https://www.futbin.com/25/player/57442/mary-fowler,,,,,,Future Stars
278046,625,626,Pau Cubarsí Paredes,90,88,41,83,88,91,83,85,90,74,36,53,27,35,60,96,55,55,95,95,60,86,82,82,92,92,87,90,91,91,92,90,90,88,81,81,CB,4,3,Right,"182cm / 6'0""",75kg / 165lb,,18,Spain,LALIGA EA SPORTS,FC Barcelona,"Long Ball Pass+, Anticipate+, Jockey, Block, Intercept, Slide Tackle, Bruiser, Aerial",https://www.futbin.com/25/player/57443/pau-cubarsi-paredes,,,,,,Future Stars
260247,626,627,Morgan Rogers,90,91,88,90,92,70,90,92,91,90,94,92,80,71,74,92,93,70,92,81,93,95,88,90,84,90,90,63,70,65,84,61,88,85,96,80,LM,4,4,Right,188cm / 6'2',80kg / 176lb,"CAM, LW",22,England,Premier League,Aston Villa,"Finesse Shot+, Technical+, Incisive Pass, Long Ball Pass, Whipped Pass, Flair, First Touch, Press Proven, Quick Step, Relentless",https://www.futbin.com/25/player/57444/morgan-rogers,,,,,,Future Stars
1088,627,628,Alessandro Nesta,90,84,45,65,76,93,86,80,87,37,42,53,45,43,52,58,55,33,79,70,46,75,70,70,87,77,84,92,85,94,94,93,84,80,90,86,CB,4,3,Right,187cm / 6'1',79kg / 174lb,,,Italy,Icons,EA FC ICONS,"Intercept+, Slide Tackle+, Jockey, Block, Anticipate, Bruiser, Acrobatic, Aerial",https://www.futbin.com/25/player/57460/alessandro-nesta,,,,,,Future Stars Icon
5471,628,629,Frank Lampard,90,88,91,90,91,86,88,86,89,86,90,93,95,87,90,86,84,89,95,94,86,90,87,88,90,93,90,92,82,85,88,73,86,96,87,81,CM,4,4,Right,184cm / 6'0',89kg / 196lb,"CDM, CAM",,England,Icons,EA FC ICONS,"Power Shot+, Incisive Pass+, Dead Ball, Pinged Pass, Tiki Taka, Press Proven, Trivela",https://www.futbin.com/25/player/57461/frank-lampard,,,,,,Future Stars Icon
49369,629,630,Fernando José Torres Sanz,90,91,90,77,87,44,80,92,90,93,95,87,82,85,88,87,77,67,81,57,78,87,87,82,93,85,88,37,82,36,45,40,87,87,80,70,ST,5,4,Right,"186cm / 6'1""",78kg / 172lb,,,Spain,Icons,EA FC ICONS,"Finesse Shot+, Rapid+, Chip Shot, Power Header, Flair, Press Proven, Quick Step, Relentless, Trivela",https://www.futbin.com/25/player/57465/fernando-jose-torres-sanz,,,,,,Future Stars Icon SB
238424,630,631,Patrick Kluivert,90,90,90,81,86,41,88,90,90,90,93,92,81,86,85,84,70,80,85,80,80,84,85,84,90,88,82,37,90,36,34,40,90,90,88,83,ST,4,5,Right,"188cm / 6'2""",81kg / 179lb,,,Netherlands,Icons,EA FC ICONS,"Power Shot+, Trivela+, Finesse Shot, Power Header, Rapid, First Touch, Press Proven, Relentless, Acrobatic",https://www.futbin.com/25/player/57474/patrick-kluivert,,,,,,Future Stars Icon
215914,631,632,N'Golo Kanté,90,86,70,82,87,90,85,89,84,77,70,76,70,60,58,86,76,55,90,82,56,85,86,98,93,88,90,94,58,94,95,91,80,90,80,94,CDM,4,4,Right,"168cm / 5'6""",70kg / 154lb,CM,34,France,ROSHN Saudi League,Al Ittihad,"Press Proven+, Anticipate+, Incisive Pass, Pinged Pass, Intercept, Bruiser, Technical, Relentless",https://www.futbin.com/25/player/57504/ngolo-kante,,,,,,Grassroot Greats SBC
190765,632,633,Pascal Groß,90,86,86,99,88,88,85,88,84,89,86,89,87,76,82,99,99,99,99,99,99,86,83,83,92,92,93,89,65,92,92,89,71,97,78,92,CDM,4,4,Right,"181cm / 5'11""",78kg / 172lb,CM,33,Germany,Bundesliga,Borussia Dortmund,"Pinged Pass+, Intercept+, Dead Ball, Long Ball Pass, Tiki Taka, Whipped Pass, Block, Bruiser",https://www.futbin.com/25/player/57508/pascal-gro,,,,,,Grassroot Greats
221697,633,634,Ollie Watkins,90,90,91,80,88,55,88,86,94,94,95,91,86,87,80,84,74,70,87,71,81,88,87,86,92,86,90,60,91,50,51,40,96,93,87,83,ST,4,4,Right,"180cm / 5'11""",70kg / 154lb,,29,England,Premier League,Aston Villa,"Rapid+, Power Shot+, Finesse Shot, Chip Shot, Technical, First Touch, Press Proven, Relentless",https://www.futbin.com/25/player/57509/ollie-watkins,,,,,,Grassroot Greats
240,634,635,Roy Keane,90,85,73,89,85,90,91,84,86,72,73,67,85,59,71,92,78,77,96,93,75,80,86,85,96,90,94,99,80,82,96,91,81,95,88,97,CM,4,4,Right,"180cm / 5'11""",76kg / 168lb,,,Republic of Ireland,Icons,EA FC ICONS,"First Touch+, Pinged Pass+, Incisive Pass, Tiki Taka, Intercept, Slide Tackle, Bruiser, Press Proven, Relentless",https://www.futbin.com/25/player/57530/roy-keane,,,,,,GrassrootGreatsIcon
167425,635,636,Abedi Ayew,90,92,85,90,92,50,67,93,92,85,82,85,88,87,88,93,92,86,91,85,91,92,96,93,92,93,86,45,82,50,46,43,76,84,66,48,CAM,4,4,Left,174cm / 5'8',67kg / 148lb,LM,60,Ghana,Ligue 1 Uber Eats,HERO,"Finesse Shot+, Rapid+, Incisive Pass, Whipped Pass, Technical, Flair, Quick Step, Relentless, Acrobatic",https://www.futbin.com/25/player/57533/abedi-ayew,,,,,,GrassrootGreatsHero
224458,636,637,Diogo José Teixeira da Silva,90,90,88,85,90,65,86,93,88,94,91,92,82,85,74,88,83,66,87,82,87,89,92,93,94,91,89,64,98,60,65,51,97,87,82,93,ST,5,4,Right,"178cm / 5'10""",70kg / 154lb,"RW, LW",28,Portugal,Premier League,Liverpool,"Finesse Shot+, First Touch+, Chip Shot, Power Shot, Long Ball Pass, Rapid, Relentless",https://www.futbin.com/25/player/57537/diogo-jose-teixeira-da-silva,,,,,,Flashback SBC
228618,637,638,Ferland Mendy,90,93,70,82,82,87,90,92,93,84,70,75,70,55,54,81,83,50,86,83,80,81,86,85,87,82,83,85,80,86,90,88,95,94,90,86,LB,5,4,Left,"180cm / 5'11""",73kg / 161lb,,29,France,LALIGA EA SPORTS,Real Madrid,"Quick Step+, Block+, Whipped Pass, Slide Tackle, Rapid, First Touch, Relentless",https://www.futbin.com/25/player/57538/ferland-mendy,,,,,,Grassroot Greats
227361,638,639,Kadidiatou Diani,90,92,88,84,90,59,82,91,93,94,93,82,87,77,74,87,82,73,90,77,77,89,91,86,88,92,86,58,86,49,62,53,91,83,92,54,RM,4,4,Right,"168cm / 5'6""",64kg / 141lb,"RW, ST",30,France,D1 Arkema,OL,"Rapid+, Technical, Flair, Quick Step, Trivela",https://www.futbin.com/25/player/57752/kadidiatou-diani,,,,,,SIF
214896,639,640,Paul Mullin,90,90,90,84,88,52,90,88,91,90,90,91,88,90,86,86,83,89,87,71,96,86,95,97,90,87,91,44,90,56,47,36,94,99,90,80,ST,4,4,Right,"178cm / 5'10""",71kg / 157lb,,30,England,EFL League One,Wrexham AFC,"Power Shot+, Acrobatic+, Finesse Shot, Chip Shot, Power Header, Relentless, Trivela, Aerial",https://www.futbin.com/25/player/57775/paul-mullin,,,,,,Grassroot Greats
269493,640,641,Alexsandro de Souza Ribeiro,90,83,39,73,79,91,91,78,87,19,26,77,29,40,55,71,48,48,94,74,61,79,81,81,91,79,82,91,89,89,93,89,91,83,96,88,CB,5,3,Left,"189cm / 6'2""",82kg / 181lb,,25,Brazil,Ligue 1 Uber Eats,LOSC Lille,"Aerial+, Anticipate+, Pinged Pass, Long Ball Pass, Jockey, Block, Intercept, Slide Tackle, Bruiser, Relentless",https://www.futbin.com/25/player/57790/alexsandro-de-souza-ribeiro,,,,,,Fantasy FC
244675,641,642,Oihan Sancet Tirapu,90,88,88,90,91,78,90,87,89,88,88,90,89,82,77,93,87,62,93,90,89,91,92,88,92,90,92,82,88,72,82,66,93,93,89,87,CAM,4,5,Right,"188cm / 6'2""",77kg / 170lb,"CM, ST",24,Spain,LALIGA EA SPORTS,Athletic Club,"Technical+, Incisive Pass+, Finesse Shot, Power Shot, Pinged Pass, Tiki Taka, Flair, Press Proven, Trivela",https://www.futbin.com/25/player/57792/oihan-sancet-tirapu,,,,,,Fantasy FC
5679,642,643,Nwankwo Kanu,90,90,90,85,91,44,80,90,90,94,93,88,87,87,91,91,81,72,90,75,87,91,90,88,91,91,92,40,86,44,36,30,60,85,84,71,ST,4,4,Right,196cm / 6'5',80kg / 176lb,,48,Nigeria,Premier League,HERO,"Finesse Shot+, Press Proven+, Power Shot, Incisive Pass, Technical, Rapid, Flair, First Touch, Trivela, Acrobatic",https://www.futbin.com/25/player/57800/nwankwo-kanu,,,,,,Fantasy FC Hero
200458,643,644,Lucas Digne,90,92,82,90,89,89,88,95,89,88,73,94,89,82,72,87,97,93,88,84,95,89,85,91,89,90,92,89,84,89,91,90,94,94,83,90,LB,3,4,Left,178cm / 5'10',74kg / 163lb,,31,France,Premier League,Aston Villa,"Quick Step+, Jockey+, Dead Ball, Whipped Pass, Anticipate, Relentless, Long Throw",https://www.futbin.com/25/player/58151/lucas-digne,,,,,,UCL Live
236461,644,645,Jean-Philippe Mateta,90,91,93,84,90,50,92,90,91,93,96,95,86,88,92,88,77,52,92,82,82,90,85,87,90,93,93,52,97,45,44,34,94,88,95,91,ST,5,4,Right,192cm / 6'3',88kg / 194lb,,27,France,Premier League,Crystal Palace,"Power Shot+, Power Header+, Finesse Shot, Pinged Pass, Rapid, First Touch, Low Driven Shot",https://www.futbin.com/25/player/58177/jean-philippe-mateta,,,,,,Fantasy FC
265900,645,646,Naomie Feller,90,99,91,83,92,44,87,99,99,93,93,92,92,84,78,83,84,74,89,73,80,93,93,88,86,91,91,40,87,39,42,27,97,87,92,72,ST,5,4,Right,"170cm / 5'7""",65kg / 143lb,RW,23,France,Liga F,Real Madrid,"Quick Step+, Trivela+, Finesse Shot, Power Shot, Whipped Pass, Rapid, First Touch",https://www.futbin.com/25/player/58183/naomie-feller,,,,,,Fantasy FC
233419,646,647,Raphael Dias Belloli,90,96,88,87,93,61,80,95,96,92,88,91,88,81,87,89,89,88,87,83,90,94,94,87,91,92,87,63,86,54,62,45,91,94,71,82,RW,4,5,Left,"176cm / 5'9""",68kg / 150lb,"RM, LW",28,Brazil,LALIGA EA SPORTS,FC Barcelona,"Rapid+, Tiki Taka+, Finesse Shot, Power Shot, Flair, Trickster, Quick Step, Relentless",https://www.futbin.com/25/player/58184/raphael-dias-belloli,,,,,,Objectives SBC
277179,647,648,Fermín López Marín,90,90,90,89,99,83,90,92,89,99,95,86,92,59,79,98,62,72,99,99,72,99,99,99,99,99,99,88,99,58,98,83,96,96,83,99,CM,5,5,Right,"174cm / 5'9""",64kg / 141lb,"CAM, LW",21,Spain,LALIGA EA SPORTS,FC Barcelona,"Technical+, Pinged Pass+, Incisive Pass, Long Ball Pass, Tiki Taka, Intercept, First Touch, Press Proven, Relentless",https://www.futbin.com/25/player/58186/fermin-lopez-marin,,,,,,Fantasy FC
242664,648,649,Alexis Saelemaekers,90,91,89,89,91,76,87,92,91,97,91,85,97,87,58,85,95,81,91,87,90,91,98,91,91,91,86,77,54,81,78,72,88,94,85,85,LM,4,4,Right,"180cm / 5'11""",72kg / 159lb,"RM, RW, LW",25,Belgium,Serie A TIM,AS Roma,"Finesse Shot+, Whipped Pass+, Tiki Taka, Technical, Rapid, First Touch, Trickster, Quick Step, Relentless, Trivela",https://www.futbin.com/25/player/58193/alexis-saelemaekers,,,,,,Fantasy FC
268421,649,650,Mathys Tel,90,96,94,81,91,43,81,95,96,91,94,98,93,93,76,91,71,71,85,75,86,91,91,91,81,91,86,29,93,35,41,48,95,86,85,61,ST,5,4,Right,"183cm / 6'0""",77kg / 170lb,"RM, LM",19,France,Premier League,Spurs,"Finesse Shot+, First Touch+, Chip Shot, Power Shot, Technical, Rapid, Flair, Quick Step",https://www.futbin.com/25/player/58194/mathys-tel,,,,,,Fantasy FC
265409,650,651,Janou Levels,90,95,72,83,87,88,83,97,94,82,84,65,52,63,79,64,92,57,92,86,83,87,87,86,94,92,85,90,73,88,90,88,93,96,74,86,LB,4,5,Left,"164cm / 5'5""",56kg / 123lb,LM,24,Netherlands,GPFBL,Leverkusen,"Rapid+, Anticipate+, Pinged Pass, Whipped Pass, Jockey, Block, Intercept, Long Throw, Aerial",https://www.futbin.com/25/player/58196/janou-levels,,,,,,Fantasy FC
34079,651,652,Ashley Cole,90,91,70,84,86,90,85,93,90,80,60,78,77,75,77,84,88,68,85,84,86,84,89,90,91,85,88,92,70,93,92,95,86,96,77,90,LB,4,4,Left,"176cm / 5'9""",66kg / 146lb,,,England,Icons,EA FC ICONS,"Relentless+, Jockey+, Whipped Pass, Block, Intercept, Slide Tackle, Technical, Rapid, Trivela",https://www.futbin.com/25/player/58214/ashley-cole,,,,,,On This Day SBC
261740,652,653,Jule Brand,90,98,89,87,90,67,84,99,98,94,94,86,88,74,72,87,89,69,91,84,79,89,94,87,88,93,86,60,82,64,70,66,85,92,82,77,LW,4,5,Right,"177cm / 5'10""",62kg / 137lb,"LM, CAM",22,Germany,GPFBL,VfL Wolfsburg,"Incisive Pass+, Quick Step+, Finesse Shot, Pinged Pass, Tiki Taka, Whipped Pass, Rapid, Flair, First Touch",https://www.futbin.com/25/player/58217/jule-brand,,,,,,Fantasy FC
238216,653,654,Conor Gallagher,90,88,85,89,90,87,91,87,88,87,84,89,86,76,71,87,82,84,94,92,84,89,86,86,91,92,89,91,66,86,91,87,81,98,86,95,CM,4,5,Right,"182cm / 6'0""",74kg / 163lb,"CDM, CAM",25,England,LALIGA EA SPORTS,Atlético de Madrid,"Pinged Pass+, Intercept+, Incisive Pass, Long Ball Pass, Block, Anticipate, Bruiser, Technical, Relentless",https://www.futbin.com/25/player/58219/conor-gallagher,,,,,,Fantasy FC
257278,654,655,Arthur Theate,90,87,62,73,76,92,94,85,88,45,45,91,80,46,54,66,70,52,85,77,47,69,77,72,92,80,91,92,88,91,94,89,97,86,98,95,CB,5,3,Left,"185cm / 6'1""",78kg / 172lb,,24,Belgium,Bundesliga,Frankfurt,"Aerial+, Anticipate+, Power Header, Pinged Pass, Block, Intercept, Bruiser, Long Throw",https://www.futbin.com/25/player/58220/arthur-theate,,,,,,Fantasy FC
224293,655,656,Rúben Diogo da Silva Neves,90,85,85,90,84,88,85,84,86,82,78,95,92,91,85,91,87,85,92,92,89,80,80,80,88,89,95,93,68,90,90,90,75,86,85,88,CDM,5,5,Right,"180cm / 5'11""",83kg / 183lb,CM,28,Portugal,ROSHN Saudi League,Al Hilal,"Power Shot+, Long Ball Pass+, Dead Ball, Pinged Pass, Whipped Pass, Intercept, Anticipate, Slide Tackle, Bruiser",https://www.futbin.com/25/player/58269/ruben-diogo-da-silva-neves,,,,,,FUT Birthday
259197,656,657,Nicolas Jackson,90,93,88,81,89,47,87,92,94,91,90,90,85,86,70,84,74,67,90,72,72,92,84,86,86,88,84,41,91,41,43,40,95,85,90,80,ST,5,5,Right,"187cm / 6'2""",78kg / 172lb,,23,Senegal,Premier League,Chelsea,"Chip Shot+, Relentless+, Power Shot, Technical, Rapid, Flair, Trickster, Quick Step",https://www.futbin.com/25/player/58270/nicolas-jackson,,,,,,FUT Birthday
215441,657,658,Serhou Guirassy,90,90,92,81,88,44,85,89,90,95,95,93,87,87,91,83,64,75,92,74,81,87,82,84,92,91,95,33,92,47,33,39,93,80,90,78,ST,5,5,Right,"187cm / 6'2""",82kg / 181lb,,29,Guinea,Bundesliga,Borussia Dortmund,"Chip Shot+, First Touch+, Finesse Shot, Power Shot, Power Header, Trivela, Acrobatic, Aerial",https://www.futbin.com/25/player/58271/serhou-guirassy,,,,,,FUT Birthday
227261,658,659,Alex Scott,90,92,80,84,84,90,85,93,92,80,74,91,85,66,77,72,85,72,89,86,89,81,90,85,94,84,92,92,84,87,94,87,73,88,83,87,RB,5,5,Right,163cm / 5'4',59kg / 130lb,LB,40,England,Barclays WSL,HERO,"Block+, Intercept+, Whipped Pass, Jockey, Anticipate, Trickster, Quick Step, Relentless, Acrobatic, Long Throw",https://www.futbin.com/25/player/58290/alex-scott,,,,,,FUT Birthday Hero
214101,659,660,Paulo Jorge dos Santos Futre,90,95,84,83,95,40,62,97,94,85,84,80,83,84,96,81,86,87,84,77,81,97,95,94,88,94,94,34,78,38,36,31,60,83,58,47,LW,5,5,Left,175cm / 5'8',74kg / 163lb,"LM, RW, ST",59,Portugal,LALIGA EA SPORTS,HERO,"Technical+, Trickster+, Finesse Shot, Incisive Pass, Rapid, Flair, First Touch, Quick Step",https://www.futbin.com/25/player/58557/paulo-jorge-dos-santos-futre,,,,,,FUT Birthday Hero SB
242516,660,661,Cody Gakpo,90,90,91,85,90,56,82,90,90,91,91,91,94,88,75,87,88,83,86,76,85,91,86,86,91,91,87,52,92,53,55,35,99,83,85,71,ST,5,5,Right,"189cm / 6'2""",76kg / 168lb,LW,25,Netherlands,Premier League,Liverpool,"Power Shot+, Quick Step+, Finesse Shot, Incisive Pass, Whipped Pass, Technical, Press Proven, Trivela",https://www.futbin.com/25/player/58561/cody-gakpo,,,,,,ShowDown SBC
203841,661,662,Nick Pope,90,57,23,36,90,17,89,59,56,13,14,56,15,14,22,50,11,12,42,52,13,15,36,42,80,25,63,23,11,19,15,14,71,37,75,36,GK,5,5,Right,"199cm / 6'6""",76kg / 168lb,,33,England,Premier League,Newcastle Utd,"Long Ball Pass+, FootWork+, Pinged Pass, Far Throw, Deflector",https://www.futbin.com/25/player/58565/nick-pope,,,,,,Flashback SBC
186627,662,663,Mario Balotelli,90,88,93,86,90,40,93,86,90,92,93,95,92,92,91,88,77,92,90,85,90,90,88,87,85,91,90,33,97,25,40,37,90,85,96,94,ST,5,5,Right,"190cm / 6'3""",88kg / 194lb,,34,Italy,Serie A TIM,Genoa,"Power Shot+, First Touch+, Finesse Shot, Rapid, Trickster, Press Proven, Relentless, Aerial",https://www.futbin.com/25/player/58592/balotelli,,,,,,FUT Birthday
180403,663,664,Willian Borges da Silva,90,88,90,92,94,63,80,89,88,94,90,93,91,72,94,93,91,94,92,87,96,94,93,91,92,93,97,71,41,55,71,64,77,85,82,67,LM,5,5,Right,"175cm / 5'9""",77kg / 170lb,LW,36,Brazil,Premier League,Fulham,"Technical+, Quick Step+, Finesse Shot, Dead Ball, Incisive Pass, Whipped Pass, Flair, Trickster, Press Proven, Relentless",https://www.futbin.com/25/player/58593/borges-da-silva,,,,,,FUT Birthday
215441,664,665,Serhou Guirassy,90,92,93,82,89,45,86,90,93,96,96,94,88,88,92,86,65,76,93,75,82,88,83,85,94,92,96,34,94,49,34,40,94,81,91,79,ST,5,4,Right,"187cm / 6'2""",82kg / 181lb,,29,Guinea,Bundesliga,Borussia Dortmund,"First Touch+, Trivela+, Finesse Shot, Chip Shot, Power Shot, Power Header, Press Proven, Aerial",https://www.futbin.com/25/player/58599/serhou-guirassy,,,,,,Bundes POTM SBC
278172,665,666,Ethan Mbappé,90,95,88,80,90,40,75,94,95,91,92,88,81,82,82,83,78,69,86,71,80,91,91,85,91,90,86,42,77,30,38,36,85,85,74,61,ST,5,5,Left,176cm / 5'9',70kg / 154lb,LW,18,France,Ligue 1 Uber Eats,LOSC Lille,"Chip Shot+, Quick Step+, Finesse Shot, Rapid, Flair, Trickster, Trivela, Acrobatic",https://www.futbin.com/25/player/58600/ethan-mbappe,,,,,,FUT Birthday
278172,666,667,Ethan Mbappé,90,88,84,90,90,87,82,92,84,82,83,90,84,78,82,90,83,75,97,93,78,90,91,90,82,91,90,89,78,85,92,87,84,89,77,84,CM,5,5,Left,176cm / 5'9',70kg / 154lb,CDM,18,France,Ligue 1 Uber Eats,LOSC Lille,"Pinged Pass+, Tiki Taka+, Incisive Pass, Long Ball Pass, Jockey, Intercept, Anticipate, Slide Tackle, First Touch",https://www.futbin.com/25/player/58601/ethan-mbappe,,,,,,FUT Birthday
207439,667,668,Leandro Paredes,90,87,83,93,90,89,90,87,87,82,68,99,96,95,86,92,86,88,96,95,93,89,86,90,86,94,91,90,71,88,94,94,84,87,90,96,CM,5,5,Right,"180cm / 5'11""",75kg / 165lb,CDM,30,Argentina,Serie A TIM,AS Roma,"Pinged Pass+, Tiki Taka+, Incisive Pass, Anticipate, Slide Tackle, Trickster, Trivela",https://www.futbin.com/25/player/58626/leandro-paredes,,,,,,FUT Birthday
232202,668,669,Delphine Cascarino,90,97,83,88,91,50,75,98,97,90,80,90,84,79,73,88,91,66,91,83,83,91,95,93,86,91,85,46,63,51,51,42,80,88,74,60,RW,5,5,Right,"164cm / 5'5""",58kg / 128lb,"RM, ST, LW",28,France,NWSL,San Diego Wave,"Quick Step+, Whipped Pass+, Technical, Flair, Trickster, Trivela, Low Driven Shot",https://www.futbin.com/25/player/58627/cascarino,,,,,,FUT Birthday
266928,669,670,Trinity Rodman,90,97,88,85,89,53,90,96,97,87,90,88,86,76,82,87,87,75,88,76,76,87,92,88,90,90,85,51,83,47,52,47,94,95,88,86,RM,5,5,Right,"173cm / 5'8""",60kg / 132lb,"LM, RW, ST",22,United States,NWSL,Washington Spirit,"Rapid+, Low Driven Shot+, Finesse Shot, Flair, Trickster, Quick Step, Relentless, Trivela",https://www.futbin.com/25/player/58650/trinity-rodman,,,,,,FUT Birthday
176580,670,671,Luis Suárez,90,90,93,86,90,50,88,88,91,94,93,94,91,92,90,88,83,90,86,81,93,90,84,87,94,89,97,44,97,43,46,43,87,84,88,92,ST,5,5,Right,"182cm / 6'0""",86kg / 190lb,,38,Uruguay,MLS,Inter Miami CF,"Finesse Shot+, Quick Step+, Power Shot, Technical, Press Proven, Trivela, Acrobatic",https://www.futbin.com/25/player/58652/luis-suarez,,,,,,Flashback SBC
239580,671,672,Gleison Bremer Silva Nascimento,90,86,55,75,71,92,90,82,90,64,54,74,43,42,47,70,58,31,92,86,54,67,71,72,83,73,82,90,93,92,92,90,98,81,94,90,CB,5,5,Right,187cm / 6'1',84kg / 185lb,,28,Brazil,Serie A TIM,Juventus,"Intercept+, Anticipate+, Power Header, Long Ball Pass, Jockey, Block, Slide Tackle, Bruiser, Aerial",https://www.futbin.com/25/player/58659/gleison-bremer-silva-nascimento,,,,,,FUT Birthday
239580,672,673,Gleison Bremer Silva Nascimento,90,88,55,85,80,90,89,82,92,64,54,74,43,42,47,83,74,43,95,93,75,75,80,80,92,82,91,88,91,90,90,88,97,80,93,87,CB,5,5,Right,187cm / 6'1',84kg / 185lb,,28,Brazil,Serie A TIM,Juventus,"Jockey+, Anticipate+, Power Header, Long Ball Pass, Block, Intercept, Slide Tackle, Bruiser, Aerial",https://www.futbin.com/25/player/58660/gleison-bremer-silva-nascimento,,,,,,FUT Birthday
220697,673,674,James Maddison,90,85,90,91,91,63,80,88,82,93,88,93,92,86,82,91,90,91,91,90,91,91,90,88,85,92,92,51,41,71,76,49,72,90,74,84,CAM,5,5,Right,"175cm / 5'9""",73kg / 161lb,RM,28,England,Premier League,Spurs,"Finesse Shot+, Incisive Pass+, Chip Shot, Dead Ball, Long Ball Pass, Whipped Pass, Flair, Trickster, Trivela",https://www.futbin.com/25/player/58661/james-maddison,,,,,,FUT Birthday
158023,674,675,Lionel Messi,90,84,88,90,94,36,68,90,79,92,88,86,90,89,78,93,83,95,90,89,96,95,92,97,87,95,96,44,65,22,38,26,74,77,71,46,ST,4,4,Left,"169cm / 5'7""",67kg / 148lb,"RM, CAM, RW",37,Argentina,MLS,Inter Miami CF,"Dead Ball+, Technical+, Finesse Shot, Incisive Pass, Tiki Taka, Quick Step, Trivela",https://www.futbin.com/25/player/58662/lionel-messi,,,,,,SIF
233748,675,676,Lieke Martens van Leer,90,90,90,89,94,52,80,90,90,90,91,91,87,85,86,91,88,87,88,85,96,94,91,90,90,95,93,53,67,56,47,41,83,82,82,74,LW,5,5,Right,"170cm / 5'7""",66kg / 146lb,LM,32,Netherlands,D1 Arkema,Paris SG,"Technical+, First Touch+, Incisive Pass, Tiki Taka, Whipped Pass, Flair, Trickster, Relentless, Low Driven Shot",https://www.futbin.com/25/player/58685/lieke-martens-van-leer,,,,,,FUT Birthday
243245,676,677,Orkun Kökçü,90,88,84,91,90,80,88,90,87,87,80,86,93,80,86,94,86,90,92,94,90,87,90,90,87,95,87,87,48,83,84,81,74,98,81,95,CM,5,4,Right,"175cm / 5'9""",69kg / 152lb,"CDM, CAM",24,Türkiye,Liga Portugal,SL Benfica,"Incisive Pass+, Pinged Pass+, Finesse Shot, Power Shot, Dead Ball, Anticipate, Bruiser, Technical, Trivela",https://www.futbin.com/25/player/58703/orkun-kokcu,,,,,,UCL Dreamchasers
262088,677,678,Hákon Arnar Haraldsson,90,94,88,90,93,80,87,93,94,94,88,88,86,88,82,92,85,78,94,88,85,93,99,96,85,91,90,83,63,82,80,81,80,99,76,99,LM,4,4,Right,"180cm / 5'11""",73kg / 161lb,"CAM, LW",22,Iceland,Ligue 1 Uber Eats,LOSC Lille,"Technical+, Trivela+, Incisive Pass, Tiki Taka, Whipped Pass, Rapid, Flair, First Touch",https://www.futbin.com/25/player/58704/hakon-arnar-haraldsson,,,,,,UCL Dreamchasers
199564,678,679,Sergio Roberto Carnicer,90,88,85,91,90,88,87,83,92,93,85,88,89,67,76,93,93,70,93,90,90,90,86,86,90,91,87,89,82,87,89,87,90,96,84,82,RB,5,4,Right,"178cm / 5'10""",68kg / 150lb,CM,33,Spain,Serie A TIM,Como,"Power Shot+, Jockey+, Incisive Pass, Pinged Pass, Block, Intercept, Slide Tackle, First Touch",https://www.futbin.com/25/player/58785/roberto-carnicer,,,,,,Player Moments SBC
220651,679,680,José Ángel Esmoris Tasende,90,90,85,91,91,87,81,90,90,91,83,97,81,77,67,87,97,85,90,90,93,92,94,95,82,90,89,89,76,87,88,86,87,99,66,94,LB,4,5,Left,"171cm / 5'7""",69kg / 152lb,LM,28,Spain,Serie A TIM,AS Roma,"Long Ball Pass+, Intercept+, Tiki Taka, Whipped Pass, Jockey, Block, Anticipate, Slide Tackle, Technical, First Touch",https://www.futbin.com/25/player/59015/jose-angel-esmoris-tasende,,,,,,UEL Dreamchasers
223848,680,681,Sergej Milinkovic-Savic,90,87,85,86,90,87,93,84,90,86,87,88,86,79,63,86,75,83,91,91,86,90,87,87,88,92,90,87,96,86,86,88,93,97,95,83,CM,5,4,Right,"192cm / 6'4""",95kg / 209lb,CDM,30,Serbia,ROSHN Saudi League,Al Hilal,"First Touch+, Bruiser+, Power Header, Incisive Pass, Relentless, Trivela, Aerial",https://www.futbin.com/25/player/59292/sergej-milinkovic-savic,,,,,,ShowDown SBC
220834,681,682,Marco Asensio Willemsen,90,90,91,92,92,55,80,92,88,92,90,93,97,91,74,91,92,86,92,93,95,92,87,87,90,95,91,58,73,51,54,50,88,88,80,70,RW,4,5,Left,"182cm / 6'0""",76kg / 168lb,"RM, CM, CAM",29,Spain,Premier League,Aston Villa,"Technical+, Trivela+, Finesse Shot, Dead Ball, Incisive Pass, Pinged Pass, Whipped Pass, Flair, Trickster",https://www.futbin.com/25/player/59320/marco-asensio-willemsen,,,,,,UCL Dreamchasers
275092,682,683,Sonia Bompastor,90,91,84,89,90,88,83,92,91,84,81,92,86,71,83,86,90,90,91,84,88,90,86,87,90,91,88,91,74,89,91,88,83,93,75,90,LB,4,4,Left,163cm / 5'4',52kg / 115lb,LM,44,France,D1 Arkema,HERO,"Press Proven+, Whipped Pass+, Dead Ball, Incisive Pass, Jockey, Intercept, Anticipate, Quick Step, Relentless",https://www.futbin.com/25/player/59329/sonia-bompastor,,,,,,FUT Immortals Hero
71557,683,684,Gareth Bale,90,97,90,88,90,90,81,97,97,87,89,93,92,88,83,86,88,91,89,86,90,91,90,88,92,90,90,90,99,90,90,82,86,89,81,69,LB,4,4,Left,"186cm / 6'1""",81kg / 179lb,"LM, ST, LW",,Wales,Icons,EA FC ICONS,"Rapid+, Jockey+, Whipped Pass, Intercept, Anticipate, Quick Step, Relentless, Acrobatic, Aerial, Low Driven Shot",https://www.futbin.com/25/player/59337/gareth-bale,,,,,,FUT Immortals Icon
8385,684,685,Aleksandr Mostovoi,90,88,90,91,92,67,82,89,88,90,90,90,92,85,94,95,86,93,93,87,89,94,90,88,90,92,90,66,85,67,63,66,77,85,80,86,CAM,5,4,Right,177cm / 5'9',75kg / 165lb,LM,56,Russia,LALIGA EA SPORTS,HERO,"Technical+, Tiki Taka+, Low Driven Shot+, Finesse Shot, Incisive Pass, Flair, First Touch, Relentless, Trivela",https://www.futbin.com/25/player/59343/aleksandr-mostovoi,,,,,,FUT Immortals Hero
168886,685,686,Sami Al Jaber,90,92,91,80,91,48,75,93,91,90,94,90,86,93,88,80,75,84,83,76,82,91,90,92,95,90,95,49,92,43,37,48,83,88,75,57,ST,4,5,Right,177cm / 5'9',71kg / 157lb,,52,Saudi Arabia,ROSHN Saudi League,HERO,"Finesse Shot+, Trickster+, Low Driven Shot+, Power Shot, Incisive Pass, Technical, Rapid, First Touch, Quick Step",https://www.futbin.com/25/player/59344/sami-al-jaber,,,,,,FUT Immortals Hero
189575,686,687,Iker Muniain Goñi,90,91,88,88,92,62,84,93,90,88,87,90,90,84,75,90,86,90,88,88,95,91,93,95,90,93,94,55,52,71,67,46,83,90,82,84,CAM,4,5,Right,"170cm / 5'7""",66kg / 146lb,LM,32,Spain,LPF,San Lorenzo,"Finesse Shot+, Low Driven Shot+, Incisive Pass, Technical, First Touch, Quick Step, Relentless, Trivela",https://www.futbin.com/25/player/59402/muniain-goni,,,,,,Flashback SBC
156353,687,688,Luis Hernández,90,93,90,82,90,50,80,95,92,93,93,88,86,85,90,81,76,91,84,80,83,90,92,89,89,90,89,36,95,42,50,54,93,90,78,70,ST,4,4,Right,"175cm / 5'9""",69kg / 152lb,,,Mexico,Icons,EA FC ICONS,"Quick Step+, Low Driven Shot+, Finesse Shot, Chip Shot, Power Shot, Power Header, Technical, Rapid, First Touch, Trivela, Aerial",https://www.futbin.com/25/player/59433/luis-hernandez,,,,,,FUT Immortals Icon
238435,688,689,Lothar Matthäus,90,90,85,89,80,92,90,94,87,85,77,92,92,86,91,90,83,91,92,92,76,75,78,80,87,84,88,94,82,91,95,92,84,96,85,94,CB,4,4,Right,"174cm / 5'9""",71kg / 157lb,"CDM, CM",,Germany,Icons,EA FC ICONS,"Block+, Bruiser+, Long Ball Pass, Intercept, Anticipate, Slide Tackle, Quick Step, Relentless",https://www.futbin.com/25/player/59442/lothar-matthaus,,,,,,FUT Immortals Icon
227263,689,690,Kelly Smith,90,91,93,87,92,47,80,91,91,94,95,90,96,89,84,90,86,94,90,74,93,92,88,88,92,93,92,37,88,36,52,48,82,88,85,59,ST,4,4,Left,"168cm / 5'6""",59kg / 130lb,,,England,Icons,EA FC ICONS,"Finesse Shot+, Trickster+, Chip Shot, Dead Ball, Power Header, Rapid, First Touch, Aerial",https://www.futbin.com/25/player/59443/kelly-smith,,,,,,FUT Immortals Icon
254831,690,691,Bryan Limbombe,90,92,85,87,90,65,80,93,91,90,86,85,82,81,82,85,91,80,90,80,88,89,91,94,87,90,86,69,91,55,65,57,88,87,80,71,LM,4,5,Right,172cm / 5'7',77kg / 170lb,"RM, LW",23,Belgium,Eredivisie,Heracles Almelo,"Finesse Shot+, Technical+, Pinged Pass, Whipped Pass, Rapid, Flair, First Touch, Trickster, Acrobatic",https://www.futbin.com/25/player/59454/bryan-limbombe,,,,,,FC Pro Leagues Live
205693,691,692,Sébastien Haller,90,90,92,80,87,61,90,87,92,96,95,96,80,96,97,90,56,60,93,76,80,86,82,81,90,90,93,43,98,48,73,67,95,85,96,80,ST,5,4,Right,191cm / 6'3',90kg / 198lb,,30,Côte d'Ivoire,Eredivisie,FC Utrecht,"Power Shot+, Power Header+, Chip Shot, Tiki Taka, Bruiser, Flair, First Touch, Relentless, Acrobatic, Aerial",https://www.futbin.com/25/player/59457/sebastien-haller,,,,,,FC Pro Leagues Live
246800,692,693,Tajon Buchanan,90,95,86,88,90,83,89,96,94,85,86,92,83,84,82,89,88,77,92,81,82,90,90,87,88,90,85,84,84,84,82,80,97,89,86,92,RM,4,5,Right,183cm / 6'0',69kg / 152lb,"RB, RW",26,Canada,LALIGA EA SPORTS,Villarreal CF,"Quick Step+, Relentless+, Chip Shot, Power Shot, Tiki Taka, Whipped Pass, Intercept, Rapid, Trickster",https://www.futbin.com/25/player/59458/tajon-buchanan,,,,,,FC Pro Leagues Live
184432,693,694,César Azpilicueta Tanco,90,86,66,88,84,91,89,88,85,74,55,82,72,61,79,85,90,67,91,90,84,80,82,85,94,88,90,90,89,91,91,90,93,86,87,95,CB,5,3,Right,178cm / 5'10',77kg / 170lb,RB,35,Spain,LALIGA EA SPORTS,Atlético de Madrid,"Jockey+, Intercept+, Pinged Pass, Whipped Pass, Block, Anticipate, Slide Tackle, Press Proven, Long Throw",https://www.futbin.com/25/player/59459/cesar-azpilicueta-tanco,,,,,,FC Pro Leagues Live
192638,694,695,Marcos Alonso Mendoza,90,90,87,93,88,90,86,91,90,91,82,96,88,90,75,86,97,97,95,87,98,87,87,87,88,90,90,90,92,84,95,94,91,88,84,88,LB,5,4,Right,"188cm / 6'2""",84kg / 185lb,CB,34,Spain,LALIGA EA SPORTS,RC Celta,"Pinged Pass+, Intercept+, Whipped Pass, Jockey, Block, Anticipate, Slide Tackle, Bruiser, Technical, First Touch",https://www.futbin.com/25/player/59462/alonso-mendoza,,,,,,Flashback SBC
271421,695,696,Désiré Doué,90,96,90,91,95,68,84,97,96,89,91,95,89,80,80,96,80,75,97,94,84,99,90,88,88,94,87,67,51,68,73,67,83,87,84,80,LM,4,4,Right,"181cm / 5'11""",79kg / 174lb,"CM, LW",19,France,Ligue 1 Uber Eats,Paris SG,"First Touch+, Quick Step+, Chip Shot, Power Shot, Incisive Pass, Technical, Flair",https://www.futbin.com/25/player/59464/desire-doue,,,,,,Ligue 1 POTM SBC
227397,696,697,Adriana Leon,90,92,90,87,90,50,80,90,93,95,90,92,91,92,70,87,87,84,87,87,85,90,90,88,88,90,88,46,96,46,47,37,88,88,80,70,RW,4,5,Right,"161cm / 5'3""",54kg / 119lb,"RM, ST, LW",32,Canada,NWSL,San Diego Wave,"Rapid+, Trivela+, Chip Shot, Power Shot, Pinged Pass, Whipped Pass, Technical, Quick Step",https://www.futbin.com/25/player/59467/adriana-leon,,,,,,Flashback SBC
232805,697,698,Bernardo Fernandes,90,86,70,82,83,91,90,84,88,85,55,89,85,70,60,76,79,77,88,85,75,83,82,84,88,85,84,88,86,91,94,97,90,95,90,86,LB,5,4,Left,186cm / 6'1',76kg / 168lb,CB,29,Brazil,Bundesliga,VfL Bochum,"Relentless+, Jockey+, Pinged Pass, Block, Intercept, Slide Tackle, Bruiser, Acrobatic, Aerial",https://www.futbin.com/25/player/59470/bernardo-fernandes,,,,,,FC Pro Leagues Live
245541,698,699,Giovanni Reyna,90,91,88,87,90,53,84,91,91,88,87,94,90,92,60,89,84,80,90,85,91,90,92,88,84,87,85,52,70,50,50,53,85,90,87,70,RM,4,5,Right,185cm / 6'0',79kg / 174lb,"LM, CAM, RW",22,United States,Bundesliga,Borussia Dortmund,"Technical+, Rapid+, Finesse Shot, Power Shot, Incisive Pass, Tiki Taka, Whipped Pass, Flair, Trickster",https://www.futbin.com/25/player/59471/giovanni-reyna,,,,,,FC Pro Leagues Live
238476,699,700,Dan-Axel Zagadou,90,87,50,76,79,90,93,84,89,47,40,83,41,41,46,76,61,41,89,87,51,79,76,77,93,79,94,87,99,87,93,85,92,85,99,90,CB,5,3,Left,196cm / 6'5',90kg / 198lb,,25,France,Bundesliga,VfB Stuttgart,"Power Header+, Bruiser+, Pinged Pass, Block, Intercept, Anticipate, Slide Tackle, Acrobatic, Aerial",https://www.futbin.com/25/player/59472/dan-axel-zagadou,,,,,,FC Pro Leagues Live
207791,700,701,Yussuf Poulsen,90,87,90,83,89,70,93,91,83,95,92,91,85,93,72,85,81,60,88,80,85,89,80,75,94,92,88,68,99,66,74,44,99,88,94,95,ST,5,4,Right,192cm / 6'3',84kg / 185lb,,30,Denmark,Bundesliga,RB Leipzig,"Finesse Shot+, Aerial+, Chip Shot, Power Shot, Power Header, Pinged Pass, Bruiser, First Touch, Quick Step",https://www.futbin.com/25/player/59473/yussuf-poulsen,,,,,,FC Pro Leagues Live
227315,701,702,Laura Georges,89,87,50,70,70,89,88,85,89,46,47,63,44,43,56,59,59,46,86,74,65,62,80,82,90,72,83,87,88,89,90,94,94,81,90,92,CB,3,3,Right,"172cm / 5'8""",62kg / 137lb,,40,France,D1 Arkema,HERO,"Anticipate+, Jockey, Block, Slide Tackle, Bruiser",https://www.futbin.com/25/player/3/laura-georges,,,,,,Prime Hero
171877,702,703,Marek Hamšík,89,85,89,89,88,78,86,84,86,92,87,92,93,84,85,88,86,73,93,91,83,89,80,86,88,90,89,81,81,75,79,74,83,94,84,81,CAM,5,4,Right,"183cm / 6'0""",73kg / 161lb,CM,37,Slovakia,Serie A TIM,HERO,"Power Shot+, Incisive Pass, Long Ball Pass, Press Proven, Relentless, Trivela",https://www.futbin.com/25/player/7/marek-hamsik,,,,,,Prime Hero
16254,703,704,Tim Howard,89,56,28,36,88,20,87,58,54,17,20,65,16,13,32,60,15,19,35,43,18,18,61,60,83,31,64,25,17,23,15,16,77,25,78,44,GK,3,1,Right,"191cm / 6'3""",85kg / 187lb,,46,United States,Premier League,HERO,"Far Throw+, FootWork, Cross Claimer, Rush Out, Deflector",https://www.futbin.com/25/player/11/tim-howard,,,,,,Prime Hero
5740,704,705,Jaap Stam,89,85,54,65,71,91,90,82,88,54,43,83,54,44,54,53,63,40,76,70,47,61,70,71,86,82,91,88,89,91,93,89,84,82,93,92,CB,3,3,Right,"191cm / 6'3""",86kg / 190lb,,52,Netherlands,Premier League,HERO,"Bruiser+, Jockey, Block, Intercept, Anticipate, Aerial",https://www.futbin.com/25/player/21/jaap-stam,,,,,,Prime Hero
28765,705,706,José Roberto da Silva Júnior,89,89,82,88,91,80,83,90,88,90,77,87,86,84,84,88,87,88,90,87,87,92,95,89,87,88,91,87,69,81,80,78,86,96,78,80,LM,4,5,Left,"172cm / 5'8""",68kg / 150lb,"LB, CM, LW",50,Brazil,Bundesliga,HERO,"Technical+, Dead Ball, Whipped Pass, Flair, First Touch, Relentless, Long Throw",https://www.futbin.com/25/player/25/jose-roberto-da-silva-junior,,,,,,Prime Hero
20289,706,707,Yaya Touré,89,82,85,88,87,83,91,80,84,86,82,92,88,75,88,92,76,86,93,88,87,86,80,71,89,92,88,81,74,80,89,86,80,95,94,83,CM,4,4,Right,"188cm / 6'2""",90kg / 198lb,"CM, CAM, CDM",41,Côte d'Ivoire,Premier League,HERO,"Finesse Shot+, Power Shot, Incisive Pass, Bruiser, Flair, Press Proven, Trivela",https://www.futbin.com/25/player/27/yaya-toure,,,,,,Prime Hero
192119,707,708,Thibaut Courtois,89,48,24,30,90,17,88,42,52,13,14,57,17,12,27,44,14,20,33,35,19,13,63,45,88,23,66,15,13,20,18,16,68,38,70,23,GK,3,1,Left,"200cm / 6'7""",96kg / 212lb,,32,Belgium,LALIGA EA SPORTS,Real Madrid,"Rush Out+, Far Throw, Cross Claimer",https://www.futbin.com/25/player/43/thibaut-courtois,,,,,,Normal
231478,708,709,Lautaro Martínez,89,82,88,75,87,54,85,84,80,92,93,87,80,92,74,79,68,65,79,73,80,85,89,92,92,89,88,48,86,55,51,44,93,83,85,87,ST,4,4,Right,"174cm / 5'9""",72kg / 159lb,,27,Argentina,Serie A TIM,Lombardia FC,"Finesse Shot+, Power Shot, Technical, Relentless",https://www.futbin.com/25/player/48/lautaro-martinez,,,,,,Normal
222665,709,710,Martin Ødegaard,89,70,82,89,89,67,66,72,69,84,83,82,84,79,68,91,86,85,91,89,84,89,85,83,91,91,87,69,55,68,72,57,66,88,56,64,CM,2,5,Left,"178cm / 5'10""",68kg / 150lb,CAM,26,Norway,Premier League,Arsenal,"Incisive Pass+, Pinged Pass, Whipped Pass, Technical, Flair, First Touch, Trivela",https://www.futbin.com/25/player/32827/martin-odegaard,,,,,,Normal
230621,710,711,Gianluigi Donnarumma,89,53,22,33,90,19,87,50,55,14,12,55,18,8,24,60,12,14,36,34,12,28,57,38,84,30,65,26,12,21,14,16,73,41,75,30,GK,3,1,Right,"196cm / 6'5""",90kg / 198lb,,26,Italy,Ligue 1 Uber Eats,Paris SG,"Deflector+, FootWork",https://www.futbin.com/25/player/32828/gianluigi-donnarumma,,,,,,Normal
212831,711,712,Alisson Ramses Becker,89,54,24,48,89,17,90,60,49,13,13,64,14,20,23,66,17,18,60,58,19,27,40,37,87,42,66,11,29,15,19,16,82,32,78,27,GK,3,1,Right,"193cm / 6'4""",91kg / 201lb,,32,Brazil,Premier League,Liverpool,"Deflector+, Far Throw, Rush Out",https://www.futbin.com/25/player/32829/alisson-ramses-becker,,,,,,Normal
203376,712,713,Virgil van Dijk,89,78,60,71,71,89,86,66,87,47,52,81,64,45,62,67,53,70,80,86,60,70,54,50,88,77,90,88,87,90,91,86,89,72,93,85,CB,3,2,Right,"193cm / 6'4""",92kg / 203lb,,33,Netherlands,Premier League,Liverpool,"Aerial+, Power Header, Long Ball Pass, Jockey, Block, Anticipate, Bruiser",https://www.futbin.com/25/player/32830/virgil-van-dijk,,,,,,Normal
192448,713,714,Marc-André ter Stegen,89,48,24,50,91,18,86,45,50,11,14,67,10,14,25,70,18,12,61,63,18,21,39,43,85,30,70,22,11,25,13,10,72,35,78,43,GK,4,1,Right,"187cm / 6'2""",85kg / 187lb,,32,Germany,LALIGA EA SPORTS,FC Barcelona,"FootWork+, Rush Out",https://www.futbin.com/25/player/32831/marc-andre-ter-stegen,,,,,,Normal
209331,714,715,Mohamed Salah,89,89,87,82,88,45,75,89,89,92,90,82,84,83,81,85,80,69,86,77,84,88,89,91,93,86,88,55,59,38,43,41,79,87,73,63,RW,3,4,Left,175cm / 5'8',72kg / 159lb,RM,32,Egypt,Premier League,Liverpool,"Finesse Shot+, Chip Shot, Rapid, Trivela",https://www.futbin.com/25/player/32832/mohamed-salah,,,,,,Normal
264012,715,716,Sophia Wilson,89,93,86,79,89,45,84,92,93,89,89,86,82,84,78,74,73,72,88,75,74,89,85,86,89,91,80,43,79,41,42,39,92,93,85,68,ST,5,4,Right,"164cm / 5'5""",58kg / 128lb,RW,24,United States,NWSL,Portland Timbers-Thorns,"First Touch+, Finesse Shot, Technical, Flair, Trickster, Quick Step",https://www.futbin.com/25/player/32862/sophia-wilson,,,,,,Normal
227310,716,717,Ada Hegerberg,89,74,89,77,86,39,79,73,75,93,91,85,86,90,84,76,71,75,83,72,79,90,74,45,90,90,86,23,92,42,33,30,91,75,85,65,ST,4,4,Right,"176cm / 5'9""",68kg / 150lb,,29,Norway,D1 Arkema,OL,"Technical, First Touch, Trivela, Aerial",https://www.futbin.com/25/player/32863/ada-hegerberg,,,,,,Normal
236479,717,718,María Pilar León Cebrián,89,75,73,83,76,90,82,73,77,70,63,89,87,49,64,62,86,88,88,90,87,68,73,86,90,82,91,90,83,91,91,89,88,75,85,84,CB,3,2,Left,"170cm / 5'7""",58kg / 128lb,,29,Spain,Liga F,FC Barcelona,"Intercept+, Long Ball Pass, Jockey, Block, Anticipate, Slide Tackle",https://www.futbin.com/25/player/32864/maria-pilar-leon-cebrian,,,,,,Normal
51,718,719,Alan Shearer,89,82,91,76,78,49,84,83,81,91,93,93,85,92,92,74,76,85,82,62,80,76,70,73,86,82,87,43,94,27,57,53,87,83,87,79,ST,3,3,Right,"182cm / 6'0""",78kg / 172lb,,,England,Icons,EA FC ICONS,"Power Header+, Power Shot, First Touch, Aerial",https://www.futbin.com/25/player/54342/alan-shearer,,,,,,Icon
1041,719,720,Javier Zanetti,89,83,60,84,81,86,78,82,83,73,58,71,48,57,65,80,91,55,90,84,57,77,75,81,87,88,84,89,81,84,87,85,50,88,73,83,RB,4,2,Right,"178cm / 5'10""",74kg / 163lb,"LB, CM",,Argentina,Icons,EA FC ICONS,"Relentless+, Power Shot, Jockey, Intercept, Anticipate, Press Proven",https://www.futbin.com/25/player/54350/javier-zanetti,,,,,,Icon
1088,720,721,Alessandro Nesta,89,76,44,63,68,92,84,72,79,36,41,52,44,42,51,56,53,32,77,68,45,64,56,55,86,76,83,91,84,93,93,92,83,72,89,85,CB,3,2,Right,"187cm / 6'2""",79kg / 174lb,,,Italy,Icons,EA FC ICONS,"Slide Tackle+, Anticipate, Acrobatic, Aerial",https://www.futbin.com/25/player/54351/alessandro-nesta,,,,,,Icon
1183,721,722,Fabio Cannavaro,89,80,44,62,67,93,83,83,77,35,38,56,48,41,51,53,57,36,71,68,61,57,82,80,89,68,80,94,88,93,93,92,91,76,85,83,CB,3,2,Right,"176cm / 5'9""",74kg / 163lb,,,Italy,Icons,EA FC ICONS,"Intercept+, Block, Anticipate, Slide Tackle, Acrobatic, Aerial",https://www.futbin.com/25/player/54354/fabio-cannavaro,,,,,,Icon
4833,722,723,Hristo Stoichkov,89,90,91,84,90,49,84,91,89,90,92,90,90,90,90,87,84,88,83,81,88,91,88,82,87,90,87,52,80,35,52,47,77,84,81,91,ST,3,4,Left,"178cm / 5'10""",73kg / 161lb,"RW, LW",,Bulgaria,Icons,EA FC ICONS,"Technical+, Finesse Shot, Dead Ball, Flair",https://www.futbin.com/25/player/54365/hristo-stoichkov,,,,,,Icon
5589,723,724,Luís Filipe Madeira Caeiro Figo,89,89,84,86,90,38,77,91,88,88,85,81,86,77,82,85,90,81,88,81,75,92,89,77,87,91,87,38,59,33,38,36,67,85,75,75,RW,4,4,Right,"180cm / 5'11""",75kg / 165lb,"RM, CAM",,Portugal,Icons,EA FC ICONS,"Technical+, Power Shot, Dead Ball, Whipped Pass, Flair, Trickster, Trivela",https://www.futbin.com/25/player/54372/luis-filipe-madeira-caeiro-figo,,,,,,Icon
5661,724,725,Fernando Morientes Sánchez,89,84,90,77,83,45,86,82,85,92,92,91,86,88,88,83,72,76,81,69,69,84,77,74,87,84,87,39,96,36,42,41,92,85,90,74,ST,4,4,Right,186cm / 6'1',79kg / 174lb,,49,Spain,LALIGA EA SPORTS,HERO,"Aerial+, Chip Shot, Power Header, First Touch",https://www.futbin.com/25/player/54373/fernando-morientes-sanchez,,,,,,Base Hero
9676,725,726,Samuel Eto'o,89,92,90,79,87,45,80,92,92,91,93,88,88,87,88,82,75,83,82,69,79,87,87,80,92,88,91,41,81,45,39,34,88,87,78,75,ST,4,4,Right,"179cm / 5'10""",75kg / 165lb,,,Cameroon,Icons,EA FC ICONS,"Quick Step+, Finesse Shot, Tiki Taka, Technical, First Touch, Trivela",https://www.futbin.com/25/player/54385/samuel-etoo,,,,,,Icon
10264,726,727,Ruud van Nistelrooy,89,84,89,71,83,38,80,83,84,89,94,90,79,91,85,69,70,74,79,56,77,82,73,71,92,87,83,31,87,28,37,31,77,78,83,76,ST,3,3,Right,"188cm / 6'2""",80kg / 176lb,,,Netherlands,Icons,EA FC ICONS,"First Touch+, Finesse Shot, Chip Shot, Power Header, Bruiser, Rapid, Acrobatic",https://www.futbin.com/25/player/54386/ruud-van-nistelrooy,,,,,,Icon
31432,727,728,Didier Drogba,89,87,90,74,80,44,87,88,86,91,93,92,84,90,86,77,74,81,76,66,73,79,73,70,85,84,85,44,94,36,38,35,89,86,93,75,ST,4,4,Right,"189cm / 6'2""",88kg / 194lb,,,Côte d'Ivoire,Icons,EA FC ICONS,"Power Shot+, Power Header, First Touch, Press Proven, Aerial",https://www.futbin.com/25/player/54400/didier-drogba,,,,,,Icon
121939,728,729,Philipp Lahm,89,84,68,83,83,86,70,85,83,72,64,67,78,62,74,81,87,58,84,83,83,78,83,91,89,86,91,89,66,90,84,94,74,90,61,67,RB,3,3,Right,"170cm / 5'7""",65kg / 143lb,"LB, CDM",,Germany,Icons,EA FC ICONS,"Intercept+, Long Ball Pass, Whipped Pass, Anticipate, Slide Tackle, Press Proven",https://www.futbin.com/25/player/54417/philipp-lahm,,,,,,Icon
138449,729,730,Ricardo Izecson dos Santos Leite,89,89,84,86,90,43,71,90,88,84,84,86,84,84,84,89,85,80,88,82,87,91,86,84,88,90,93,46,60,44,37,35,55,85,76,47,CAM,4,5,Right,"186cm / 6'1""",78kg / 172lb,,,Brazil,Icons,EA FC ICONS,"Rapid+, Finesse Shot, Incisive Pass, Quick Step",https://www.futbin.com/25/player/54420/ricardo-izecson-dos-santos-leite,,,,,,Icon
166149,730,731,Hugo Sánchez,89,89,90,78,88,41,72,88,89,86,91,91,86,95,86,80,82,86,82,55,81,90,90,87,86,87,82,42,90,35,34,32,84,76,72,64,ST,4,3,Left,"176cm / 5'9""",73kg / 161lb,,,Mexico,Icons,EA FC ICONS,"Acrobatic+, Power Shot, Dead Ball, Power Header, Flair, First Touch, Aerial",https://www.futbin.com/25/player/54429/hugo-sanchez,,,,,,Icon
166676,731,732,Rudi Völler,89,89,90,76,86,47,85,90,88,88,92,93,84,90,86,82,78,76,77,62,83,86,87,76,94,87,85,42,93,41,43,41,94,91,85,74,ST,4,3,Right,180cm / 5'10',77kg / 170lb,,65,Germany,Bundesliga,HERO,"Chip Shot+, Finesse Shot, Power Header, First Touch, Quick Step, Acrobatic, Aerial",https://www.futbin.com/25/player/54430/rudi-voller,,,,,,Base Hero
167134,732,733,Jean-Pierre Papin,89,83,93,73,83,44,76,82,83,94,95,94,90,95,87,75,70,64,77,61,84,79,88,87,92,84,83,36,89,38,42,35,87,82,77,62,ST,4,3,Right,176cm / 5'9',72kg / 159lb,,61,France,Ligue 1 Uber Eats,HERO,"Power Shot+, Power Header, Trivela, Acrobatic",https://www.futbin.com/25/player/54433/jean-pierre-papin,,,,,,Base Hero
167198,733,734,Eric Cantona,89,86,89,86,89,50,88,85,86,89,88,91,89,94,87,90,85,84,85,82,88,89,82,82,87,91,93,46,87,39,51,48,88,87,88,90,ST,4,5,Right,"188cm / 6'2""",89kg / 196lb,,,France,Icons,EA FC ICONS,"Power Shot+, Chip Shot, Incisive Pass, Technical, Flair, First Touch, Trivela",https://www.futbin.com/25/player/54435/eric-cantona,,,,,,Icon
167425,734,735,Abedi Ayew,89,91,83,87,91,48,66,92,91,83,80,83,86,85,86,90,89,83,88,78,88,91,95,90,91,92,82,43,79,47,44,41,75,83,65,47,CAM,4,4,Left,174cm / 5'8',67kg / 148lb,LM,60,Ghana,Ligue 1 Uber Eats,HERO,"Rapid+, Incisive Pass, Flair, Quick Step, Acrobatic",https://www.futbin.com/25/player/54436/abedi-ayew,,,,,,Base Hero
190046,735,736,Sócrates Vieira de Oliveira,89,82,88,89,88,43,82,83,81,85,85,90,91,89,87,92,87,87,88,89,87,90,82,58,84,93,95,32,86,28,51,46,68,90,82,75,CAM,5,4,Right,"192cm / 6'4""",79kg / 174lb,,,Brazil,Icons,EA FC ICONS,"Incisive Pass+, Technical, Flair, Trivela, Aerial",https://www.futbin.com/25/player/54447/socrates-vieira-de-oliveira,,,,,,Icon
191695,736,737,Emilio Butragueño Santos,89,92,89,78,90,40,65,93,91,91,94,85,82,85,81,87,72,75,83,60,78,91,90,88,89,90,86,44,84,33,32,30,81,82,62,49,ST,5,3,Right,"168cm / 5'6""",68kg / 150lb,,,Spain,Icons,EA FC ICONS,"Technical+, Finesse Shot, Chip Shot, Flair, First Touch, Quick Step, Trivela",https://www.futbin.com/25/player/54450/emilio-butragueno-santos,,,,,,Icon
191972,737,738,David Ginola,89,90,88,87,91,55,84,91,89,84,87,89,90,91,82,92,89,82,85,84,88,92,91,75,84,92,92,54,86,53,49,45,90,82,85,82,LM,5,5,Right,186cm / 6'1',83kg / 183lb,"CAM, ST, LW",58,France,Ligue 1 Uber Eats,HERO,"Technical+, Power Shot, Flair, First Touch, Quick Step",https://www.futbin.com/25/player/54451/david-ginola,,,,,,Base Hero
214267,738,739,Gary Lineker,89,86,89,71,84,40,75,88,85,92,93,87,84,89,86,70,59,65,81,68,62,83,81,77,90,87,85,42,87,29,35,33,76,83,78,55,ST,4,3,Right,"177cm / 5'10""",74kg / 163lb,,,England,Icons,EA FC ICONS,Chip Shot+,https://www.futbin.com/25/player/54457/gary-lineker,,,,,,Icon
227263,739,740,Kelly Smith,89,88,90,84,89,46,77,88,88,91,92,87,93,86,81,87,83,91,87,71,90,90,82,83,90,90,89,36,87,35,51,47,79,84,82,57,ST,4,4,Left,"168cm / 5'6""",59kg / 130lb,,,England,Icons,EA FC ICONS,"Dead Ball+, Finesse Shot, Power Header, First Touch, Aerial",https://www.futbin.com/25/player/54465/kelly-smith,,,,,,Icon
233700,740,741,Gianluca Vialli,89,86,89,72,83,42,79,85,86,90,92,87,86,92,84,75,64,58,81,64,72,82,83,78,91,84,83,32,89,48,31,28,86,90,83,52,ST,4,3,Right,180cm / 5'10',77kg / 170lb,,60,Italy,Serie A TIM,HERO,"Relentless+, Power Shot, Power Header, Acrobatic",https://www.futbin.com/25/player/54470/gianluca-vialli,,,,,,Base Hero
238384,741,742,Carles Puyol Saforcada,89,72,46,66,59,91,88,69,74,39,39,69,40,40,53,55,68,46,74,71,49,50,52,55,87,66,82,93,90,90,92,88,84,83,91,88,CB,3,2,Right,"178cm / 5'10""",80kg / 176lb,RB,,Spain,Icons,EA FC ICONS,"Block+, Power Header, Jockey, Anticipate, Slide Tackle, Relentless, Aerial",https://www.futbin.com/25/player/54474/carles-puyol-saforcada,,,,,,Icon
238428,742,743,Peter Schmeichel,89,46,38,40,91,26,87,50,42,31,34,65,27,23,37,71,32,30,33,31,24,30,46,43,86,34,71,38,40,22,20,22,73,67,80,47,GK,3,1,Right,"193cm / 6'4""",92kg / 203lb,,,Denmark,Icons,EA FC ICONS,"Far Throw+, Pinged Pass, FootWork, Rush Out",https://www.futbin.com/25/player/54478/peter-schmeichel,,,,,,Icon
247699,743,744,Kenny Dalglish,89,89,90,75,88,41,72,91,88,91,92,87,89,91,89,74,74,87,83,55,80,87,90,88,92,89,88,31,85,35,39,36,78,85,66,69,ST,5,4,Right,"173cm / 5'8""",73kg / 161lb,,,Scotland,Icons,EA FC ICONS,"Finesse Shot+, Technical, Flair, Quick Step, Trivela",https://www.futbin.com/25/player/54492/kenny-dalglish,,,,,,Icon
261593,744,745,Jürgen Kohler,89,71,51,63,62,91,90,67,75,49,47,66,43,53,55,52,62,38,74,70,47,55,64,71,90,64,80,87,88,93,91,93,89,86,90,94,CB,3,2,Right,186cm / 6'1',84kg / 185lb,,59,Germany,Bundesliga,HERO,"Block+, Power Header, Jockey, Anticipate, Slide Tackle, Bruiser",https://www.futbin.com/25/player/54500/jurgen-kohler,,,,,,Base Hero
266690,745,746,Lucimar da Silva Ferreira,89,82,72,74,77,91,89,80,84,69,65,86,74,70,73,63,67,81,83,77,62,75,73,63,87,82,83,90,92,91,91,89,86,87,91,89,CB,3,3,Right,188cm / 6'2',84kg / 185lb,,46,Brazil,Serie A TIM,HERO,"Block+, Power Header, Slide Tackle, Acrobatic, Aerial",https://www.futbin.com/25/player/54505/lucimar-da-silva-ferreira,,,,,,Base Hero
268513,746,747,Jair Ventura Filho,89,91,89,84,90,49,73,93,90,89,92,91,85,86,78,89,82,76,85,78,81,93,90,85,88,88,91,47,86,43,45,43,83,82,80,44,RW,4,5,Right,"173cm / 5'8""",74kg / 163lb,"RM, ST",,Brazil,Icons,EA FC ICONS,"Rapid+, Power Shot, Flair, Quick Step, Trivela",https://www.futbin.com/25/player/54510/jair-ventura-filho,,,,,,Icon
158023,747,748,Lionel Messi,89,81,86,89,93,34,65,88,75,90,86,84,88,87,76,92,82,94,89,88,95,94,91,96,86,94,95,41,62,21,36,25,72,71,69,45,RW,4,4,Left,"169cm / 5'7""",67kg / 148lb,"RM, CAM, ST",37,Argentina,MLS,Inter Miami CF,"Technical+, Finesse Shot, Dead Ball, Incisive Pass, Tiki Taka, Quick Step, Trivela",https://www.futbin.com/25/player/54537/lionel-messi,,,,,,IF
226306,748,749,Celia Šašić,89,82,89,76,84,49,85,83,81,91,92,86,87,88,87,79,68,75,83,66,71,85,74,73,86,87,82,40,90,45,47,39,88,78,91,77,ST,4,3,Right,174cm / 5'8',61kg / 134lb,,36,Germany,GPFBL,HERO,"Aerial+, Finesse Shot, Power Header, Flair, Press Proven",https://www.futbin.com/25/player/55374/celia-sasic,,,,,,Base Hero
256630,749,750,Florian Wirtz,89,82,80,88,90,52,68,82,82,85,81,80,81,82,66,92,85,70,92,88,83,91,88,88,89,91,86,46,44,60,51,46,65,88,60,64,CAM,4,4,Right,"177cm / 5'10""",71kg / 157lb,LM,21,Germany,Bundesliga,Leverkusen,"Incisive Pass+, Finesse Shot, Chip Shot, Technical, Flair, First Touch, Trivela",https://www.futbin.com/25/player/55391/florian-wirtz,,,,,,IF
246420,750,751,Jérémy Doku,89,95,85,82,90,39,79,98,92,90,86,91,84,70,61,82,80,60,86,82,82,93,97,96,82,85,82,24,48,51,37,33,80,81,81,72,LM,3,4,Right,"173cm / 5'8""",77kg / 170lb,"RW, LW",22,Belgium,Premier League,Manchester City,"Rapid+, Flair, First Touch, Trickster, Quick Step",https://www.futbin.com/25/player/55418/jeremy-doku,,,,,,Champions League
226268,751,752,Federico Dimarco,89,87,85,89,88,84,86,89,86,88,83,86,89,82,75,84,92,87,90,86,93,88,85,89,88,91,83,83,82,85,83,83,87,90,83,86,LB,4,3,Left,"174cm / 5'9""",76kg / 168lb,LM,27,Italy,Serie A TIM,Lombardia FC,"Finesse Shot, Power Shot, Incisive Pass, Long Ball Pass, Whipped Pass, First Touch",https://www.futbin.com/25/player/55419/federico-dimarco,,,,,,Champions League
221697,752,753,Ollie Watkins,89,89,89,79,85,54,87,83,93,93,94,88,82,84,78,83,73,68,85,70,80,85,85,84,89,83,87,59,89,49,50,39,95,92,86,82,ST,4,3,Right,"180cm / 5'11""",70kg / 154lb,,29,England,Premier League,Aston Villa,"Chip Shot, Power Shot, Rapid, Press Proven, Relentless",https://www.futbin.com/25/player/55420/ollie-watkins,,,,,,Champions League
251570,753,754,Rayan Cherki,89,83,87,90,90,31,78,85,82,88,83,98,88,74,79,91,85,89,91,90,94,96,87,87,82,85,83,32,41,28,34,23,69,77,82,70,CAM,5,5,Left,"177cm / 5'10""",71kg / 157lb,"RW, LW",21,France,Ligue 1 Uber Eats,OL,"Flair+, Chip Shot, Incisive Pass, Technical, First Touch, Trickster, Trivela",https://www.futbin.com/25/player/55428/rayan-cherki,,,,,,Europa League
262531,754,755,Claudia Pina Medina,89,88,88,88,89,50,75,88,88,89,92,87,90,66,69,89,89,87,89,82,86,89,88,89,91,90,86,41,76,35,61,56,74,81,72,75,LW,5,4,Right,"160cm / 5'3""",69kg / 152lb,"LM, CAM",23,Spain,Liga F,FC Barcelona,"Incisive Pass+, Finesse Shot, Tiki Taka, Flair, Trivela",https://www.futbin.com/25/player/55433/claudia-pina-medina,,,,,,Champions League
227323,755,756,Guro Reiten,89,89,82,86,87,62,67,88,89,88,84,83,84,63,71,88,94,81,85,82,75,85,93,90,89,86,89,67,52,62,62,59,70,92,58,59,LM,3,4,Left,"167cm / 5'6""",60kg / 132lb,"CAM, LW",30,Norway,Barclays WSL,Chelsea,"Finesse Shot, Dead Ball, Incisive Pass, Whipped Pass, Rapid, Quick Step, Relentless",https://www.futbin.com/25/player/55441/guro-reiten,,,,,,IF
264652,756,757,Bradley Barcola,89,93,85,86,91,44,76,92,93,87,88,85,82,83,77,90,87,69,89,77,87,92,92,87,88,89,89,38,87,33,48,37,90,84,72,72,LW,4,4,Right,"186cm / 6'1""",70kg / 154lb,"LM, RW",22,France,Ligue 1 Uber Eats,Paris SG,"Finesse Shot, Whipped Pass, Technical, Rapid, Flair",https://www.futbin.com/25/player/55469/bradley-barcola,,,,,,Champions League
253163,757,758,Ronald Araujo,89,86,57,72,70,89,88,80,90,60,60,73,38,41,47,67,65,51,84,74,53,62,63,62,94,78,85,89,89,88,89,89,95,79,90,90,CB,3,2,Right,"188cm / 6'2""",79kg / 174lb,RB,26,Uruguay,LALIGA EA SPORTS,FC Barcelona,"Jockey+, Block+, Power Header, Anticipate, Slide Tackle, Acrobatic",https://www.futbin.com/25/player/55470/ronald-araujo,,,,,,Champions League
212194,758,759,Julian Brandt,89,84,83,89,90,54,75,84,84,86,84,86,84,83,58,92,86,82,91,87,84,90,87,87,90,92,88,60,58,53,49,60,74,91,77,49,CAM,4,4,Right,"185cm / 6'1""",83kg / 183lb,"RM, CM",28,Germany,Bundesliga,Borussia Dortmund,"Tiki Taka+, Dead Ball, Incisive Pass, Technical, Flair, First Touch, Trivela",https://www.futbin.com/25/player/55471/julian-brandt,,,,,,Champions League
188545,759,760,Robert Lewandowski,89,77,89,81,87,45,85,78,77,91,91,90,83,87,91,83,78,86,86,72,81,86,78,84,90,91,88,50,90,36,43,19,93,77,90,82,ST,4,4,Right,"185cm / 6'1""",81kg / 179lb,,36,Poland,LALIGA EA SPORTS,FC Barcelona,"Chip Shot+, Finesse Shot, Power Shot, Power Header, Incisive Pass, First Touch, Trivela",https://www.futbin.com/25/player/55494/robert-lewandowski,,,,,,IF
239053,760,761,Federico Valverde,89,89,83,86,85,82,85,85,92,87,79,92,88,75,60,88,80,71,89,90,76,84,78,69,90,89,85,85,65,81,87,82,84,93,83,82,CM,4,3,Right,"182cm / 6'0""",78kg / 172lb,RM,26,Uruguay,LALIGA EA SPORTS,Real Madrid,"Power Shot+, Long Ball Pass, Rapid, Relentless, Trivela",https://www.futbin.com/25/player/55495/federico-valverde,,,,,,IF
232073,761,762,Mallory Swanson,89,91,85,83,87,44,73,91,91,92,87,85,84,73,84,86,80,71,88,80,78,87,88,90,88,88,83,45,70,38,43,41,80,92,64,72,LM,5,4,Right,"163cm / 5'4""",54kg / 119lb,"RW, ST, LW",26,United States,NWSL,Chicago Red Stars,"Finesse Shot, Technical, Flair, First Touch, Quick Step",https://www.futbin.com/25/player/55522/mallory-swanson,,,,,,Total Rush SBC
20801,762,763,C. Ronaldo dos Santos Aveiro,89,84,90,80,86,36,83,80,87,92,90,94,87,85,92,81,81,80,82,75,82,82,80,78,92,91,98,35,92,25,34,25,96,87,85,70,ST,4,5,Right,"187cm / 6'2""",85kg / 187lb,,40,Portugal,ROSHN Saudi League,Al Nassr,"Power Shot+, Power Header, Flair, Trickster, Trivela, Acrobatic, Aerial",https://www.futbin.com/25/player/55525/c-ronaldo-dos-santos-aveiro,,,,,,Total Rush
194765,763,764,Antoine Griezmann,89,82,90,88,90,60,77,83,82,92,92,88,90,88,83,90,84,87,90,88,92,90,90,86,91,92,91,60,86,47,64,65,87,88,71,76,ST,4,4,Left,"176cm / 5'9""",73kg / 161lb,,34,France,LALIGA EA SPORTS,Atlético de Madrid,"Finesse Shot+, Chip Shot, Incisive Pass, Technical, Flair, Trivela, Acrobatic",https://www.futbin.com/25/player/55526/antoine-griezmann,,,,,,Total Rush
247635,764,765,Khvicha Kvaratskhelia,89,89,84,85,90,44,74,88,89,89,85,84,88,68,69,88,83,71,88,81,88,92,89,82,88,91,85,43,67,41,42,37,81,81,74,65,LW,5,5,Right,"183cm / 6'0""",70kg / 154lb,"LM, CAM, RW",24,Georgia,Serie A TIM,SSC Napoli,"Trickster+, Finesse Shot, Incisive Pass, Technical, Flair, Trivela",https://www.futbin.com/25/player/55663/khvicha-kvaratskhelia,,,,,,Trailblazers
206517,765,766,Jack Grealish,89,86,86,88,93,60,82,88,85,91,86,86,89,81,66,90,88,80,90,86,89,94,90,90,90,95,93,55,54,66,61,54,80,92,80,75,LW,4,4,Right,"180cm / 5'11""",81kg / 179lb,"LM, CAM",29,England,Premier League,Manchester City,"Whipped Pass+, Finesse Shot, Technical, Flair, First Touch, Trickster, Press Proven",https://www.futbin.com/25/player/55713/jack-grealish,,,,,,FUT Centurions
231447,766,767,Donyell Malen,89,93,86,81,89,40,80,97,90,89,89,91,76,86,79,82,81,67,86,70,83,90,88,88,85,88,83,35,77,33,38,40,92,86,80,71,RM,4,4,Right,"176cm / 5'9""",68kg / 150lb,"LM, RW, ST",26,Netherlands,Bundesliga,Borussia Dortmund,"Quick Step+, Power Shot, Technical, Flair, First Touch, Trivela",https://www.futbin.com/25/player/55714/donyell-malen,,,,,,FUT Centurions
239580,767,768,Gleison Bremer Silva Nascimento,89,85,54,63,70,89,88,81,89,63,53,73,42,41,46,53,50,26,80,75,44,65,70,70,82,72,81,87,90,89,89,87,96,78,92,86,CB,3,2,Right,"187cm / 6'2""",84kg / 185lb,,28,Brazil,Serie A TIM,Juventus,"Block+, Power Header, Long Ball Pass, Intercept, Bruiser, Aerial",https://www.futbin.com/25/player/55756/gleison-bremer-silva-nascimento,,,,,,Trailblazers
227361,768,769,Kadidiatou Diani,89,91,86,83,89,58,80,90,92,92,91,80,85,75,72,86,81,72,89,76,76,88,90,85,87,91,85,57,84,48,61,51,89,81,90,53,RM,4,4,Right,"168cm / 5'6""",64kg / 141lb,"RW, ST",30,France,D1 Arkema,OL,"Technical, Flair, Quick Step, Trivela",https://www.futbin.com/25/player/55781/kadidiatou-diani,,,,,,IF
177003,769,770,Luka Modric,89,81,85,90,89,75,70,84,78,84,82,88,90,82,90,92,88,80,92,92,88,86,94,94,87,92,93,83,58,74,77,76,73,83,63,68,CM,4,4,Right,"172cm / 5'8""",66kg / 146lb,"CDM, CAM",39,Croatia,LALIGA EA SPORTS,Real Madrid,"Technical+, Incisive Pass, Long Ball Pass, Whipped Pass, Intercept, Trivela",https://www.futbin.com/25/player/55832/luka-modric,,,,,,FUT Centurions
200104,770,771,Heung Min Son,89,89,91,84,87,46,76,88,90,93,92,91,91,85,77,85,87,77,86,75,90,89,83,78,92,87,90,43,76,49,37,36,84,90,72,65,ST,5,4,Right,"183cm / 6'0""",78kg / 172lb,"LM, LW",32,Korea Republic,Premier League,Spurs,"Finesse Shot+, Rapid, First Touch, Trickster, Quick Step",https://www.futbin.com/25/player/55833/heung-min-son,,,,,,FUT Centurions
227316,771,772,Wendie Renard,89,80,67,72,71,92,87,78,82,71,64,81,61,56,68,60,61,59,81,85,67,70,58,50,88,76,87,92,95,94,93,84,80,78,92,87,CB,3,3,Right,"187cm / 6'2""",70kg / 154lb,CDM,34,France,D1 Arkema,OL,"Anticipate+, Power Header, Long Ball Pass, Jockey, Intercept, Aerial",https://www.futbin.com/25/player/55834/wendie-renard,,,,,,FUT Centurions
222000,772,773,Michael Laudrup,89,86,83,90,91,41,64,87,86,87,84,77,83,86,88,95,93,80,91,83,90,93,88,85,88,92,91,36,68,37,40,37,64,80,66,41,CAM,4,5,Right,"183cm / 6'0""",78kg / 172lb,LW,,Denmark,Icons,EA FC ICONS,"Trickster+, Finesse Shot, Incisive Pass, Pinged Pass, Flair, First Touch",https://www.futbin.com/25/player/55857/michael-laudrup,,,,,,Squad Found. C.L.
6235,773,774,Pavel Nedved,89,86,85,88,89,60,78,87,86,88,81,90,92,81,83,90,88,87,88,87,88,91,83,81,87,92,85,64,77,63,53,50,67,90,72,83,LM,5,4,Right,"177cm / 5'10""",72kg / 159lb,"CAM, LW",,Czechia,Icons,EA FC ICONS,"Power Shot+, Dead Ball, Whipped Pass, Rapid, First Touch, Relentless",https://www.futbin.com/25/player/55858/pavel-nedved,,,,,,Squad Found. C.L.
51539,774,775,Edwin van der Sar,89,39,18,39,87,13,93,40,39,15,6,59,9,11,17,68,10,9,46,46,8,8,41,44,82,30,64,24,10,10,10,10,73,41,74,25,GK,3,2,Right,"197cm / 6'6""",83kg / 183lb,,,Netherlands,Icons,EA FC ICONS,"Rush Out+, Far Throw, FootWork, Cross Claimer, Deflector",https://www.futbin.com/25/player/55859/edwin-van-der-sar,,,,,,Squad Found. C.L.
121944,775,776,Bastian Schweinsteiger,89,78,84,89,86,84,85,77,79,84,79,92,90,86,76,90,84,85,92,92,88,84,83,84,93,90,90,87,79,83,84,82,84,92,82,86,CM,4,4,Right,"183cm / 6'0""",79kg / 174lb,"RM, LM",,Germany,Icons,EA FC ICONS,"Pinged Pass+, Power Shot, Long Ball Pass, Intercept, Press Proven, Relentless",https://www.futbin.com/25/player/55860/bastian-schweinsteiger,,,,,,Squad Found. C.L.
246272,776,777,Marie Katoto,89,86,89,79,85,40,75,89,83,93,92,86,85,93,84,81,73,74,87,72,73,85,85,69,83,88,86,28,93,38,36,31,96,72,86,45,ST,4,4,Right,"177cm / 5'10""",66kg / 146lb,,26,France,D1 Arkema,Paris SG,"Power Header+, Press Proven, Trivela, Aerial",https://www.futbin.com/25/player/55874/marie-katoto,,,,,,IF
239818,777,778,Rúben Santos Gato Alves Dias,89,80,50,74,74,90,89,78,81,50,39,90,33,41,58,67,57,50,90,86,48,69,66,60,95,80,92,88,89,91,92,89,89,80,94,89,CB,4,3,Right,"187cm / 6'2""",82kg / 181lb,,27,Portugal,Premier League,Manchester City,"Bruiser+, Power Header, Pinged Pass, Tiki Taka, Intercept, Slide Tackle",https://www.futbin.com/25/player/55898/ruben-santos-gato-alves-dias,,,,,,Track Stars
232656,778,779,Theo Hernández,89,97,80,81,86,83,91,97,97,84,75,91,80,84,78,78,87,78,84,73,83,86,85,84,87,87,82,82,80,80,88,82,97,94,91,88,LB,3,4,Left,"184cm / 6'0""",81kg / 179lb,LM,27,France,Serie A TIM,Milano FC,"Bruiser+, Anticipate, Rapid, Quick Step, Relentless, Long Throw",https://www.futbin.com/25/player/55900/theo-hernandez,,,,,,Track Stars
570,779,780,Jay-Jay Okocha,89,88,84,84,94,41,70,91,85,88,80,89,89,82,85,87,81,94,83,80,93,96,94,93,84,93,90,47,63,34,40,34,62,85,74,44,CAM,4,5,Right,173cm / 5'8',70kg / 154lb,"RM, ST",51,Nigeria,Premier League,HERO,"Quick Step+, Technical, Flair, Trickster, Trivela",https://www.futbin.com/25/player/55922/jay-jay-okocha,,,,,,Track Stars Hero
5454,780,781,Bixente Lizarazu,89,89,60,81,84,84,85,90,89,78,48,78,63,66,69,73,87,52,85,86,75,80,88,93,87,87,84,86,70,86,84,90,75,92,82,88,LB,3,3,Left,169cm / 5'6',70kg / 154lb,,55,France,Bundesliga,HERO,"Slide Tackle+, Long Ball Pass, Whipped Pass, Block, Anticipate, Quick Step, Acrobatic",https://www.futbin.com/25/player/55923/bixente-lizarazu,,,,,,Track Stars Hero
237289,781,782,Patricia Guijarro Gutiérrez,89,80,83,84,88,86,79,80,80,81,81,90,92,59,71,84,70,67,91,94,76,87,83,88,86,91,85,84,85,87,88,86,89,80,79,73,CM,4,4,Right,"171cm / 5'7""",74kg / 163lb,CDM,26,Spain,Liga F,FC Barcelona,"Long Ball Pass+, Finesse Shot, Incisive Pass, Tiki Taka, Flair, First Touch, Press Proven",https://www.futbin.com/25/player/55936/patricia-guijarro-gutierrez,,,,,,IF
242444,782,783,João Félix Sequeira,89,89,87,84,90,45,76,91,88,88,86,89,88,91,75,87,82,75,86,80,89,90,94,90,86,88,90,45,77,34,47,40,86,84,70,77,LW,4,5,Right,"181cm / 5'11""",70kg / 154lb,"LM, ST",25,Portugal,Premier League,Chelsea,"Technical+, Chip Shot, Power Shot, Rapid, Flair, First Touch",https://www.futbin.com/25/player/55963/joao-felix-sequeira,,,,,,Flashback SBC
165153,783,784,Karim Benzema,89,84,89,84,88,42,81,83,84,94,91,91,87,91,71,89,78,76,89,79,85,88,85,83,89,91,89,43,95,47,27,21,88,85,85,66,ST,4,5,Right,"185cm / 6'1""",81kg / 179lb,,37,France,ROSHN Saudi League,Al Ittihad,"Finesse Shot+, Incisive Pass, Technical, First Touch, Relentless, Trivela",https://www.futbin.com/25/player/55965/karim-benzema,,,,,,FC Pro
208920,784,785,Nathan Aké,89,82,57,81,82,89,86,83,81,55,52,69,59,55,56,81,77,63,87,84,71,81,83,83,89,83,84,90,87,89,89,86,91,84,87,85,CB,4,3,Left,"180cm / 5'11""",75kg / 165lb,LB,30,Netherlands,Premier League,Manchester City,"Block+, Pinged Pass, Anticipate, Slide Tackle, Bruiser, Aerial",https://www.futbin.com/25/player/55970/nathan-ake,,,,,,FC Pro
230666,785,786,Gabriel Fernando de Jesus,89,89,87,83,92,47,84,89,89,89,86,90,85,85,82,87,81,60,88,73,83,92,95,93,91,91,82,39,92,54,36,34,91,87,81,88,ST,4,5,Right,175cm / 5'8',73kg / 161lb,"RW, LW",28,Brazil,Premier League,Arsenal,"Trivela+, Technical, Flair, First Touch, Relentless",https://www.futbin.com/25/player/55972/gabriel-fernando-de-jesus,,,,,,FC Pro
266032,786,787,Jamie Gittens,89,95,86,85,91,40,71,96,95,90,89,86,83,83,71,87,87,59,88,81,91,93,95,91,88,88,85,40,63,39,34,37,76,88,71,50,LM,4,5,Right,"179cm / 5'10""",77kg / 170lb,"ST, LW",20,England,Bundesliga,Borussia Dortmund,"Quick Step+, Whipped Pass, Technical, Rapid, Flair",https://www.futbin.com/25/player/55979/jamie-gittens,,,,,,FC Pro
223689,787,788,Wout Weghorst,89,88,89,71,89,68,94,89,88,93,90,95,85,83,83,81,45,57,89,63,48,88,86,84,93,90,89,64,99,57,75,61,95,87,97,94,ST,4,4,Right,"197cm / 6'6""",84kg / 185lb,RW,32,Netherlands,Eredivisie,Ajax,"Power Header+, Finesse Shot, Power Shot, Technical, Press Proven, Quick Step, Aerial",https://www.futbin.com/25/player/55982/wout-weghorst,,,,,,FC Pro
256725,788,789,Fábio Leandro Carvalho,89,92,85,85,92,58,66,93,91,91,91,83,81,78,63,90,75,65,91,88,83,91,91,93,89,93,89,51,56,63,63,42,69,83,61,54,CAM,5,4,Right,170cm / 5'6',62kg / 137lb,"RM, CM, ST",22,Portugal,Premier League,Brentford,"Pinged Pass+, Finesse Shot, Technical, Flair, Quick Step, Relentless",https://www.futbin.com/25/player/55983/fabio-leandro-carvalho,,,,,,FC Pro
227190,789,790,Irene Paredes Hernández,89,73,52,68,69,90,86,71,74,40,52,61,42,61,52,52,60,41,86,69,70,58,67,66,92,81,81,90,86,93,88,89,84,74,90,89,CB,3,2,Right,"178cm / 5'10""",67kg / 148lb,,33,Spain,Liga F,FC Barcelona,"Slide Tackle+, Power Header, Jockey, Bruiser, Aerial",https://www.futbin.com/25/player/55995/irene-paredes-hernandez,,,,,,IF
238756,790,791,Jørgen Strand Larsen,89,92,89,72,85,47,91,89,95,94,95,89,82,83,73,84,57,62,78,67,74,83,81,80,90,89,88,41,94,44,41,36,98,92,93,83,ST,4,4,Right,"194cm / 6'4""",79kg / 174lb,,25,Norway,Premier League,Wolves,"Trivela+, Finesse Shot, Power Shot, Rapid, First Touch, Quick Step, Relentless, Aerial",https://www.futbin.com/25/player/56030/jorgen-strand-larsen,,,,,,Winter Champions
237646,791,792,Daniel Muñoz,89,92,75,82,86,85,89,90,93,85,79,79,60,82,66,80,82,44,88,83,75,85,87,87,88,86,84,86,86,81,87,85,93,94,84,95,RB,3,2,Right,"181cm / 5'11""",73kg / 161lb,,28,Colombia,Premier League,Crystal Palace,"Rapid+, Long Ball Pass, Intercept, Anticipate, Quick Step, Relentless",https://www.futbin.com/25/player/56031/daniel-munoz,,,,,,Winter Champions
186942,792,793,Ilkay Gündogan,89,82,86,88,89,83,81,85,80,89,88,84,87,79,83,89,80,83,92,88,89,90,80,80,88,93,89,87,60,86,87,77,73,83,82,77,CM,4,4,Right,"180cm / 5'11""",80kg / 176lb,CDM,34,Germany,Premier League,Manchester City,"First Touch+, Incisive Pass, Pinged Pass, Tiki Taka, Anticipate, Press Proven",https://www.futbin.com/25/player/56032/ilkay-gundogan,,,,,,Winter Champions
253004,793,794,Anssumane Fati,89,95,85,82,92,42,66,96,95,85,87,85,82,80,80,83,80,82,83,80,85,91,94,94,90,92,91,28,88,32,45,40,85,80,60,60,LM,4,4,Right,"178cm / 5'10""",66kg / 146lb,"CAM, ST",22,Spain,LALIGA EA SPORTS,FC Barcelona,"Rapid+, Power Shot, Technical, Quick Step, Relentless, Trivela",https://www.futbin.com/25/player/56052/anssumane-fati,,,,,,Rivals Mastery
190765,794,795,Pascal Groß,89,81,85,93,87,85,84,83,80,88,85,88,86,75,81,93,93,85,95,93,93,85,82,82,90,90,92,85,62,87,90,84,70,96,77,91,CDM,4,4,Right,181cm / 5'11',78kg / 172lb,CM,33,Germany,Bundesliga,Borussia Dortmund,"Intercept+, Dead Ball, Long Ball Pass, Whipped Pass, Block",https://www.futbin.com/25/player/56081/pascal-gro,,,,,,Mode Mastery
241486,795,796,Jules Koundé,89,88,49,76,79,90,87,89,88,51,51,52,44,35,47,71,74,28,86,81,76,77,77,79,89,81,86,91,84,91,91,88,94,85,87,86,RB,4,3,Right,"180cm / 5'11""",75kg / 165lb,CB,26,France,LALIGA EA SPORTS,FC Barcelona,"Jockey+, Whipped Pass, Intercept, Slide Tackle, Quick Step, Relentless",https://www.futbin.com/25/player/56091/jules-kounde,,,,,,Thunderstruck
247827,796,797,Michael Olise,89,89,86,89,91,61,66,91,88,89,88,87,86,78,78,91,89,83,89,88,89,92,96,94,89,89,91,63,42,61,67,61,69,81,55,76,RM,4,4,Left,"184cm / 6'0""",73kg / 161lb,"CAM, RW",23,France,Bundesliga,FC Bayern München,"Finesse Shot+, Dead Ball, Incisive Pass, Whipped Pass, Technical, Rapid, Flair, Trickster, Trivela",https://www.futbin.com/25/player/56092/michael-olise,,,,,,Thunderstruck
247515,797,798,John Barnes,89,91,87,86,91,46,86,89,93,87,89,86,89,84,73,87,88,88,87,81,86,93,86,84,87,92,91,33,75,47,47,37,72,91,87,83,LW,4,4,Left,"182cm / 6'0""",76kg / 168lb,"LM, CAM",,England,Icons,EA FC ICONS,"Technical+, Finesse Shot, Incisive Pass, Whipped Pass, Rapid, Flair, Quick Step, Trivela",https://www.futbin.com/25/player/56114/john-barnes,,,,,,Thunderstruck Icon
247703,798,799,Ian Rush,89,87,91,71,86,45,81,86,88,92,93,87,89,92,88,77,66,70,76,54,77,85,81,81,91,89,91,34,92,39,47,33,87,84,82,75,ST,4,4,Right,"180cm / 5'11""",79kg / 174lb,,,Wales,Icons,EA FC ICONS,"First Touch+, Finesse Shot, Chip Shot, Power Shot, Power Header, Press Proven, Quick Step, Trivela, Aerial",https://www.futbin.com/25/player/56115/ian-rush,,,,,,Thunderstruck Icon
233731,799,800,Alexander Isak,89,89,89,78,90,43,79,89,89,91,92,88,86,84,88,84,72,69,82,68,81,92,86,83,89,91,91,42,86,39,38,32,95,83,83,62,ST,5,4,Right,"192cm / 6'4""",77kg / 170lb,,25,Sweden,Premier League,Newcastle Utd,"Finesse Shot+, Power Shot, Power Header, Technical, Rapid, Flair, First Touch, Trivela",https://www.futbin.com/25/player/56122/alexander-isak,,,,,,Thunderstruck
277643,800,801,Lamine Yamal,89,91,87,88,91,33,65,92,91,90,88,90,90,57,80,88,91,75,90,85,90,93,94,88,87,91,83,26,47,33,29,40,66,80,61,58,RW,4,4,Left,"180cm / 5'11""",65kg / 143lb,"RM, LW",17,Spain,LALIGA EA SPORTS,FC Barcelona,"Trivela+, Finesse Shot, Tiki Taka, Whipped Pass, Technical, Flair, Quick Step",https://www.futbin.com/25/player/56172/lamine-yamal,,,,,,Ultimate Succession
265674,801,802,Selma Bacha,89,90,77,88,85,83,82,93,88,84,70,94,85,51,63,82,95,84,90,83,91,83,95,90,81,84,88,84,62,80,88,91,82,92,75,88,LB,3,4,Left,"161cm / 5'3""",58kg / 128lb,LW,24,France,D1 Arkema,OL,"Whipped Pass+, Dead Ball, Intercept, Anticipate, Technical, Quick Step, Relentless",https://www.futbin.com/25/player/56173/selma-bacha,,,,,,Ultimate Succession
235073,802,803,Gregor Kobel,89,47,19,34,90,15,88,39,53,10,10,55,10,10,12,59,13,12,39,33,13,24,37,29,86,34,66,14,13,15,15,15,71,30,81,24,GK,3,2,Right,"195cm / 6'5""",88kg / 194lb,,27,Switzerland,Bundesliga,Borussia Dortmund,"Rush Out+, Long Ball Pass, Far Throw, FootWork, Cross Claimer, Deflector",https://www.futbin.com/25/player/56175/gregor-kobel,,,,,,Ultimate Succession
13743,803,804,Steven Gerrard,89,80,89,90,85,76,83,80,80,87,87,91,94,84,84,89,87,82,93,95,84,84,80,78,85,91,84,75,73,75,78,73,73,88,81,84,CM,4,3,Right,"183cm / 6'0""",83kg / 183lb,CDM,,England,Icons,EA FC ICONS,"Power Shot+, Incisive Pass, Pinged Pass, Long Ball Pass, Whipped Pass, Trivela",https://www.futbin.com/25/player/56205/steven-gerrard,,,,,,Ult Succession Icon
71587,804,805,Marinette Pichon,89,87,90,81,90,45,76,86,88,92,93,85,87,93,83,83,74,80,86,78,83,90,88,86,88,91,87,42,82,38,44,34,83,90,75,60,ST,4,4,Left,"163cm / 5'4""",55kg / 121lb,,,France,Icons,EA FC ICONS,"Technical+, Finesse Shot, Flair, First Touch, Trivela, Acrobatic",https://www.futbin.com/25/player/56206/marinette-pichon,,,,,,Ult Succession Icon
194765,805,806,Antoine Griezmann,89,82,89,88,90,60,77,83,82,91,91,86,88,87,80,89,83,86,90,87,90,89,90,85,91,92,90,60,86,46,64,65,87,88,71,76,ST,3,4,Left,"176cm / 5'9""",73kg / 161lb,,34,France,LALIGA EA SPORTS,Atlético de Madrid,"Finesse Shot+, Chip Shot, Incisive Pass, Technical, Flair, Trivela, Acrobatic",https://www.futbin.com/25/player/56252/antoine-griezmann,,,,,,IF
215914,806,807,N'Golo Kanté,89,81,69,80,84,89,83,82,81,76,68,75,69,59,57,85,75,54,88,81,55,82,84,96,91,85,86,93,57,93,94,90,76,87,78,92,CDM,4,3,Right,"168cm / 5'6""",70kg / 154lb,CM,34,France,ROSHN Saudi League,Al Ittihad,"Intercept+, Incisive Pass, Pinged Pass, Bruiser, Technical, Press Proven, Relentless",https://www.futbin.com/25/player/56284/ngolo-kante,,,,,,Globetrotters
231443,807,808,Ousmane Dembélé,89,95,81,86,91,45,63,97,94,86,78,90,80,81,80,88,90,67,86,82,87,92,97,84,85,90,85,44,48,46,46,39,70,76,57,58,RW,5,5,Left,"178cm / 5'10""",67kg / 148lb,"RM, CAM",27,France,Ligue 1 Uber Eats,Paris SG,"Quick Step+, Pinged Pass, Rapid, Flair, Trickster, Relentless",https://www.futbin.com/25/player/56285/ousmane-dembele,,,,,,Globetrotters
226893,808,809,Débora C. de Oliveira,89,85,82,88,92,48,70,84,85,88,83,81,80,87,80,91,86,81,88,86,90,94,91,95,80,92,85,51,58,51,41,46,74,83,63,72,CAM,5,5,Right,"155cm / 5'1""",52kg / 115lb,"RM, ST",33,Brazil,NWSL,KC Current,"Quick Step+, Technical, Flair, First Touch, Trickster, Trivela, Acrobatic",https://www.futbin.com/25/player/56311/debora-c-de-oliveira,,,,,,Globetrotters
241667,809,810,Aitana Bonmatí Conca,89,84,81,82,89,84,83,83,84,86,86,74,84,66,66,86,71,73,87,86,74,90,90,84,87,88,82,92,60,85,88,75,83,91,83,71,CM,5,4,Right,"162cm / 5'4""",53kg / 117lb,CAM,27,Spain,Liga F,FC Barcelona,"Tiki Taka+, Finesse Shot, Incisive Pass, Pinged Pass, Technical, First Touch, Relentless",https://www.futbin.com/25/player/56313/aitana-bonmati-conca,,,,,,Ultimate Cover star
252371,810,811,Jude Bellingham,89,84,82,87,89,85,80,85,84,85,85,80,81,73,70,95,70,70,93,93,77,90,83,82,92,90,88,88,81,85,86,84,81,90,75,82,CM,4,4,Right,"186cm / 6'1""",75kg / 165lb,CAM,21,England,LALIGA EA SPORTS,Real Madrid,"Incisive Pass+, Power Shot, Intercept, Slide Tackle, Technical, Flair, Relentless",https://www.futbin.com/25/player/56315/jude-bellingham,,,,,,Ultimate Cover star
222492,811,812,Leroy Sané,89,93,87,84,89,43,75,92,94,86,87,91,85,88,70,85,85,84,86,76,87,90,90,85,86,88,87,40,74,42,37,41,77,84,72,70,RM,5,4,Left,"183cm / 6'0""",80kg / 176lb,"LM, RW",29,Germany,Bundesliga,FC Bayern München,"Finesse Shot+, Power Shot, Rapid, Flair, First Touch, Quick Step",https://www.futbin.com/25/player/56347/leroy-sane,,,,,,Winter Wildcards SBC
243576,812,813,Pedro Antonio Porro Sauceda,89,90,78,86,87,85,84,90,90,87,73,89,80,68,71,86,90,84,86,83,89,88,85,81,87,88,85,87,75,85,88,85,86,95,80,82,RB,3,4,Right,"173cm / 5'8""",69kg / 152lb,,25,Spain,Premier League,Spurs,"Rapid+, Whipped Pass, Jockey, Intercept, Anticipate, Bruiser, Relentless",https://www.futbin.com/25/player/56353/pedro-antonio-porro-sauceda,,,,,,Winter Wildcards
230899,813,814,Ademola Lookman,89,88,87,80,99,38,75,92,85,93,91,87,83,86,67,85,73,61,86,78,77,99,99,99,99,99,99,40,81,33,28,31,87,81,73,71,CAM,4,5,Right,"174cm / 5'9""",71kg / 157lb,ST,27,Nigeria,Serie A TIM,Bergamo Calcio,"First Touch+, Power Shot, Long Ball Pass, Technical",https://www.futbin.com/25/player/56354/ademola-lookman,,,,,,Winter Wildcards
210602,814,815,Salem Al Dawsari,89,91,84,86,90,64,88,90,91,87,85,83,84,88,68,89,84,74,88,86,85,92,90,94,87,88,86,62,63,76,54,63,77,94,86,90,LM,5,4,Right,"173cm / 5'8""",71kg / 157lb,LW,33,Saudi Arabia,ROSHN Saudi League,Al Hilal,"Trivela+, Finesse Shot, Chip Shot, Technical, Rapid, Flair, First Touch",https://www.futbin.com/25/player/56355/salem-al-dawsari,,,,,,Winter Wildcards
193301,815,816,Alexandre Lacazette,89,85,91,85,89,55,84,83,87,91,94,92,86,86,90,89,78,83,89,81,83,89,86,88,88,90,88,53,90,49,56,39,90,80,86,81,ST,5,4,Right,"175cm / 5'9""",73kg / 161lb,,33,France,Ligue 1 Uber Eats,OL,"Technical+, Finesse Shot, Chip Shot, Power Shot, Power Header, First Touch, Quick Step",https://www.futbin.com/25/player/56356/alexandre-lacazette,,,,,,Winter Wildcards
232075,816,817,Rose Lavelle,89,90,82,87,89,88,87,90,90,88,85,80,81,71,77,90,80,72,94,88,75,92,84,87,86,89,81,90,85,84,93,87,86,86,87,86,LB,4,4,Left,"163cm / 5'4""",56kg / 123lb,"LM, LW",29,United States,NWSL,NJ/NY Gotham,"Whipped Pass+, Incisive Pass, Pinged Pass, Tiki Taka, Jockey, Anticipate, Bruiser, Technical, First Touch",https://www.futbin.com/25/player/56357/rose-lavelle,,,,,,Winter Wildcards
166124,817,818,Gheorghe Hagi,89,85,87,89,89,42,65,86,85,88,83,92,91,86,90,90,87,93,91,87,88,90,84,86,86,91,88,44,58,33,46,40,73,77,61,60,CAM,5,4,Left,"172cm / 5'8""",68kg / 150lb,"CM, LM",,Romania,Icons,EA FC ICONS,"Power Shot+, Finesse Shot, Chip Shot, Dead Ball, Incisive Pass, Technical, Flair",https://www.futbin.com/25/player/56376/gheorghe-hagi,,,,,,Winter Wildcard ICON
246,818,819,Paul Scholes,89,82,87,99,80,80,81,83,81,91,83,91,93,84,72,99,99,99,99,99,99,75,77,88,88,86,88,85,85,83,80,60,85,93,72,88,CM,4,3,Right,"171cm / 5'7""",71kg / 157lb,CAM,,England,Icons,EA FC ICONS,"Incisive Pass+, Chip Shot, Power Shot, Long Ball Pass, Tiki Taka, Slide Tackle, Technical",https://www.futbin.com/25/player/56378/paul-scholes,,,,,,Winter Wildcard ICON
120274,819,820,Antonio Di Natale,89,91,94,86,91,48,72,93,90,95,95,90,94,94,94,86,87,87,87,80,90,90,88,92,91,92,89,44,77,53,39,35,74,83,72,58,ST,4,4,Right,170cm / 5'6',69kg / 152lb,LW,47,Italy,Serie A TIM,HERO,"Finesse Shot+, Chip Shot, Pinged Pass, Flair, Trivela",https://www.futbin.com/25/player/56383/antonio-di-natale,,,,,,Winter Wildcard Hero
142754,820,821,Javier Mascherano,89,80,56,83,80,90,87,80,80,57,45,78,57,54,62,80,75,55,91,89,78,73,80,83,93,87,88,92,77,91,92,93,90,90,83,92,CDM,4,3,Right,174cm / 5'8',73kg / 161lb,CB,40,Argentina,LALIGA EA SPORTS,HERO,"Long Ball Pass+, Pinged Pass, Jockey, Intercept, Anticipate, Slide Tackle",https://www.futbin.com/25/player/56384/javier-mascherano,,,,,,Winter Wildcard Hero
142754,821,822,Javier Mascherano,89,80,56,78,76,92,89,80,80,57,45,78,57,54,62,72,71,53,88,85,67,67,78,81,90,85,86,93,80,92,93,95,91,91,85,94,CB,4,3,Right,174cm / 5'8',73kg / 161lb,CDM,40,Argentina,LALIGA EA SPORTS,HERO,"Slide Tackle+, Pinged Pass, Long Ball Pass, Jockey, Intercept, Anticipate",https://www.futbin.com/25/player/56385/javier-mascherano,,,,,,Winter Wildcard Hero
120274,822,823,Antonio Di Natale,89,91,92,89,92,48,72,93,90,94,93,88,92,92,92,90,90,90,90,85,93,91,90,93,92,93,90,44,77,53,39,35,74,83,72,58,LW,4,4,Left,170cm / 5'6',69kg / 152lb,ST,47,Italy,Serie A TIM,HERO,"Trivela+, Finesse Shot, Chip Shot, Pinged Pass, Flair",https://www.futbin.com/25/player/56386/antonio-di-natale,,,,,,Winter Wildcard Hero
266691,823,824,Diego Forlán,89,87,91,81,86,56,78,88,86,90,91,92,93,91,89,88,68,87,86,76,75,84,82,81,87,89,88,54,83,59,50,45,79,86,78,67,ST,5,4,Right,180cm / 5'10',75kg / 165lb,"LM, LW",45,Uruguay,LALIGA EA SPORTS,HERO,"Trivela+, Finesse Shot, Power Shot, First Touch, Quick Step, Relentless, Acrobatic, Long Throw, Aerial",https://www.futbin.com/25/player/56390/diego-forlan,,,,,,Winter Wildcard Hero
218667,824,825,Bernardo Mota Carvalho e Silva,89,87,84,89,93,75,78,90,84,92,84,85,85,84,69,90,87,69,94,85,87,94,96,93,90,93,90,77,57,74,80,72,69,96,70,80,CM,4,5,Left,"173cm / 5'8""",64kg / 141lb,"CAM, RW",30,Portugal,Premier League,Manchester City,"Technical+, Tiki Taka, Whipped Pass, Flair, First Touch, Relentless, Trivela",https://www.futbin.com/25/player/56421/bernardo-mota-carvalho-e-silva,,,,,,Winter Wildcards
245802,825,826,Beth Mead,89,88,88,89,90,70,82,89,87,91,89,91,91,76,71,92,93,93,90,78,86,92,80,86,91,92,84,76,71,64,72,71,90,87,90,52,RW,4,5,Right,163cm / 5'4',58kg / 128lb,"RM, LW",29,England,Barclays WSL,Arsenal,"Rapid+, Trickster+, Whipped Pass, Technical, Flair, First Touch, Press Proven",https://www.futbin.com/25/player/56422/beth-mead,,,,,,Winter Wildcards
205452,826,827,Antonio Rüdiger,89,85,58,76,75,89,99,76,92,57,43,86,74,37,43,70,70,58,86,83,54,73,70,70,88,76,81,87,86,89,90,88,99,99,99,99,CB,3,3,Right,"190cm / 6'3""",86kg / 190lb,,32,Germany,LALIGA EA SPORTS,Real Madrid,"Bruiser+, Jockey, Block, Acrobatic, Aerial",https://www.futbin.com/25/player/56423/antonio-rudiger,,,,,,Winter Wildcards
275243,827,828,Mia Hamm,89,94,89,84,90,52,83,95,93,90,90,90,89,86,85,86,75,88,88,84,83,91,86,88,92,90,88,53,81,43,52,49,85,92,84,70,ST,5,5,Right,"165cm / 5'5""",57kg / 126lb,"CAM, RW",,United States,Icons,EA FC ICONS,"Quick Step+, Finesse Shot, Power Shot, Rapid, Flair, First Touch, Relentless",https://www.futbin.com/25/player/56436/mia-hamm,,,,,,Winter Wildcard ICON
248794,828,829,Geyse da Silva Ferreira,89,95,87,84,89,50,92,95,95,91,90,84,87,83,80,84,77,75,89,82,87,88,96,96,82,88,85,37,95,47,41,67,92,89,94,90,ST,3,4,Right,"169cm / 5'7""",60kg / 132lb,RW,27,Brazil,Barclays WSL,Manchester Utd,"First Touch+, Technical, Flair, Trickster, Quick Step, Trivela",https://www.futbin.com/25/player/56450/geyse-da-silva-ferreira,,,,,,NumeroFUT
235794,829,830,Eberechi Eze,89,87,90,86,92,57,78,88,87,89,89,88,95,89,86,88,80,88,90,83,87,94,93,93,87,91,91,60,57,47,67,49,78,85,80,65,CAM,4,4,Right,178cm / 5'10',67kg / 148lb,"CM, LM",26,England,Premier League,Crystal Palace,"Technical+, Dead Ball+, Finesse Shot, Power Shot, Tiki Taka, Flair",https://www.futbin.com/25/player/56451/eberechi-eze,,,,,,Objectives
13128,830,831,Andriy Shevchenko,89,89,91,72,87,36,75,88,90,94,92,92,90,88,87,76,63,90,74,65,90,88,84,85,88,87,86,38,87,24,33,30,85,80,78,61,ST,5,4,Right,"183cm / 6'0""",72kg / 159lb,RW,,Ukraine,Icons,EA FC ICONS,"Power Shot+, Finesse Shot, Pinged Pass, Technical, Rapid, First Touch, Aerial",https://www.futbin.com/25/player/56457/andriy-shevchenko,,,,,,Winter Wildcard ICON
227013,831,832,Fridolina Rolfö,89,83,86,87,89,87,85,85,82,87,85,88,84,84,88,87,85,67,95,80,79,90,82,81,88,91,83,87,82,87,89,84,87,82,92,70,CM,5,4,Left,179cm / 5'10',69kg / 152lb,CDM,31,Sweden,Liga F,FC Barcelona,"Incisive Pass+, Long Ball Pass+, Whipped Pass, Jockey, Technical, First Touch, Trickster, Quick Step",https://www.futbin.com/25/player/56463/fridolina-rolfo,,,,,,Winter Wildcards
255253,832,833,Vítor Machado Ferreira,89,87,85,89,91,83,73,91,83,85,85,84,92,70,81,90,83,72,93,90,86,91,95,92,90,91,92,90,60,84,88,77,71,87,63,83,CM,5,4,Right,172cm / 5'7',64kg / 141lb,CDM,25,Portugal,Ligue 1 Uber Eats,Paris SG,"Technical+, Pinged Pass+, Finesse Shot, Incisive Pass, Tiki Taka, Intercept, First Touch",https://www.futbin.com/25/player/56465/vitor-machado-ferreira,,,,,,Winter Wildcards
227013,833,834,Fridolina Rolfö,89,87,87,85,90,87,88,89,86,88,86,89,85,85,89,85,83,65,93,78,77,91,83,82,89,92,84,87,82,87,89,84,91,85,95,71,LB,5,4,Left,179cm / 5'10',69kg / 152lb,"LM, LW",31,Sweden,Liga F,FC Barcelona,"Jockey+, Intercept+, Incisive Pass, Whipped Pass, Technical, First Touch, Trickster, Quick Step",https://www.futbin.com/25/player/56466/fridolina-rolfo,,,,,,Winter Wildcards
262271,834,835,Diego Milito,89,85,90,81,85,86,88,84,85,93,94,90,81,85,88,80,71,81,87,76,89,85,77,78,86,89,87,93,93,85,81,81,91,90,93,73,CB,4,3,Right,183cm / 6'0',78kg / 172lb,,45,Argentina,Serie A TIM,HERO,"Power Header+, Anticipate+, Long Ball Pass, Jockey, Intercept, Slide Tackle, Bruiser, Rapid, First Touch",https://www.futbin.com/25/player/56493/diego-milito,,,,,,Winter Wildcard Hero
1605,835,836,Robert Pirès,89,88,83,86,89,40,66,89,88,89,86,80,80,80,83,90,86,82,85,85,88,91,84,86,85,91,85,46,58,33,38,36,75,84,65,46,CAM,4,5,Right,"187cm / 6'2""",74kg / 163lb,"RM, LM, LW",,France,Icons,EA FC ICONS,"Finesse Shot+, Incisive Pass, Technical, Rapid, Flair, First Touch, Trickster, Press Proven, Quick Step",https://www.futbin.com/25/player/56504/robert-pires,,,,,,Winter Wildcard ICON
242516,836,837,Cody Gakpo,89,88,90,84,89,54,81,88,88,90,90,90,93,87,74,86,87,82,85,75,84,90,85,85,90,90,86,51,90,52,54,34,98,81,84,70,ST,5,4,Right,"189cm / 6'2""",76kg / 168lb,LW,25,Netherlands,Premier League,Liverpool,"Quick Step+, Finesse Shot, Incisive Pass, Whipped Pass, Technical, Press Proven, Trivela",https://www.futbin.com/25/player/56528/cody-gakpo,,,,,,Winter Wildcards SBC
213331,837,838,Jonathan Tah,89,85,41,75,77,90,89,80,89,39,35,65,28,57,41,83,47,35,92,84,46,75,76,75,92,76,89,90,91,91,89,85,90,80,95,86,CB,3,3,Right,"195cm / 6'5""",94kg / 207lb,,29,Germany,Bundesliga,Leverkusen,"Anticipate+, Long Ball Pass, Jockey, Block, Bruiser, Aerial",https://www.futbin.com/25/player/56540/jonathan-tah,,,,,,NumeroFUT
246430,838,839,Dušan Vlahovic,89,88,90,77,86,34,90,87,88,91,91,91,87,85,85,80,64,96,84,67,87,85,81,80,90,89,85,28,97,22,30,28,93,87,92,87,ST,4,4,Left,"190cm / 6'3""",75kg / 165lb,,25,Serbia,Serie A TIM,Juventus,"Finesse Shot+, Chip Shot, Power Shot, Dead Ball, Power Header, Rapid, Flair, First Touch",https://www.futbin.com/25/player/56541/dusan-vlahovic,,,,,,NumeroFUT
238616,839,840,Pedro Lomba Neto,89,94,86,81,90,40,74,95,93,87,87,89,85,79,72,86,86,63,84,70,77,90,94,94,86,88,85,53,63,41,30,22,83,85,70,70,RW,4,5,Left,172cm / 5'7',62kg / 137lb,"RM, ST, LW",25,Portugal,Premier League,Chelsea,"Technical+, Finesse Shot, Incisive Pass, Whipped Pass, Rapid, Quick Step, Relentless",https://www.futbin.com/25/player/56542/pedro-lomba-neto,,,,,,NumeroFUT
238616,840,841,Pedro Lomba Neto,89,92,90,85,88,43,72,93,91,91,91,94,89,83,75,90,90,66,89,73,80,88,92,92,84,86,83,57,68,44,32,24,81,83,68,68,RW,5,4,Left,172cm / 5'7',62kg / 137lb,"RM, ST, LW",25,Portugal,Premier League,Chelsea,"Finesse Shot+, Power Shot, Incisive Pass, Pinged Pass, Rapid, Quick Step, Relentless, Trivela",https://www.futbin.com/25/player/56543/pedro-lomba-neto,,,,,,NumeroFUT
245992,841,842,Billy Gilmour,89,84,74,90,87,86,82,86,83,75,69,81,78,75,81,92,82,70,96,92,79,86,87,87,88,87,87,90,65,86,91,80,75,86,80,86,CDM,4,4,Right,"170cm / 5'7""",66kg / 146lb,CM,23,Scotland,Serie A TIM,SSC Napoli,"Long Ball Pass+, Incisive Pass, Pinged Pass, Tiki Taka, Anticipate, Slide Tackle, Relentless",https://www.futbin.com/25/player/56560/billy-gilmour,,,,,,NumeroFUT
241846,842,843,Ewa Pajor,89,90,90,67,91,24,73,91,89,92,93,87,87,91,91,74,49,69,78,52,67,91,92,85,81,92,91,22,80,20,14,11,93,86,84,26,ST,3,3,Right,"167cm / 5'6""",61kg / 134lb,LW,28,Poland,Liga F,FC Barcelona,"Rapid+, Chip Shot, Technical",https://www.futbin.com/25/player/56665/ewa-pajor,,,,,,SIF
251806,843,844,Quinten Timber,89,86,85,83,89,81,88,93,80,86,83,91,89,73,67,86,73,64,89,85,79,89,90,90,89,88,83,82,70,81,83,81,93,85,89,89,CM,4,4,Right,"179cm / 5'10""",71kg / 157lb,"CDM, CAM",23,Netherlands,Eredivisie,Feyenoord,"Relentless+, Power Shot, Incisive Pass, Pinged Pass, Tiki Taka, Intercept, Bruiser, Technical",https://www.futbin.com/25/player/56689/quinten-timber,,,,,,NumeroFUT
203574,844,845,John Stones,89,89,62,86,88,87,85,88,89,62,58,73,65,47,56,90,72,41,97,91,71,87,80,80,96,91,97,86,86,88,88,86,93,82,85,88,CB,4,4,Right,188cm / 6'2',76kg / 168lb,"LB, CDM",30,England,Premier League,Manchester City,"Bruiser+, Pinged Pass, Long Ball Pass, Anticipate, Quick Step, Long Throw, Aerial",https://www.futbin.com/25/player/56705/john-stones,,,,,,NumeroFUT
265258,845,846,Jessica Naz,89,90,88,82,89,57,80,92,88,92,88,91,85,86,78,80,86,60,88,74,85,90,86,85,82,90,81,61,80,55,52,46,90,83,80,73,RM,4,4,Right,"165cm / 5'5""",54kg / 119lb,"LM, CAM, ST",24,England,Barclays WSL,Spurs,"Technical+, Finesse Shot, Power Shot, Whipped Pass, Rapid, Press Proven",https://www.futbin.com/25/player/56706/jessica-naz,,,,,,NumeroFUT
229476,846,847,Waldemar Anton,89,86,51,78,82,87,89,83,88,58,47,64,49,41,52,80,52,48,96,86,44,81,80,81,91,80,90,85,84,91,87,84,90,84,91,90,LB,5,3,Right,"189cm / 6'2""",86kg / 190lb,"RB, CB",28,Germany,Bundesliga,Borussia Dortmund,"Anticipate+, Pinged Pass, Long Ball Pass, Whipped Pass, Jockey, Block, Aerial",https://www.futbin.com/25/player/56707/waldemar-anton,,,,,,NumeroFUT
203574,847,848,John Stones,89,86,62,85,89,89,83,85,86,62,58,73,65,47,56,89,71,40,96,90,70,88,81,80,97,92,98,88,88,90,90,88,91,80,83,86,CB,4,4,Right,188cm / 6'2',76kg / 168lb,"LB, CDM",30,England,Premier League,Manchester City,"Anticipate+, Jockey, Block, Intercept, Bruiser, Long Throw, Aerial",https://www.futbin.com/25/player/56708/john-stones,,,,,,NumeroFUT
259075,848,849,Yan Bueno Couto,89,91,80,87,89,87,82,92,90,91,80,85,78,70,72,86,95,49,90,85,88,91,93,91,80,88,80,88,76,87,89,88,86,90,78,83,RB,5,3,Right,"168cm / 5'6""",60kg / 132lb,"RM, RW",22,Brazil,Bundesliga,Borussia Dortmund,"Jockey+, Incisive Pass, Long Ball Pass, Whipped Pass, Anticipate, Slide Tackle, Technical, Quick Step",https://www.futbin.com/25/player/56719/yan-bueno-couto,,,,,,NumeroFUT
233096,849,850,Denzel Dumfries,89,92,74,82,85,88,92,88,95,86,78,77,67,61,55,77,87,54,87,80,83,84,80,80,92,88,84,86,96,86,89,88,98,93,93,87,RB,4,3,Right,"188cm / 6'2""",80kg / 176lb,RM,29,Netherlands,Serie A TIM,Lombardia FC,"Relentless+, Whipped Pass, Jockey, Block, Intercept, Bruiser, Quick Step, Aerial",https://www.futbin.com/25/player/56720/denzel-dumfries,,,,,,NumeroFUT
211110,850,851,Paulo Dybala,89,83,88,88,91,43,69,86,80,86,87,87,89,95,91,92,87,91,88,83,93,91,90,92,86,93,89,44,70,34,44,41,81,80,70,50,CAM,3,5,Left,"177cm / 5'10""",75kg / 165lb,ST,31,Argentina,Serie A TIM,AS Roma,"First Touch+, Finesse Shot, Dead Ball, Incisive Pass, Technical, Flair, Trivela",https://www.futbin.com/25/player/56752/paulo-dybala,,,,,,SBC
256107,851,852,Alistair Johnston,89,90,67,81,82,84,91,88,91,83,65,80,62,40,58,84,82,42,84,83,75,80,86,82,82,83,85,80,71,86,88,85,90,97,86,97,RB,3,3,Right,"180cm / 5'11""",77kg / 170lb,,26,Canada,cinch Prem,Celtic,"Whipped Pass+, Long Ball Pass, Jockey, Block, Slide Tackle, Relentless",https://www.futbin.com/25/player/56770/alistair-johnston,,,,,,TOTY Honourable Ment
247788,852,853,Giulia Gwinn,89,90,67,84,89,86,80,90,90,83,65,70,66,71,65,83,87,43,88,88,85,92,91,86,88,87,83,86,83,86,87,85,88,87,77,76,RB,4,4,Right,"172cm / 5'8""",58kg / 128lb,LB,25,Germany,GPFBL,FC Bayern München,"Jockey+, Anticipate, Rapid, First Touch, Long Throw",https://www.futbin.com/25/player/57105/giulia-gwinn,,,,,,TOTY Honourable Ment
215698,853,854,Mike Maignan,89,70,26,51,90,20,85,70,70,15,15,64,20,16,15,65,18,16,64,61,38,30,60,56,85,40,68,25,17,23,16,19,82,39,83,35,GK,4,1,Right,"191cm / 6'3""",89kg / 196lb,,29,France,Serie A TIM,Milano FC,"Deflector+, Far Throw, FootWork, Cross Claimer, Rush Out",https://www.futbin.com/25/player/57106/mike-maignan,,,,,,TOTY Honourable Ment
256516,854,855,Nicholas Williams Arthuer,89,97,80,84,91,41,70,98,97,83,82,83,77,70,66,85,90,77,87,70,83,93,97,90,85,90,83,44,72,40,32,30,83,86,64,60,LM,5,4,Right,"181cm / 5'11""",67kg / 148lb,"RM, LW",22,Spain,LALIGA EA SPORTS,Athletic Club,"Rapid+, Finesse Shot, Whipped Pass, Flair, Quick Step, Relentless, Trivela",https://www.futbin.com/25/player/57107/nicholas-williams-arthuer,,,,,,TOTY Honourable Ment
276359,855,856,Barbra Banda,89,97,89,75,87,44,85,95,98,90,91,91,85,82,81,73,71,72,80,71,76,86,83,83,88,90,83,35,90,36,45,34,97,84,92,65,ST,4,4,Right,"177cm / 5'10""",69kg / 152lb,,25,Zambia,NWSL,Orlando Pride,"Quick Step+, Chip Shot, Power Shot, Technical, Rapid, Press Proven, Relentless",https://www.futbin.com/25/player/57113/barbra-banda,,,,,,TOTY Honourable Ment
251854,856,857,Pedro González López,89,85,75,88,91,85,86,87,84,86,78,74,74,61,58,94,73,67,94,92,85,90,91,93,90,91,90,89,61,83,93,79,84,95,84,80,CM,4,5,Right,"174cm / 5'9""",60kg / 132lb,"CDM, CAM, LW",22,Spain,LALIGA EA SPORTS,FC Barcelona,"Incisive Pass+, Long Ball Pass, Tiki Taka, Intercept, Technical, Rapid, First Touch, Press Proven, Relentless",https://www.futbin.com/25/player/57114/pedro-gonzalez-lopez,,,,,,TOTY Honourable Ment
263620,857,858,Romeo Lavia,89,86,70,85,89,87,88,87,85,68,65,80,77,60,65,86,70,61,94,90,77,90,90,90,85,86,91,89,75,87,90,88,89,87,88,87,CDM,4,4,Right,"181cm / 5'11""",76kg / 168lb,CM,21,Belgium,Premier League,Chelsea,"Pinged Pass+, Bruiser+, Incisive Pass, Long Ball Pass, Jockey, Intercept, Relentless",https://www.futbin.com/25/player/57163/romeo-lavia,,,,,,Future Stars
255009,858,859,Kenneth Taylor,89,89,86,90,89,78,84,91,88,91,85,94,87,78,71,88,87,83,94,92,90,88,88,87,86,91,86,83,73,82,75,73,82,91,82,83,CM,5,4,Left,"182cm / 6'0""",73kg / 161lb,CAM,22,Netherlands,Eredivisie,Ajax,"Incisive Pass+, Relentless+, Pinged Pass, Tiki Taka, Jockey, Technical, Trickster, Trivela",https://www.futbin.com/25/player/57164/kenneth-taylor,,,,,,Future Stars
261865,859,860,Miguel Gutiérrez Ortega,89,93,75,87,90,87,82,93,93,88,76,82,74,47,47,88,93,52,92,80,86,92,88,87,86,90,80,86,76,88,90,88,88,92,77,80,LB,4,4,Left,"180cm / 5'11""",73kg / 161lb,LM,23,Spain,LALIGA EA SPORTS,Girona FC,"Quick Step+, Long Throw+, Whipped Pass, Block, Anticipate, Technical, Rapid",https://www.futbin.com/25/player/57165/miguel-gutierrez-ortega,,,,,,Future Stars
239261,860,861,Henrik Larsson,89,90,90,76,86,48,75,91,90,91,94,86,85,91,90,75,71,82,78,74,88,85,90,88,92,86,87,44,96,35,48,47,94,88,67,75,ST,4,4,Right,"178cm / 5'10""",75kg / 165lb,,,Sweden,Icons,EA FC ICONS,"Chip Shot+, Quick Step+, Finesse Shot, Power Shot, Incisive Pass, Technical, First Touch, Relentless",https://www.futbin.com/25/player/57179/henrik-larsson,,,,,,Future Stars Icon
257289,861,862,Hugo Ekitike,89,96,89,80,90,38,84,95,97,90,93,90,83,75,76,83,67,63,92,70,76,92,85,82,85,92,82,29,99,37,27,26,98,83,86,77,ST,4,4,Right,"189cm / 6'2""",70kg / 154lb,,22,France,Bundesliga,Frankfurt,"Chip Shot+, Rapid+, Finesse Shot, Power Shot, Power Header, Technical, First Touch, Aerial",https://www.futbin.com/25/player/57195/hugo-ekitike,,,,,,Future Stars
265860,862,863,Julie Dufour,89,94,87,89,91,60,70,93,94,88,87,88,90,83,78,88,84,81,93,88,87,90,98,92,90,90,90,62,60,60,61,49,75,85,62,68,LM,4,4,Right,"163cm / 5'4""",56kg / 123lb,"RM, LW",23,France,NWSL,Angel City FC,"Technical+, Whipped Pass+, Incisive Pass, Pinged Pass, Flair, Quick Step, Relentless",https://www.futbin.com/25/player/57198/julie-dufour,,,,,,Future Stars
233064,863,864,Mason Mount,89,86,88,90,88,78,80,89,84,89,87,91,89,86,79,88,90,92,91,90,91,89,85,84,87,89,91,81,71,74,84,70,81,92,70,90,CM,5,4,Right,"181cm / 5'11""",74kg / 163lb,CAM,26,England,Premier League,Manchester Utd,"Incisive Pass+, Finesse Shot, Chip Shot, Long Ball Pass, Intercept, Anticipate, Technical, First Touch",https://www.futbin.com/25/player/57205/mason-mount,,,,,,Flashback SBC
265898,864,865,Melchie Dumornay,89,97,88,87,91,70,78,95,98,87,91,91,85,79,73,88,78,82,93,81,96,90,95,91,86,93,89,70,88,62,76,62,98,83,80,61,LW,4,4,Right,160cm / 5'2',51kg / 112lb,"LM, RW",21,Haiti,D1 Arkema,OL,"Relentless+, Finesse Shot, Chip Shot, Power Shot, Incisive Pass, Technical, Flair, Quick Step, Trivela",https://www.futbin.com/25/player/57206/melchie-dumornay,,,,,,Future Stars
265898,865,866,Melchie Dumornay,89,96,89,88,90,70,80,94,97,88,92,92,86,79,74,89,79,83,94,82,97,89,94,90,85,92,88,70,88,62,76,62,99,85,82,62,ST,4,4,Right,160cm / 5'2',51kg / 112lb,CM,21,Haiti,D1 Arkema,OL,"Press Proven+, Finesse Shot, Chip Shot, Power Shot, Incisive Pass, Technical, Flair, Quick Step, Trivela",https://www.futbin.com/25/player/57208/melchie-dumornay,,,,,,Future Stars
268262,866,867,Rosemonde Kouassi,89,97,88,83,87,51,82,97,97,90,90,90,85,81,74,81,80,70,91,77,79,84,96,88,86,89,87,39,91,48,50,44,94,84,80,81,RW,4,4,Right,"164cm / 5'5""",54kg / 119lb,"RM, ST, LW",23,Côte d'Ivoire,NWSL,Washington Spirit,"Quick Step+, Acrobatic+, Power Shot, Technical, Rapid, Trickster, Relentless",https://www.futbin.com/25/player/57445/rosemonde-kouassi,,,,,,Future Stars
275298,867,868,Aleksandar Pavlovic,89,87,80,90,89,87,85,93,82,53,84,85,80,53,68,86,81,79,97,96,78,90,87,85,85,91,83,88,82,90,86,88,95,96,84,73,CDM,4,4,Right,"188cm / 6'2""",75kg / 165lb,CM,20,Germany,Bundesliga,FC Bayern München,"Tiki Taka+, Intercept+, Pinged Pass, Long Ball Pass, Block, Anticipate, Slide Tackle, Press Proven",https://www.futbin.com/25/player/57446/aleksandar-pavlovic,,,,,,Future Stars
260908,868,869,Milos Kerkez,89,93,70,85,87,85,85,95,92,83,67,83,64,67,59,85,93,51,89,80,80,86,95,94,85,86,82,85,72,86,89,87,79,99,75,93,LB,4,4,Left,"180cm / 5'11""",71kg / 157lb,,21,Hungary,Premier League,AFC Bournemouth,"Jockey+, Slide Tackle+, Whipped Pass, Block, Rapid, Flair",https://www.futbin.com/25/player/57447/milos-kerkez,,,,,,Future Stars
48940,869,870,Petr Cech,89,55,22,37,90,22,91,57,53,12,13,57,12,12,27,60,21,22,37,40,22,18,67,64,89,23,69,23,27,26,14,23,72,44,76,26,GK,4,1,Left,"196cm / 6'5""",90kg / 198lb,,,Czechia,Icons,EA FC ICONS,"Deflector+, Far Throw+, Cross Claimer, Far Reach",https://www.futbin.com/25/player/57462/petr-cech,,,,,,Future Stars Icon
184941,870,871,Alexis Sánchez,89,88,90,86,90,50,87,88,88,88,91,90,91,93,78,90,88,83,84,83,91,88,90,94,91,93,88,54,75,47,46,36,95,86,86,88,ST,4,5,Right,"169cm / 5'7""",65kg / 143lb,LW,36,Chile,Serie A TIM,Udinese,"Finesse Shot+, First Touch+, Chip Shot, Power Shot, Pinged Pass, Rapid, Trickster, Press Proven",https://www.futbin.com/25/player/57463/sanchez,,,,,,Flashback SBC
245152,871,872,Santiago Giménez,89,90,90,83,88,56,85,88,91,94,91,92,85,83,90,89,76,62,88,82,85,88,87,88,90,87,89,58,91,63,45,27,90,83,86,86,ST,4,4,Left,"182cm / 6'0""",69kg / 152lb,,24,Mexico,Serie A TIM,Milano FC,"Power Shot+, First Touch+, Finesse Shot, Chip Shot, Power Header, Technical, Press Proven, Quick Step",https://www.futbin.com/25/player/57464/santiago-gimenez,,,,,,Future Stars
256197,872,873,Piero Hincapié,89,85,48,73,81,89,87,86,85,66,48,60,37,40,40,60,63,37,89,84,64,80,82,80,88,82,84,86,86,88,91,94,96,87,84,92,CB,4,3,Left,"184cm / 6'0""",77kg / 170lb,LB,23,Ecuador,Bundesliga,Leverkusen,"Power Header+, Anticipate+, Jockey, Block, Intercept, Bruiser, Relentless, Aerial",https://www.futbin.com/25/player/57466/piero-hincapie,,,,,,Future Stars
279812,873,874,Croix Bethune,89,90,90,85,90,70,87,91,90,95,94,90,90,75,71,86,84,80,86,83,80,92,90,83,90,91,80,77,70,65,70,66,90,93,83,87,ST,4,4,Left,160cm / 5'2',56kg / 123lb,CAM,24,United States,NWSL,Washington Spirit,"Power Shot+, Finesse Shot, Chip Shot, Incisive Pass, Long Ball Pass, Technical, Flair, First Touch, Quick Step",https://www.futbin.com/25/player/57469/croix-bethune,,,,,,Future Stars
279812,874,875,Croix Bethune,89,91,86,90,90,77,87,90,91,91,90,87,82,65,68,91,90,84,91,91,84,92,90,85,90,91,80,78,75,76,78,73,91,94,84,87,CAM,4,4,Left,160cm / 5'2',56kg / 123lb,CM,24,United States,NWSL,Washington Spirit,"Incisive Pass+, Chip Shot, Pinged Pass, Long Ball Pass, Jockey, Technical, Flair, Press Proven, Relentless",https://www.futbin.com/25/player/57470/croix-bethune,,,,,,Future Stars
231443,875,876,Ousmane Dembélé,89,95,81,86,91,45,62,97,94,86,78,90,80,81,80,89,90,67,87,82,88,92,97,84,85,90,85,42,48,46,46,37,70,75,57,58,RW,5,5,Left,"178cm / 5'10""",67kg / 148lb,"RM, CAM",27,France,Ligue 1 Uber Eats,Paris SG,"Whipped Pass+, Rapid+, Pinged Pass, Flair, Trickster, Quick Step, Trivela",https://www.futbin.com/25/player/57498/ousmane-dembele,,,,,,Ligue 1 POTM SBC
267240,876,877,Carson Pickett,89,92,63,85,82,89,83,91,93,72,52,75,76,56,52,73,93,78,88,86,93,84,84,82,80,80,83,90,83,91,88,90,91,94,81,74,LB,4,4,Left,"173cm / 5'8""",58kg / 128lb,,31,United States,NWSL,Orlando Pride,"Relentless+, Intercept+, Long Ball Pass, Whipped Pass, Jockey, Anticipate, Technical, Rapid, Quick Step",https://www.futbin.com/25/player/57510/pickett,,,,,,Grassroot Greats
236640,877,878,Lynn Williams,89,99,88,83,89,60,82,99,99,92,87,90,86,83,89,84,85,80,85,75,76,87,90,87,92,90,88,52,90,45,75,48,97,90,82,66,LW,4,4,Right,"172cm / 5'8""",62kg / 137lb,"RM, LM, ST",31,United States,NWSL,OL Reign,"Power Shot+, Press Proven+, Finesse Shot, Block, Rapid, Quick Step, Aerial",https://www.futbin.com/25/player/57511/lynn-williams,,,,,,Grassroot Greats
204485,878,879,Riyad Mahrez,89,88,89,90,92,43,66,90,87,91,90,90,90,84,81,91,91,88,92,85,93,92,94,93,91,93,90,43,61,49,38,25,75,86,62,51,RM,4,5,Left,"179cm / 5'10""",67kg / 148lb,RW,34,Algeria,ROSHN Saudi League,Al Ahli,"Technical+, Trickster+, Finesse Shot, Incisive Pass, Tiki Taka, Whipped Pass, Rapid, Flair, First Touch, Relentless",https://www.futbin.com/25/player/57512/riyad-mahrez,,,,,,Grassroot Greats
241925,879,880,Chris Führich,89,92,85,87,93,60,73,94,91,87,86,87,85,78,73,87,86,74,90,87,92,95,97,93,87,92,84,51,63,62,65,58,81,92,63,73,LM,4,5,Right,"181cm / 5'11""",70kg / 154lb,"CAM, LW",27,Germany,Bundesliga,VfB Stuttgart,"Rapid+, First Touch+, Power Shot, Whipped Pass, Technical, Flair, Trickster, Trivela",https://www.futbin.com/25/player/57513/chris-fuhrich,,,,,,Grassroot Greats
243630,880,881,Jonathan David,89,91,89,86,88,44,85,89,92,92,90,90,84,85,94,87,82,70,90,87,74,88,84,81,91,90,90,43,97,38,38,25,98,95,86,65,ST,5,4,Right,"175cm / 5'9""",70kg / 154lb,CAM,25,Canada,Ligue 1 Uber Eats,LOSC Lille,"Quick Step+, Trivela+, Finesse Shot, Power Shot, Pinged Pass, Technical, Rapid, First Touch, Trickster, Relentless",https://www.futbin.com/25/player/57514/jonathan-david,,,,,,Grassroot Greats
51412,881,882,Tim Cahill,89,88,90,84,87,66,93,87,89,88,92,93,85,95,77,85,75,73,91,85,81,85,88,90,92,90,85,59,98,68,61,58,98,90,93,95,ST,4,4,Right,178cm / 5'10',76kg / 168lb,"CM, CAM",45,Australia,Premier League,HERO,"Press Proven+, Aerial+, Finesse Shot, Power Shot, Power Header, Technical, First Touch, Quick Step, Acrobatic",https://www.futbin.com/25/player/57534/tim-cahill,,,,,,GrassrootGreatsHero
259372,882,883,Athenea del Castillo,89,93,87,83,90,45,80,91,95,89,91,84,85,80,70,87,90,66,88,71,66,91,90,85,87,92,85,46,94,36,40,35,93,87,77,77,RW,5,4,Right,"160cm / 5'3""",52kg / 115lb,"RM, LW",24,Spain,Liga F,Real Madrid,"Rapid+, Whipped Pass+, Finesse Shot, Power Shot, Incisive Pass, Pinged Pass, Technical, First Touch, Quick Step",https://www.futbin.com/25/player/57670/athenea-del-castillo,,,,,,Grassroot Greats
210257,883,884,Ederson Santana de Moraes,89,64,29,54,89,21,87,65,64,20,14,68,18,18,65,70,20,20,65,68,39,30,60,48,88,45,70,27,14,29,15,8,79,44,78,38,GK,3,1,Left,"188cm / 6'2""",86kg / 190lb,,31,Brazil,Premier League,Manchester City,"Long Ball Pass+, Pinged Pass, FootWork, Cross Claimer",https://www.futbin.com/25/player/57753/ederson-santana-de-moraes,,,,,,TOTW
259356,884,885,Carney Chukwuemeka,89,88,89,90,94,76,85,87,88,93,90,89,87,80,83,93,82,77,94,92,87,96,89,89,90,95,92,75,73,74,78,76,81,84,87,81,CAM,4,4,Right,"187cm / 6'2""",77kg / 170lb,CM,21,England,Bundesliga,Borussia Dortmund,"Long Ball Pass+, Power Shot, Pinged Pass, Technical, Flair, First Touch",https://www.futbin.com/25/player/57780/carney-chukwuemeka,,,,,,Fantasy FC
264959,885,886,Célina Ould Hocine,89,84,66,88,83,90,88,82,86,49,71,67,66,48,51,84,88,61,96,86,88,83,81,81,85,88,81,91,82,91,92,89,91,87,87,91,CB,5,3,Right,"167cm / 5'6""",55kg / 121lb,CDM,23,France,D1 Arkema,Paris FC,"Block+, Intercept+, Pinged Pass, Long Ball Pass, Jockey, Anticipate, Slide Tackle, Relentless, Aerial",https://www.futbin.com/25/player/57791/celina-ould-hocine,,,,,,Fantasy FC
269626,886,887,Ðorde Petrovic,89,53,20,37,91,17,89,51,54,11,11,55,11,11,13,50,11,12,47,50,12,91,45,34,79,45,62,15,13,20,15,17,67,37,73,27,GK,3,1,Right,"194cm / 6'4""",88kg / 194lb,,25,Serbia,Ligue 1 Uber Eats,Strasbourg,"Far Reach+, Deflector+, Pinged Pass, Long Ball Pass, Far Throw, FootWork, Cross Claimer, Rush Out",https://www.futbin.com/25/player/57793/orde-petrovic,,,,,,Fantasy FC
226754,887,888,Ismaël Bennacer,89,84,81,88,91,87,85,86,83,82,75,93,85,72,80,86,84,81,91,89,85,90,92,95,90,91,93,90,71,88,91,86,87,88,80,95,CDM,4,4,Left,"175cm / 5'9""",70kg / 154lb,"CM, CAM",27,Algeria,Ligue 1 Uber Eats,OM,"Incisive Pass+, Intercept+, Pinged Pass, Tiki Taka, Anticipate, Technical, Relentless",https://www.futbin.com/25/player/57804/ismael-bennacer,,,,,,Fantasy FC
239763,888,889,Edon Zhegrova,89,95,86,89,92,36,76,97,94,90,85,91,88,76,63,89,91,81,89,89,92,94,96,92,89,90,90,29,51,46,30,26,76,85,76,64,RM,4,5,Left,"181cm / 5'11""",66kg / 146lb,RW,26,Kosovo,Ligue 1 Uber Eats,LOSC Lille,"Trivela+, Whipped Pass+, Finesse Shot, Technical, Flair, First Touch, Quick Step",https://www.futbin.com/25/player/57808/edon-zhegrova,,,,,,UCL Live
177413,889,890,Axel Witsel,89,86,73,89,85,94,85,86,86,80,72,74,66,87,88,87,81,77,95,92,84,85,72,76,91,89,95,94,93,97,92,87,84,81,89,81,CB,4,3,Right,186cm / 6'1',81kg / 179lb,,36,Belgium,LALIGA EA SPORTS,Atlético de Madrid,"Long Ball Pass+, Block+, Pinged Pass, Anticipate, Slide Tackle, Bruiser",https://www.futbin.com/25/player/58175/axel-witsel,,,,,,UCL Live
243057,890,891,Neco Williams,89,94,63,85,87,89,84,92,95,81,57,76,61,51,61,79,89,71,88,86,73,87,89,87,85,88,86,89,82,88,90,91,96,89,81,82,RB,4,4,Right,183cm / 6'0',72kg / 159lb,LB,24,Wales,Premier League,Nott'm Forest,"Quick Step+, Slide Tackle+, Pinged Pass, Long Ball Pass, Intercept, Anticipate, Technical, Aerial",https://www.futbin.com/25/player/58176/neco-williams,,,,,,Fantasy FC
258444,891,892,Evann Guessand,89,94,88,86,91,41,89,87,99,92,91,91,83,87,73,89,75,75,95,82,87,91,86,89,89,94,94,25,99,43,33,29,99,87,93,81,ST,5,5,Right,"188cm / 6'2""",79kg / 174lb,RM,23,Côte d'Ivoire,Ligue 1 Uber Eats,OGC Nice,"Rapid+, Power Shot+, Finesse Shot, Power Header, Tiki Taka, Whipped Pass, Technical, Press Proven, Relentless, Aerial",https://www.futbin.com/25/player/58195/evann-guessand,,,,,,Fantasy FC
24630,892,893,José Manuel Reina Páez,89,56,23,35,87,21,87,52,60,13,14,58,15,11,24,65,11,11,37,39,11,10,50,60,72,23,64,22,13,20,22,24,65,34,70,32,GK,5,5,Right,"188cm / 6'2""",92kg / 203lb,,42,Spain,Serie A TIM,Como,"Far Throw+, Cross Claimer+, FootWork, Rush Out, Deflector",https://www.futbin.com/25/player/58272/jose-manuel-reina-paez,,,,,,FUT Birthday
216435,893,894,Stanislav Lobotka,89,83,80,88,90,86,87,86,80,83,81,80,84,62,67,90,83,65,92,92,83,88,90,93,90,91,90,88,55,88,92,86,80,98,80,90,CM,5,5,Right,"170cm / 5'7""",68kg / 150lb,CDM,30,Slovakia,Serie A TIM,SSC Napoli,"Pinged Pass+, Anticipate+, Tiki Taka, Whipped Pass, Intercept, Technical, First Touch, Press Proven, Relentless",https://www.futbin.com/25/player/58273/stanislav-lobotka,,,,,,FUT Birthday
247394,894,895,Dejan Kulusevski,89,87,86,87,89,65,87,88,86,88,85,85,90,89,73,90,90,66,90,80,92,90,86,86,88,90,90,61,60,63,73,63,82,98,87,73,RM,5,5,Left,"186cm / 6'1""",80kg / 176lb,"CAM, RW",24,Sweden,Premier League,Spurs,"Technical+, Relentless+, Finesse Shot, Long Ball Pass, Whipped Pass, Rapid, Flair, Trickster",https://www.futbin.com/25/player/58293/dejan-kulusevski,,,,,,FUT Birthday
247263,895,896,Edmond Tapsoba,89,87,60,78,80,90,87,85,88,38,63,82,33,38,87,82,47,39,93,94,64,77,77,77,91,84,88,90,88,89,93,83,90,82,90,84,CB,5,5,Right,192cm / 6'3',84kg / 185lb,,26,Burkina Faso,Bundesliga,Leverkusen,"Jockey+, Anticipate+, Power Header, Pinged Pass, Long Ball Pass, Block, Intercept, Rapid",https://www.futbin.com/25/player/58555/edmond-tapsoba,,,,,,FUT Birthday
247263,896,897,Edmond Tapsoba,89,90,60,75,78,87,90,88,91,38,63,82,33,38,87,79,44,36,90,91,61,75,75,75,89,82,86,87,85,86,90,80,93,85,93,87,CB,5,5,Right,192cm / 6'3',84kg / 185lb,,26,Burkina Faso,Bundesliga,Leverkusen,"Aerial+, Bruiser+, Power Header, Pinged Pass, Long Ball Pass, Jockey, Block, Intercept",https://www.futbin.com/25/player/58556/edmond-tapsoba,,,,,,FUT Birthday
203551,897,898,Alessandro Florenzi,89,88,85,91,89,88,86,90,86,80,81,90,88,94,82,91,90,86,93,91,87,88,92,97,87,88,90,90,81,90,89,85,85,86,88,82,RB,5,5,Right,"173cm / 5'8""",67kg / 148lb,"LB, CM",34,Italy,Serie A TIM,Milano FC,"Whipped Pass+, Jockey+, Block, Intercept, Bruiser, Technical, Quick Step, Relentless",https://www.futbin.com/25/player/58588/alessandro-florenzi,,,,,,FUT Birthday
178603,898,899,Mats Hummels,89,88,63,82,74,91,89,86,90,61,59,76,54,68,73,86,70,57,87,92,71,71,70,72,88,76,90,91,88,91,91,90,97,84,93,85,CB,5,5,Right,"191cm / 6'3""",94kg / 207lb,,36,Germany,Serie A TIM,AS Roma,"Aerial+, Intercept+, Long Ball Pass, Jockey, Anticipate, Slide Tackle, Trivela",https://www.futbin.com/25/player/58589/hummels,,,,,,FUT Birthday
242434,899,900,Curtis Jones,89,89,85,90,91,85,87,90,89,92,81,91,88,81,73,92,82,61,95,93,91,92,90,88,90,91,92,86,63,86,92,83,80,95,85,86,CM,5,5,Right,"185cm / 6'1""",75kg / 165lb,"CDM, CAM",24,England,Premier League,Liverpool,"Finesse Shot+, Tiki Taka+, Incisive Pass, Jockey, Intercept, Technical, Rapid, Flair, Trickster, Press Proven",https://www.futbin.com/25/player/58590/curtis-jones,,,,,,FUT Birthday
250723,900,901,Kouadio Manu Koné,89,87,85,89,94,86,88,88,87,83,85,96,87,65,64,93,86,60,92,91,88,95,92,91,90,95,91,85,85,82,92,87,90,91,88,86,CM,5,5,Right,"185cm / 6'1""",80kg / 176lb,CDM,23,France,Serie A TIM,AS Roma,"Power Shot+, Pinged Pass+, Long Ball Pass, Anticipate, Bruiser, Technical, Flair, First Touch, Press Proven",https://www.futbin.com/25/player/58591/kouadio-manu-kone,,,,,,FUT Birthday
263013,901,902,Lotte Wubben-Moy,89,87,50,85,82,91,88,90,85,48,45,60,50,36,69,87,54,54,99,99,84,78,77,75,88,87,90,88,90,96,89,88,94,85,90,86,CB,5,5,Right,"178cm / 5'10""",67kg / 148lb,,26,England,Barclays WSL,Arsenal,"Long Ball Pass+, Anticipate+, Incisive Pass, Jockey, Block, Intercept, Technical",https://www.futbin.com/25/player/58628/lotte-wubben-moy,,,,,,FUT Birthday
248148,902,903,Martín Zubimendi Ibáñez,89,86,75,86,87,89,81,89,84,88,77,68,83,56,52,87,75,64,94,92,77,85,85,85,95,90,92,95,74,88,92,90,80,90,78,79,CDM,5,5,Right,"181cm / 5'11""",74kg / 163lb,CM,26,Spain,LALIGA EA SPORTS,Real Sociedad,"Long Ball Pass+, Intercept+, Pinged Pass, Tiki Taka, Jockey, Anticipate, First Touch, Relentless",https://www.futbin.com/25/player/58629/martin-zubimendi-ibanez,,,,,,FUT Birthday
225872,903,904,Jamie McGrath,89,90,87,87,90,78,80,91,90,88,87,90,84,77,98,87,82,88,90,86,90,90,92,90,90,88,92,79,69,79,81,77,85,88,80,68,LM,5,5,Right,"175cm / 5'9""",71kg / 157lb,"RM, CAM, RW",28,Republic of Ireland,cinch Prem,Aberdeen,"Rapid+, Incisive Pass+, Finesse Shot, Chip Shot, Whipped Pass, Technical, First Touch, Trickster",https://www.futbin.com/25/player/58653/jamie-mcgrath,,,,,,FUT Birthday
201417,904,905,Matt Doherty,89,87,81,85,85,89,90,89,86,90,80,95,79,57,60,85,89,55,86,86,79,85,84,84,90,86,86,88,90,88,89,88,97,94,88,90,RB,5,5,Right,"185cm / 6'1""",80kg / 176lb,"CB, RM",33,Republic of Ireland,Premier League,Wolves,"Slide Tackle+, Bruiser+, Incisive Pass, Jockey, Block, Anticipate, Technical, Rapid, First Touch",https://www.futbin.com/25/player/58654/matt-doherty,,,,,,FUT Birthday
226893,905,906,Débora C. de Oliveira,89,85,83,89,92,47,70,84,85,89,84,82,80,88,80,92,87,82,89,87,91,94,91,95,78,92,85,50,57,50,40,45,74,83,63,72,ST,5,5,Right,"155cm / 5'1""",52kg / 115lb,"RM, CAM",33,Brazil,NWSL,KC Current,"Trickster+, Trivela+, Technical, Flair, First Touch, Quick Step, Acrobatic",https://www.futbin.com/25/player/58663/debora-c-de-oliveira,,,,,,TOTW
232293,906,907,Victor Osimhen,89,91,89,68,85,44,84,87,94,97,93,91,78,88,79,73,65,54,75,56,66,84,82,70,93,88,84,36,90,38,47,23,96,83,88,70,ST,4,4,Right,"186cm / 6'1""",77kg / 170lb,,26,Nigeria,Trendyol Süper Lig,Galatasaray,"Finesse Shot+, Acrobatic+, Chip Shot, Power Shot, Power Header, Rapid",https://www.futbin.com/25/player/58664/victor-osimhen,,,,,,SIF
222227,907,908,Patrick Berg,89,86,77,89,86,87,91,85,87,82,72,83,87,69,70,91,85,77,93,90,87,84,87,90,90,88,90,91,72,90,88,86,90,97,91,86,CDM,4,4,Right,"178cm / 5'10""",76kg / 168lb,CM,27,Norway,Eliteserien,FK Bodø/Glimt,"Relentless+, Bruiser+, Incisive Pass, Pinged Pass, Intercept, Anticipate, Technical, Press Proven, Trivela",https://www.futbin.com/25/player/58707/patrick-berg,,,,,,UEL Dreamchasers
237640,908,909,Nedim Bajrami,89,90,85,88,92,73,80,91,90,93,81,93,81,85,87,90,84,77,90,88,90,92,92,91,86,93,83,70,68,73,76,78,83,90,75,81,CAM,4,4,Right,"179cm / 5'10""",68kg / 150lb,RW,26,Albania,cinch Prem,Rangers,"Technical+, Incisive Pass+, Finesse Shot, Pinged Pass, Tiki Taka, First Touch, Press Proven, Quick Step, Relentless",https://www.futbin.com/25/player/58708/nedim-bajrami,,,,,,UEL Dreamchasers
259524,909,910,Aitor Paredes Casamichana,89,88,50,76,83,90,85,88,88,43,40,58,61,64,53,74,46,40,94,98,40,83,87,86,91,80,87,90,81,88,96,90,86,80,86,86,CB,3,3,Right,"186cm / 6'1""",79kg / 174lb,,24,Spain,LALIGA EA SPORTS,Athletic Club,"Intercept+, Bruiser+, Pinged Pass, Jockey, Anticipate, Slide Tackle, Aerial",https://www.futbin.com/25/player/59134/aitor-paredes-casamichana,,,,,,UEL Dreamchasers
198331,910,911,Matej Vydra,89,91,90,82,88,45,86,91,91,94,90,94,86,90,86,86,80,78,83,73,90,87,90,90,90,88,88,40,80,50,33,40,86,84,93,71,ST,4,4,Right,"180cm / 5'11""",74kg / 163lb,,32,Czechia,Česká Liga,Viktoria Plzeň,"Finesse Shot+, Low Driven Shot+, Chip Shot, Technical, Rapid, Flair, Press Proven, Relentless",https://www.futbin.com/25/player/59135/matej-vydra,,,,,,UEL Dreamchasers
228520,911,912,Ezequiel Ávila,89,90,90,82,86,53,93,90,90,88,90,96,87,90,87,86,74,72,90,78,73,86,91,95,86,85,80,45,97,45,54,49,97,86,94,99,ST,5,4,Right,"172cm / 5'8""",81kg / 179lb,"RM, LM",31,Argentina,LALIGA EA SPORTS,Real Betis,"Low Driven Shot+, Aerial+, Finesse Shot, Chip Shot, Power Shot, Long Ball Pass, First Touch, Press Proven, Relentless, Acrobatic",https://www.futbin.com/25/player/59142/ezequiel-avila,,,,,,UECL Dreamchasers
240717,912,913,Lineth Beerensteyn,89,94,89,86,92,60,85,95,94,93,98,86,82,72,70,84,82,68,96,79,86,93,88,94,91,93,82,55,78,60,60,52,97,87,87,72,ST,4,4,Right,"162cm / 5'4""",60kg / 132lb,"LM, RW, LW",28,Netherlands,GPFBL,VfL Wolfsburg,"Quick Step+, Low Driven Shot+, Finesse Shot, Tiki Taka, Whipped Pass, Technical, Rapid",https://www.futbin.com/25/player/59298/lineth-beerensteyn,,,,,,TIF
212198,913,914,Bruno Miguel Borges Fernandes,89,84,90,92,89,77,81,86,82,92,89,91,90,92,98,97,85,95,93,93,90,89,85,82,95,92,85,75,75,73,84,78,75,97,70,90,CAM,4,4,Right,"179cm / 5'10""",69kg / 152lb,CM,30,Portugal,Premier League,Manchester Utd,"Dead Ball+, Long Ball Pass+, Finesse Shot, Incisive Pass, Pinged Pass, Flair, First Touch, Relentless",https://www.futbin.com/25/player/59321/bruno-miguel-borges-fernandes,,,,,,PL POTM SBC
1041,914,915,Javier Zanetti,89,90,85,92,87,89,85,91,90,88,84,88,84,81,92,94,94,62,97,95,71,85,86,87,90,91,89,92,84,88,90,88,54,96,80,90,CM,4,4,Right,"178cm / 5'10""",74kg / 163lb,CDM,,Argentina,Icons,EA FC ICONS,"Pinged Pass+, Intercept+, Power Shot, Incisive Pass, Long Ball Pass, Jockey, Anticipate, Technical, Press Proven, Relentless",https://www.futbin.com/25/player/59338/javier-zanetti,,,,,,FUT Immortals Icon
238443,915,916,Laurent Blanc,89,86,85,89,89,91,86,84,88,84,84,88,84,86,95,88,80,85,93,92,87,85,88,85,94,93,93,90,85,92,93,88,77,88,85,87,CAM,4,4,Right,"192cm / 6'4""",82kg / 181lb,"CB, CM",,France,Icons,EA FC ICONS,"First Touch+, Pinged Pass+, Finesse Shot, Incisive Pass, Tiki Taka, Anticipate, Technical, Quick Step, Aerial",https://www.futbin.com/25/player/59339/laurent-blanc,,,,,,FUT Immortals Icon
6235,916,917,Pavel Nedved,89,88,87,92,92,60,80,88,88,90,82,93,95,84,85,94,92,91,93,91,90,93,90,90,90,93,90,64,77,63,53,50,68,91,74,85,CAM,5,4,Right,"177cm / 5'10""",72kg / 159lb,"LM, LW",,Czechia,Icons,EA FC ICONS,"Power Shot+, Tiki Taka+, Finesse Shot, Dead Ball, Incisive Pass, Pinged Pass, Technical, Rapid, First Touch, Relentless",https://www.futbin.com/25/player/59340/pavel-nedved,,,,,,FUT Immortals Icon
212523,917,918,Anderson Souza Conceição,89,89,92,86,91,60,82,94,85,92,93,95,93,83,82,85,83,94,85,87,96,91,94,64,90,95,84,59,90,51,62,48,89,81,82,80,ST,5,4,Left,"191cm / 6'3""",75kg / 165lb,"RM, CAM, RW",31,Brazil,Trendyol Süper Lig,Fenerbahçe,"Power Shot+, Low Driven Shot+, Finesse Shot, Dead Ball, Power Header, Trivela, Acrobatic",https://www.futbin.com/25/player/59401/anderson-souza-conceicao,,,,,,TOTW
229188,918,919,Vangelis Pavlidis,89,85,91,80,89,53,91,86,85,90,94,92,87,84,78,80,68,64,88,85,81,90,81,88,90,89,88,36,93,53,53,45,92,95,90,86,ST,5,4,Right,"186cm / 6'1""",78kg / 172lb,,26,Greece,Liga Portugal,SL Benfica,"Finesse Shot+, Power Header+, Chip Shot, Power Shot, Technical, First Touch, Relentless",https://www.futbin.com/25/player/59403/vangelis-pavlidis,,,,,,SIF
260247,919,920,Morgan Rogers,89,93,89,90,92,71,88,89,96,86,95,94,80,70,75,90,93,70,94,85,94,97,81,92,86,90,92,63,71,66,85,62,94,85,94,77,RM,5,4,Right,"188cm / 6'2""",80kg / 176lb,"LM, CAM, RW",22,England,Premier League,Aston Villa,"Rapid+, Long Ball Pass+, Finesse Shot, Technical, Flair, Quick Step, Trivela",https://www.futbin.com/25/player/59404/morgan-rogers,,,,,,SIF
222077,920,921,Manuel Locatelli,89,84,80,88,86,87,89,80,88,78,71,90,94,80,69,90,80,70,94,91,80,87,72,66,88,92,90,86,75,88,91,83,82,99,85,86,CDM,5,4,Right,"185cm / 6'1""",75kg / 165lb,CM,27,Italy,Serie A TIM,Juventus,"Long Ball Pass+, Anticipate+, Pinged Pass, Tiki Taka, Intercept, Bruiser, Relentless",https://www.futbin.com/25/player/59405/manuel-locatelli,,,,,,TOTW
262621,921,922,Giorgi Mamardashvili,89,55,18,20,89,9,89,55,55,8,9,54,7,7,11,34,13,10,20,20,11,11,40,26,74,22,26,8,14,5,12,10,71,45,74,25,GK,4,2,Left,"199cm / 6'6""",88kg / 194lb,,24,Georgia,LALIGA EA SPORTS,Valencia CF,"Far Throw+, Cross Claimer+, FootWork, Rush Out, Deflector",https://www.futbin.com/25/player/59406/giorgi-mamardashvili,,,,,,TOTW
227246,922,923,Lucy Bronze,89,86,75,87,86,89,92,86,86,81,61,94,87,73,68,79,92,78,89,88,89,86,78,76,93,88,95,88,87,90,89,88,88,87,97,87,RB,3,4,Right,"172cm / 5'8""",70kg / 154lb,,33,England,Barclays WSL,Chelsea,"Power Header+, Slide Tackle+, Whipped Pass, Jockey, Block, Long Throw, Aerial",https://www.futbin.com/25/player/59407/lucy-bronze,,,,,,SIF
265674,923,924,Selma Bacha,89,90,78,89,86,83,83,95,86,85,69,98,84,53,65,83,96,85,91,84,92,84,99,93,81,85,88,84,62,80,88,91,83,96,75,89,LB,3,4,Left,"161cm / 5'3""",58kg / 128lb,LW,24,France,D1 Arkema,OL,"Power Shot+, Whipped Pass+, Dead Ball, Intercept, Anticipate, Technical, Quick Step, Relentless",https://www.futbin.com/25/player/59408/selma-bacha,,,,,,TOTW
210008,924,925,Adrien Rabiot,89,88,84,87,86,89,92,82,92,93,80,95,85,79,75,90,80,65,91,90,78,86,75,75,91,91,90,90,86,87,92,87,95,98,90,87,CAM,4,4,Left,"191cm / 6'3""",80kg / 176lb,"CDM, CM",30,France,Ligue 1 Uber Eats,OM,"Pinged Pass+, Relentless+, Power Shot, Power Header, First Touch, Press Proven, Aerial",https://www.futbin.com/25/player/59409/rabiot,,,,,,SIF
271421,925,926,Désiré Doué,89,95,89,90,94,67,83,96,95,88,90,94,88,79,79,95,79,74,96,93,83,99,89,87,87,93,86,66,50,67,72,66,82,86,83,79,RW,4,4,Right,"181cm / 5'11""",79kg / 174lb,"RM, LM, LW",19,France,Ligue 1 Uber Eats,Paris SG,"Rapid+, Whipped Pass+, Power Shot, Incisive Pass, Technical, Flair, First Touch",https://www.futbin.com/25/player/59410/desire-doue,,,,,,TIF
20801,926,927,C. Ronaldo dos Santos Aveiro,89,85,91,82,86,37,82,81,88,93,90,95,88,86,93,83,83,81,84,75,84,83,82,66,94,92,99,32,95,26,35,26,99,85,84,67,ST,4,5,Right,"187cm / 6'2""",85kg / 187lb,,40,Portugal,ROSHN Saudi League,Al Nassr,"Power Shot+, Aerial+, Power Header, Flair, Trickster, Trivela, Acrobatic",https://www.futbin.com/25/player/59411/c-ronaldo-dos-santos-aveiro,,,,,,TIF
242458,927,928,Artem Dovbyk,89,90,90,80,89,40,90,89,90,92,93,94,82,76,88,83,56,67,93,81,81,91,83,81,90,89,94,32,97,37,32,28,98,90,92,81,ST,5,4,Left,"189cm / 6'2""",78kg / 172lb,,27,Ukraine,Serie A TIM,AS Roma,"Low Driven Shot+, Aerial+, Finesse Shot, Power Header, Tiki Taka, Press Proven, Quick Step, Trivela",https://www.futbin.com/25/player/59425/artem-dovbyk,,,,,,SBC
250890,928,929,Gianluca Zambrotta,89,92,88,89,91,87,85,91,92,90,86,92,90,85,84,89,95,67,90,88,90,91,90,87,93,93,92,87,80,86,91,89,80,89,83,87,RM,4,5,Right,"181cm / 5'11""",76kg / 168lb,"RB, LB, LM",,Italy,Icons,EA FC ICONS,"Incisive Pass+, Quick Step+, Finesse Shot, Whipped Pass, Block, Slide Tackle, Technical, Press Proven, Relentless",https://www.futbin.com/25/player/59444/gianluca-zambrotta,,,,,,FUT Immortals Icon
54050,929,930,Wayne Rooney,89,89,91,91,89,60,88,90,88,91,90,93,90,91,86,88,87,92,93,92,91,87,85,85,93,92,88,49,94,58,62,49,86,90,86,89,CAM,5,4,Right,"176cm / 5'9""",82kg / 181lb,ST,,England,Icons,EA FC ICONS,"Finesse Shot+, Technical+, Chip Shot, Power Shot, Pinged Pass, Long Ball Pass, Tiki Taka, Relentless, Trivela, Acrobatic",https://www.futbin.com/25/player/59445/wayne-rooney,,,,,,FUT Immortals Icon
247819,930,931,Nico Schlotterbeck,89,85,63,77,79,90,89,86,85,62,55,80,72,61,41,80,59,45,87,90,58,79,78,79,89,77,87,88,90,90,92,91,96,83,91,91,CB,4,3,Left,"191cm / 6'3""",86kg / 190lb,,25,Germany,Bundesliga,Borussia Dortmund,"Block+, Slide Tackle+, Power Header, Long Ball Pass, Jockey, Anticipate, Aerial",https://www.futbin.com/25/player/59463/nico-schlotterbeck,,,,,,Bundes POTM SBC
5467,931,932,Jamie Carragher,88,80,54,70,70,89,86,79,81,54,43,76,54,46,71,67,70,44,76,74,61,66,66,64,89,74,86,89,86,90,89,91,88,80,87,91,CB,3,3,Right,"185cm / 6'1""",83kg / 183lb,"RB, LB",47,England,Premier League,HERO,"Block+, Jockey, Anticipate, Slide Tackle, Bruiser, Relentless",https://www.futbin.com/25/player/1/jamie-carragher,,,,,,Prime Hero
262285,932,933,José María Gutiérrez Hernández,88,82,86,90,87,65,76,84,81,92,86,87,87,83,80,93,83,81,94,93,84,88,83,80,86,89,87,70,76,55,68,61,71,82,77,66,CM,4,5,Left,"185cm / 6'1""",76kg / 168lb,CAM,48,Spain,LALIGA EA SPORTS,HERO,"Incisive Pass+, Finesse Shot, Pinged Pass, Technical, Flair, Press Proven",https://www.futbin.com/25/player/5/jose-maria-gutierrez-hernandez,,,,,,Prime Hero
170890,933,934,Blaise Matuidi,88,85,74,82,82,86,87,87,84,78,70,85,77,73,60,84,74,61,88,81,78,80,80,83,89,85,86,93,70,85,89,83,82,96,84,86,CDM,4,4,Left,"180cm / 5'11""",75kg / 165lb,CM,38,France,Ligue 1 Uber Eats,HERO,"Pinged Pass+, Intercept, Anticipate, Press Proven, Quick Step, Relentless",https://www.futbin.com/25/player/15/blaise-matuidi,,,,,,Prime Hero
168880,934,935,Mohammed Noor,88,85,88,85,86,66,83,81,88,90,86,89,91,82,88,85,82,82,88,87,79,85,80,82,87,88,92,63,78,60,71,58,81,80,87,75,CAM,4,4,Right,"186cm / 6'1""",76kg / 168lb,CM,47,Saudi Arabia,ROSHN Saudi League,HERO,"Press Proven+, Incisive Pass, Whipped Pass, Technical, Flair, Trickster",https://www.futbin.com/25/player/17/mohammed-noor,,,,,,Prime Hero
227271,935,936,Fara Williams,88,85,90,90,87,78,80,87,84,85,88,94,96,81,90,93,86,96,90,93,85,87,82,84,87,89,85,81,70,77,80,77,80,90,80,69,CM,5,3,Right,"164cm / 5'5""",61kg / 134lb,CDM,41,England,Barclays WSL,HERO,"Flair+, Power Shot, Dead Ball, Pinged Pass, Long Ball Pass",https://www.futbin.com/25/player/23/fara-williams,,,,,,Prime Hero
71557,936,937,Gareth Bale,88,95,89,84,89,65,79,94,95,86,88,92,91,87,82,82,84,87,85,82,86,90,85,79,90,89,87,62,85,64,64,58,84,87,79,67,RW,3,4,Left,"186cm / 6'1""",81kg / 179lb,"RM, ST, LW",,Wales,Icons,EA FC ICONS,"Rapid+, Finesse Shot, Power Shot, Flair, Quick Step, Acrobatic, Aerial",https://www.futbin.com/25/player/30/gareth-bale,,,,,,Icon
71587,937,938,Marinette Pichon,88,85,89,80,88,44,75,82,87,91,92,84,86,92,82,82,73,79,85,75,82,88,87,85,87,90,86,41,80,37,43,33,82,88,74,58,ST,4,4,Left,"163cm / 5'4""",55kg / 121lb,,,France,Icons,EA FC ICONS,"Acrobatic+, Finesse Shot, Technical, Flair, First Touch, Trivela",https://www.futbin.com/25/player/35/marinette-pichon,,,,,,Icon
1615,938,939,Lilian Thuram,88,88,58,76,75,90,90,89,88,68,57,63,59,55,42,74,74,42,83,78,63,71,77,83,83,77,84,88,87,92,88,94,86,89,90,90,RB,3,3,Right,"182cm / 6'0""",75kg / 165lb,CB,,France,Icons,EA FC ICONS,"Slide Tackle+, Jockey, Block, Anticipate, Bruiser, Aerial",https://www.futbin.com/25/player/36/lilian-thuram,,,,,,Icon
188545,939,940,Robert Lewandowski,88,75,88,79,86,44,84,76,75,90,90,89,82,86,90,81,76,84,84,70,79,85,77,83,89,90,87,49,88,35,42,19,92,76,89,81,ST,4,4,Right,"185cm / 6'1""",81kg / 179lb,,36,Poland,LALIGA EA SPORTS,FC Barcelona,"Chip Shot+, Finesse Shot, Power Shot, Power Header, Incisive Pass, First Touch, Trivela",https://www.futbin.com/25/player/49/robert-lewandowski,,,,,,Normal
237692,940,941,Phil Foden,88,86,86,85,90,57,63,89,83,85,88,89,89,59,64,86,80,74,88,84,88,90,92,92,85,91,86,59,47,60,59,47,66,83,53,64,RW,3,4,Left,"171cm / 5'7""",69kg / 152lb,"RM, CAM, LW",24,England,Premier League,Manchester City,"Technical+, Flair, First Touch",https://www.futbin.com/25/player/32833/phil-foden,,,,,,Normal
158023,941,942,Lionel Messi,88,79,85,87,92,33,64,86,73,89,85,83,87,86,75,90,80,92,87,86,93,93,90,95,85,93,94,40,60,20,35,24,71,70,68,44,RW,4,4,Left,"169cm / 5'7""",67kg / 148lb,"RM, CAM, ST",37,Argentina,MLS,Inter Miami CF,"Technical+, Finesse Shot, Dead Ball, Incisive Pass, Tiki Taka, Quick Step, Trivela",https://www.futbin.com/25/player/32834/lionel-messi,,,,,,Normal
194765,942,943,Antoine Griezmann,88,80,88,87,89,59,75,81,80,90,90,85,87,86,79,88,82,85,89,86,89,88,89,84,90,91,89,59,85,45,63,64,85,86,69,74,ST,3,4,Left,"176cm / 5'9""",73kg / 161lb,,34,France,LALIGA EA SPORTS,Atlético de Madrid,"Finesse Shot+, Chip Shot, Incisive Pass, Technical, Flair, Trivela, Acrobatic",https://www.futbin.com/25/player/32835/antoine-griezmann,,,,,,Normal
239818,943,944,Rúben Santos Gato Alves Dias,88,67,39,70,69,89,87,65,68,39,29,74,26,32,45,64,54,48,85,81,46,64,62,56,89,75,86,87,87,90,90,87,88,78,90,88,CB,4,2,Right,"187cm / 6'2""",82kg / 181lb,,27,Portugal,Premier League,Manchester City,"Bruiser+, Power Header",https://www.futbin.com/25/player/32836/ruben-santos-gato-alves-dias,,,,,,Normal
239053,944,945,Federico Valverde,88,88,82,84,84,80,84,84,91,86,78,91,87,74,59,86,78,69,87,88,74,83,77,68,89,88,84,83,63,79,85,80,83,92,82,81,CM,4,3,Right,"182cm / 6'0""",78kg / 172lb,RM,26,Uruguay,LALIGA EA SPORTS,Real Madrid,"Power Shot+, Long Ball Pass, Rapid, Relentless, Trivela",https://www.futbin.com/25/player/32837/federico-valverde,,,,,,Normal
210257,945,946,Ederson Santana de Moraes,88,63,29,54,87,21,86,64,63,20,14,68,18,18,65,70,20,20,65,68,39,30,60,48,88,45,70,27,14,29,15,8,79,44,78,38,GK,3,1,Left,"188cm / 6'2""",86kg / 190lb,,31,Brazil,Premier League,Manchester City,"Long Ball Pass+, Pinged Pass, Cross Claimer",https://www.futbin.com/25/player/32838/ederson-santana-de-moraes,,,,,,Normal
218667,946,947,Bernardo Mota Carvalho e Silva,88,75,78,86,92,71,69,83,69,85,78,79,79,78,64,87,84,67,91,82,84,93,95,92,89,92,89,73,54,70,76,68,68,93,54,78,CM,3,4,Left,"173cm / 5'8""",64kg / 141lb,RW,30,Portugal,Premier League,Manchester City,"Technical+, Tiki Taka, Whipped Pass, Flair, Relentless, Trivela",https://www.futbin.com/25/player/32839/bernardo-mota-carvalho-e-silva,,,,,,Normal
200389,947,948,Jan Oblak,88,48,21,38,87,20,86,42,53,11,11,59,12,13,11,67,13,14,43,40,13,12,64,48,85,30,68,24,15,27,14,18,72,42,78,36,GK,3,1,Right,"188cm / 6'2""",87kg / 192lb,,32,Slovenia,LALIGA EA SPORTS,Atlético de Madrid,"Far Reach+, Far Throw, Cross Claimer",https://www.futbin.com/25/player/32840/jan-oblak,,,,,,Normal
205452,948,949,Antonio Rüdiger,88,82,55,73,70,86,86,71,91,54,40,84,67,34,40,61,68,56,84,81,50,69,56,50,86,74,80,85,83,86,88,87,89,70,91,92,CB,3,2,Right,"190cm / 6'3""",86kg / 190lb,,32,Germany,LALIGA EA SPORTS,Real Madrid,"Bruiser+, Jockey, Block, Acrobatic, Aerial",https://www.futbin.com/25/player/32841/antonio-rudiger,,,,,,Normal
246272,949,950,Marie Katoto,88,85,87,77,84,39,74,88,82,91,90,84,83,91,82,79,71,72,85,70,71,84,84,68,82,87,85,27,91,37,35,30,95,71,85,44,ST,4,4,Right,"177cm / 5'10""",66kg / 146lb,,26,France,D1 Arkema,Paris SG,"Power Header+, Press Proven, Trivela, Aerial",https://www.futbin.com/25/player/32865/marie-katoto,,,,,,Normal
226893,950,951,Débora C. de Oliveira,88,84,81,87,91,46,68,83,84,87,82,80,78,86,78,90,85,80,87,85,89,93,90,94,77,91,84,49,56,49,39,44,72,81,61,70,CAM,5,5,Right,"155cm / 5'1""",52kg / 115lb,RM,33,Brazil,NWSL,KC Current,"Trickster+, Technical, Flair, First Touch, Quick Step, Trivela, Acrobatic",https://www.futbin.com/25/player/32866/debora-c-de-oliveira,,,,,,Normal
227361,951,952,Kadidiatou Diani,88,90,85,81,88,56,79,89,91,91,90,79,84,74,71,84,79,70,87,74,74,87,89,84,86,90,84,55,81,46,59,49,88,80,89,52,RW,4,4,Right,"168cm / 5'6""",64kg / 141lb,"RM, ST",30,France,D1 Arkema,OL,"Technical, Flair, Quick Step, Trivela",https://www.futbin.com/25/player/32867/kadidiatou-diani,,,,,,Normal
237289,952,953,Patricia Guijarro Gutiérrez,88,78,82,83,87,85,77,78,78,80,80,89,91,58,70,83,69,66,90,93,75,86,82,87,85,90,84,83,84,86,87,85,87,78,77,71,CDM,4,4,Right,"171cm / 5'7""",74kg / 163lb,CM,26,Spain,Liga F,FC Barcelona,"Long Ball Pass+, Finesse Shot, Incisive Pass, Tiki Taka, Flair, First Touch, Press Proven",https://www.futbin.com/25/player/32868/patricia-guijarro-gutierrez,,,,,,Normal
245802,953,954,Beth Mead,88,82,84,84,88,67,73,83,81,87,85,87,87,73,68,87,88,88,85,74,81,90,74,84,89,90,82,73,68,61,69,68,84,81,84,31,RW,4,5,Right,"163cm / 5'4""",58kg / 128lb,"RM, LW",29,England,Barclays WSL,Arsenal,"Whipped Pass, Technical, First Touch",https://www.futbin.com/25/player/32869/beth-mead,,,,,,Normal
227316,954,955,Wendie Renard,88,48,66,71,69,91,84,40,55,70,63,80,60,55,67,59,60,58,80,84,66,69,52,33,87,75,84,89,94,92,92,81,77,71,91,84,CB,3,2,Right,"187cm / 6'2""",70kg / 154lb,,34,France,D1 Arkema,OL,"Anticipate+, Power Header, Long Ball Pass, Jockey, Aerial",https://www.futbin.com/25/player/32870/wendie-renard,,,,,,Normal
227323,955,956,Guro Reiten,88,88,80,85,86,60,66,87,88,86,82,81,82,61,69,87,93,80,84,81,74,84,92,89,88,85,88,65,50,60,60,57,69,91,57,58,LM,3,4,Left,"167cm / 5'6""",60kg / 132lb,"CAM, LW",30,Norway,Barclays WSL,Chelsea,"Finesse Shot, Dead Ball, Incisive Pass, Whipped Pass, Rapid, Quick Step, Relentless",https://www.futbin.com/25/player/32871/guro-reiten,,,,,,Normal
227190,956,957,Irene Paredes Hernández,88,71,51,67,68,89,84,69,72,39,51,60,41,60,51,51,59,40,85,68,69,57,66,65,91,80,80,89,85,92,87,88,82,72,88,87,CB,3,2,Right,"178cm / 5'10""",67kg / 148lb,,33,Spain,Liga F,FC Barcelona,"Slide Tackle+, Power Header, Jockey, Bruiser, Aerial",https://www.futbin.com/25/player/32872/irene-paredes-hernandez,,,,,,Normal
245956,957,958,Christiane Endler,88,40,24,34,90,13,89,46,35,10,15,63,17,8,13,69,15,11,31,35,17,15,39,42,83,22,45,15,13,15,11,12,60,35,46,21,GK,3,1,Left,"183cm / 6'0""",73kg / 161lb,,33,Chile,D1 Arkema,OL,"Rush Out+, Cross Claimer",https://www.futbin.com/25/player/32873/christiane-endler,,,,,,Normal
256630,958,959,Florian Wirtz,88,81,78,87,89,50,67,81,81,83,79,78,79,80,64,91,84,69,91,87,82,90,87,87,88,90,85,44,42,58,49,44,64,87,59,63,CAM,4,4,Right,"177cm / 5'10""",71kg / 157lb,LM,21,Germany,Bundesliga,Leverkusen,"Incisive Pass+, Finesse Shot, Chip Shot, Technical, Flair, First Touch, Trivela",https://www.futbin.com/25/player/33552/florian-wirtz,,,,,,Normal
235073,959,960,Gregor Kobel,88,46,19,34,89,15,87,38,52,10,10,55,10,10,12,59,13,12,39,33,13,24,37,29,86,34,66,14,13,15,15,15,71,30,81,24,GK,3,1,Right,"195cm / 6'5""",88kg / 194lb,,27,Switzerland,Bundesliga,Borussia Dortmund,"Rush Out+, Far Throw, Deflector",https://www.futbin.com/25/player/33557/gregor-kobel,,,,,,Normal
246,960,961,Paul Scholes,88,74,86,89,78,62,80,75,73,90,82,90,92,83,71,92,87,71,91,92,75,73,70,87,87,85,87,80,81,54,58,40,84,92,71,87,CM,4,3,Right,"171cm / 5'7""",71kg / 157lb,CAM,,England,Icons,EA FC ICONS,"Incisive Pass+, Chip Shot, Power Shot, Long Ball Pass, Tiki Taka, Slide Tackle, Technical",https://www.futbin.com/25/player/54344/paul-scholes,,,,,,Icon
250,961,962,David Beckham,88,80,85,92,85,66,80,77,82,88,80,86,94,81,88,92,95,94,90,93,95,84,76,81,90,88,91,68,71,65,67,61,81,90,75,78,RM,3,3,Right,"182cm / 6'0""",74kg / 163lb,"CM, RW",,England,Icons,EA FC ICONS,"Dead Ball+, Finesse Shot, Chip Shot, Incisive Pass, Long Ball Pass, Whipped Pass, Relentless",https://www.futbin.com/25/player/54345/david-beckham,,,,,,Icon
570,962,963,Jay-Jay Okocha,88,87,83,83,93,40,60,90,84,87,78,88,88,81,84,86,80,93,82,78,92,95,92,91,83,92,89,46,61,33,39,33,54,72,62,41,CAM,4,5,Right,173cm / 5'8',70kg / 154lb,"RM, ST",51,Nigeria,Premier League,HERO,"Trickster+, Technical, Flair, Trivela",https://www.futbin.com/25/player/54348/jay-jay-okocha,,,,,,Base Hero
1116,963,964,Marcel Desailly,88,82,51,65,66,88,88,80,83,50,40,71,57,50,53,71,51,40,74,70,48,59,57,56,85,74,90,89,87,90,87,85,82,81,90,91,CB,3,2,Right,"185cm / 6'1""",81kg / 179lb,CDM,,France,Icons,EA FC ICONS,"Block+, Power Header, Anticipate, Slide Tackle, Bruiser, Aerial",https://www.futbin.com/25/player/54353/marcel-desailly,,,,,,Icon
3622,964,965,Ricardo Alberto Silveira Carvalho,88,77,56,71,73,91,82,75,78,48,53,64,59,52,52,63,64,48,82,77,54,65,77,82,86,79,83,88,89,93,91,89,88,84,78,86,CB,3,2,Right,183cm / 6'0',79kg / 174lb,,46,Portugal,Liga Portugal,HERO,"Anticipate+, Jockey, Slide Tackle, Acrobatic, Aerial",https://www.futbin.com/25/player/54363/ricardo-alberto-silveira-carvalho,,,,,,Base Hero
5419,965,966,Michael Owen,88,89,88,69,87,35,66,90,89,93,93,85,79,88,86,71,66,66,78,52,71,89,85,84,89,85,82,31,82,28,30,30,83,79,61,56,ST,4,3,Right,"173cm / 5'8""",70kg / 154lb,,,England,Icons,EA FC ICONS,"Chip Shot+, Finesse Shot, Rapid, Quick Step",https://www.futbin.com/25/player/54367/michael-owen,,,,,,Icon
5454,966,967,Bixente Lizarazu,88,87,59,80,82,83,82,89,85,77,47,77,62,65,68,72,86,51,84,85,74,78,77,91,86,86,83,85,69,85,83,87,72,89,77,86,LB,3,3,Left,169cm / 5'6',70kg / 154lb,,55,France,Bundesliga,HERO,"Slide Tackle+, Long Ball Pass, Whipped Pass, Block, Anticipate, Quick Step, Acrobatic",https://www.futbin.com/25/player/54368/bixente-lizarazu,,,,,,Base Hero
5673,967,968,Jari Litmanen,88,82,87,83,83,35,65,80,84,93,88,82,88,89,87,87,76,80,87,79,86,80,77,72,92,90,91,44,70,31,25,28,62,85,73,22,CAM,4,3,Right,182cm / 5'11',78kg / 172lb,CM,54,Finland,Eredivisie,HERO,"First Touch+, Finesse Shot, Chip Shot, Trivela",https://www.futbin.com/25/player/54374/jari-litmanen,,,,,,Base Hero
6235,968,969,Pavel Nedvěd,88,84,84,86,87,58,77,84,84,85,80,88,91,80,82,87,86,85,86,85,84,89,80,77,85,90,82,62,74,61,51,48,66,88,71,81,LM,5,4,Right,"177cm / 5'10""",72kg / 159lb,"CAM, LW",,Czechia,Icons,EA FC ICONS,"Power Shot+, Dead Ball, Rapid, First Touch, Relentless",https://www.futbin.com/25/player/54377/pavel-nedved,,,,,,Icon
7289,969,970,Rio Ferdinand,88,82,48,65,64,90,85,83,81,46,43,63,40,55,59,54,52,31,81,75,52,54,59,56,84,73,88,89,85,91,91,88,81,82,86,85,CB,3,3,Right,"189cm / 6'2""",87kg / 192lb,,,England,Icons,EA FC ICONS,"Anticipate+, Power Header, Jockey, Slide Tackle, Bruiser, Acrobatic, Aerial",https://www.futbin.com/25/player/54379/rio-ferdinand,,,,,,Icon
13128,970,971,Andriy Shevchenko,88,86,90,71,85,35,73,84,87,92,91,90,87,86,85,75,62,88,73,64,88,87,79,77,86,84,83,37,84,23,32,29,84,75,77,60,ST,4,3,Right,"183cm / 6'0""",72kg / 159lb,RW,,Ukraine,Icons,EA FC ICONS,"Power Shot+, Finesse Shot, Rapid, Aerial",https://www.futbin.com/25/player/54388/andriy-shevchenko,,,,,,Icon
13743,971,972,Steven Gerrard,88,78,88,88,83,75,82,77,79,86,86,90,93,83,83,87,85,80,91,93,82,83,70,70,84,90,83,74,72,74,77,72,72,87,80,83,CM,3,3,Right,"183cm / 6'0""",83kg / 183lb,CDM,,England,Icons,EA FC ICONS,"Power Shot+, Incisive Pass, Pinged Pass, Long Ball Pass, Whipped Pass, Trivela",https://www.futbin.com/25/player/54389/steven-gerrard,,,,,,Icon
23174,972,973,Juan Román Riquelme,88,71,84,90,90,33,66,68,73,82,81,87,88,76,84,92,88,90,91,90,88,92,79,85,83,93,92,31,56,27,34,32,61,71,71,50,CAM,4,5,Right,"183cm / 6'0""",79kg / 174lb,,,Argentina,Icons,EA FC ICONS,"Flair+, Power Shot, Dead Ball, Incisive Pass, First Touch, Trickster, Trivela",https://www.futbin.com/25/player/54394/juan-roman-riquelme,,,,,,Icon
26709,973,974,Rafael Márquez,88,74,65,75,74,90,88,75,73,49,52,85,79,48,70,64,66,82,81,84,73,71,63,72,85,79,84,88,88,91,89,91,89,84,89,88,CB,3,3,Right,184cm / 6'0',75kg / 165lb,CDM,46,Mexico,LALIGA EA SPORTS,HERO,"Slide Tackle+, Dead Ball, Long Ball Pass, Block, Aerial",https://www.futbin.com/25/player/54396/rafael-marquez,,,,,,Base Hero
48940,974,975,Petr Čech,88,54,22,37,88,22,90,56,52,12,13,57,12,12,27,60,21,22,37,40,22,18,67,64,89,23,69,23,27,26,14,23,72,44,76,26,GK,3,1,Left,"196cm / 6'5""",90kg / 198lb,,,Czechia,Icons,EA FC ICONS,"Deflector+, Far Throw",https://www.futbin.com/25/player/54409/petr-cech,,,,,,Icon
51539,975,976,Edwin van der Sar,88,38,18,39,86,13,92,39,38,15,6,59,9,11,17,68,10,9,46,46,8,8,41,44,82,30,64,24,10,10,10,10,73,41,74,25,GK,3,1,Right,"197cm / 6'6""",83kg / 183lb,,,Netherlands,Icons,EA FC ICONS,"Rush Out+, Deflector",https://www.futbin.com/25/player/54414/edwin-van-der-sar,,,,,,Icon
54050,976,977,Wayne Rooney,88,88,90,81,86,53,87,89,87,90,89,92,89,90,85,79,77,82,84,83,84,84,82,82,90,89,85,43,87,51,55,43,85,89,85,88,ST,4,3,Right,"176cm / 5'9""",82kg / 181lb,CAM,,England,Icons,EA FC ICONS,"Power Shot+, Finesse Shot, Chip Shot, Long Ball Pass, Relentless, Trivela, Acrobatic",https://www.futbin.com/25/player/54415/wayne-rooney,,,,,,Icon
120274,977,978,Antonio Di Natale,88,90,91,85,90,46,70,92,88,93,92,87,91,91,91,85,86,86,86,79,89,89,87,91,90,91,88,42,74,51,37,34,72,81,70,56,ST,4,4,Right,170cm / 5'6',69kg / 152lb,LW,47,Italy,Serie A TIM,HERO,"Finesse Shot+, Chip Shot, Pinged Pass, Flair, Trivela",https://www.futbin.com/25/player/54416/antonio-di-natale,,,,,,Base Hero
121944,978,979,Bastian Schweinsteiger,88,76,83,86,83,83,83,73,78,83,78,91,88,85,75,87,81,82,89,87,84,81,75,79,90,87,86,86,78,82,83,81,82,89,80,84,CM,3,3,Right,"183cm / 6'0""",79kg / 174lb,LM,,Germany,Icons,EA FC ICONS,"Long Ball Pass+, Power Shot, Intercept, Press Proven, Relentless",https://www.futbin.com/25/player/54418/bastian-schweinsteiger,,,,,,Icon
142754,979,980,Javier Mascherano,88,76,55,76,75,89,86,76,76,56,44,77,56,53,61,70,69,52,86,83,65,66,71,80,89,84,85,91,76,90,91,92,88,88,82,91,CB,3,3,Right,174cm / 5'8',73kg / 161lb,CDM,40,Argentina,LALIGA EA SPORTS,HERO,"Slide Tackle+, Pinged Pass, Long Ball Pass, Intercept",https://www.futbin.com/25/player/54422/javier-mascherano,,,,,,Base Hero
150418,980,981,Mario Gomez,88,83,90,73,82,43,83,79,86,93,93,92,81,92,78,75,74,45,77,66,72,81,73,71,91,84,89,39,91,40,35,33,85,80,88,74,ST,4,3,Right,189cm / 6'2',84kg / 185lb,,39,Germany,Bundesliga,HERO,"Power Header+, Finesse Shot, First Touch, Aerial",https://www.futbin.com/25/player/54423/mario-gomez,,,,,,Base Hero
156616,981,982,Franck Ribéry,88,89,85,85,90,37,65,90,88,84,85,82,88,87,81,88,79,84,88,81,81,91,89,88,86,91,86,36,46,38,35,31,50,78,62,61,LM,5,5,Right,"170cm / 5'7""",72kg / 159lb,LW,,France,Icons,EA FC ICONS,"Technical+, Dead Ball, Incisive Pass, Flair, Quick Step, Trivela",https://www.futbin.com/25/player/54426/franck-ribery,,,,,,Icon
161840,982,983,Fernando Hierro Ruiz,88,74,67,74,68,92,84,74,74,64,54,82,77,75,73,70,62,73,79,86,64,61,63,83,82,72,86,92,93,93,94,77,90,81,87,81,CB,3,2,Right,"187cm / 6'2""",84kg / 185lb,,,Spain,Icons,EA FC ICONS,"Bruiser+, Dead Ball, Power Header, Long Ball Pass, Block, Slide Tackle, Aerial",https://www.futbin.com/25/player/54427/fernando-hierro-ruiz,,,,,,Icon
166124,983,984,Gheorghe Hagi,88,82,86,88,88,41,64,83,82,86,82,91,90,85,89,88,86,92,90,86,87,89,83,83,85,90,87,43,57,32,45,39,72,76,60,59,CAM,4,4,Left,"172cm / 5'8""",68kg / 150lb,"CM, LM",,Romania,Icons,EA FC ICONS,"Power Shot+, Chip Shot, Dead Ball, Incisive Pass, Technical, Flair",https://www.futbin.com/25/player/54428/gheorghe-hagi,,,,,,Icon
167680,984,985,Ronald Koeman,88,76,86,85,78,88,84,73,78,76,80,96,92,81,95,80,79,95,86,94,92,76,65,70,89,84,85,91,83,86,90,87,83,84,85,84,CB,3,3,Right,"181cm / 5'11""",82kg / 181lb,,,Netherlands,Icons,EA FC ICONS,"Dead Ball+, Power Shot, Long Ball Pass, Slide Tackle, Bruiser",https://www.futbin.com/25/player/54437/ronald-koeman,,,,,,Icon
214101,985,986,Paulo Jorge dos Santos Futre,88,93,81,80,93,37,58,95,92,82,81,77,80,81,93,78,83,84,81,74,78,95,93,92,86,92,92,31,72,35,33,29,58,72,56,45,LW,3,4,Left,175cm / 5'8',74kg / 163lb,"LM, RW, ST",59,Portugal,LALIGA EA SPORTS,HERO,"Technical+, Incisive Pass, Flair, First Touch, Quick Step",https://www.futbin.com/25/player/54456/paulo-jorge-dos-santos-futre,,,,,,Base Hero
222000,986,987,Michael Laudrup,88,84,80,88,90,40,63,85,83,83,80,75,80,83,85,92,91,77,89,79,87,92,85,80,87,91,89,35,66,36,39,36,63,76,65,40,CAM,4,4,Right,"183cm / 6'0""",78kg / 172lb,LW,,Denmark,Icons,EA FC ICONS,"Trickster+, Finesse Shot, Incisive Pass, Flair, First Touch",https://www.futbin.com/25/player/54459/michael-laudrup,,,,,,Icon
226373,987,988,Nadine Keßler,88,81,85,88,86,78,77,83,79,87,87,83,85,78,82,91,82,80,91,89,83,87,76,74,89,91,85,86,76,74,82,67,69,81,76,76,CM,3,4,Right,169cm / 5'6',61kg / 134lb,CAM,37,Germany,GPFBL,HERO,"Incisive Pass+, Jockey, Flair, First Touch, Trivela",https://www.futbin.com/25/player/54461/nadine-keler,,,,,,Base Hero
238427,988,989,Patrick Vieira,88,82,78,80,82,88,90,83,82,77,75,83,82,66,73,87,65,58,87,87,64,82,73,66,88,87,88,92,82,84,92,85,79,93,89,91,CM,3,3,Right,"192cm / 6'4""",83kg / 183lb,,,France,Icons,EA FC ICONS,"Block+, Power Header, Intercept, Slide Tackle, Bruiser, Press Proven, Relentless",https://www.futbin.com/25/player/54477/patrick-vieira,,,,,,Icon
238443,989,990,Laurent Blanc,88,78,67,68,76,90,85,76,80,59,66,76,59,66,90,56,55,71,79,80,61,70,69,68,87,85,84,89,84,91,92,87,76,87,84,86,CB,3,2,Right,"192cm / 6'4""",82kg / 181lb,CAM,,France,Icons,EA FC ICONS,"Anticipate+, Jockey, Bruiser, Aerial",https://www.futbin.com/25/player/54482/laurent-blanc,,,,,,Icon
242510,990,991,Miroslav Klose,88,86,87,73,80,40,79,90,82,90,92,84,77,89,81,71,74,70,77,71,67,80,77,73,91,81,83,49,93,22,36,35,91,79,82,66,ST,4,3,Right,"184cm / 6'0""",74kg / 163lb,,,Germany,Icons,EA FC ICONS,"Aerial+, Finesse Shot, Power Header, Quick Step, Relentless, Acrobatic",https://www.futbin.com/25/player/54484/miroslav-klose,,,,,,Icon
251483,991,992,Vincent Kompany,88,80,60,68,70,90,86,74,85,38,46,84,78,43,65,61,64,53,76,72,62,66,65,60,89,73,86,85,87,91,92,89,78,76,91,89,CB,3,2,Right,190cm / 6'2',85kg / 187lb,,39,Belgium,Premier League,HERO,"Anticipate+, Power Shot, Block, Slide Tackle, Bruiser, Aerial",https://www.futbin.com/25/player/54496/vincent-kompany,,,,,,Base Hero
262112,992,993,Robin van Persie,88,84,91,84,87,45,73,85,84,93,92,91,89,93,91,84,84,86,86,77,87,87,82,72,90,91,89,49,78,37,43,36,67,77,77,58,ST,4,4,Left,"187cm / 6'2""",71kg / 157lb,,,Netherlands,Icons,EA FC ICONS,"First Touch+, Finesse Shot, Chip Shot, Power Shot, Technical, Flair, Trivela",https://www.futbin.com/25/player/54501/robin-van-persie,,,,,,Icon
262271,993,994,Diego Milito,88,83,89,75,84,43,80,82,83,92,93,89,80,84,87,74,66,75,81,70,82,84,76,77,85,88,86,48,88,38,34,32,84,81,85,66,ST,4,3,Right,183cm / 6'0',78kg / 172lb,,45,Argentina,Serie A TIM,HERO,"Chip Shot+, Finesse Shot, Power Header, First Touch",https://www.futbin.com/25/player/54502/diego-milito,,,,,,Base Hero
266691,994,995,Diego Forlán,88,86,90,79,85,55,76,87,85,89,90,91,92,90,88,86,66,85,84,74,73,83,81,80,86,88,87,53,82,58,49,44,77,84,76,65,ST,4,4,Right,180cm / 5'10',75kg / 165lb,LW,45,Uruguay,LALIGA EA SPORTS,HERO,"Power Shot+, Finesse Shot, First Touch, Press Proven",https://www.futbin.com/25/player/54506/diego-forlan,,,,,,Base Hero
274750,995,996,Wesley Sneijder,88,81,84,90,86,53,75,84,78,83,82,86,89,85,77,93,86,91,89,93,87,85,84,84,89,89,88,63,60,45,54,51,44,81,74,78,CAM,5,4,Right,171cm / 5'7',67kg / 148lb,"CM, LM",40,Netherlands,Serie A TIM,HERO,"Incisive Pass+, Power Shot, Dead Ball, Pinged Pass, Long Ball Pass, Whipped Pass, First Touch",https://www.futbin.com/25/player/54513/wesley-sneijder,,,,,,Base Hero
274966,996,997,Carlos Tévez,88,85,89,80,86,46,89,87,84,88,88,92,91,84,86,84,75,85,85,68,87,87,82,83,90,86,86,38,78,51,39,32,74,93,87,91,ST,3,4,Right,171cm / 5'7',77kg / 170lb,CAM,41,Argentina,Premier League,HERO,"Relentless+, Power Shot, Technical, Quick Step",https://www.futbin.com/25/player/54514/carlos-tevez,,,,,,Base Hero
275049,997,998,Enzo Francescoli,88,86,88,83,90,44,72,87,85,86,90,86,87,82,88,86,78,88,85,78,89,91,91,74,87,91,89,36,84,41,40,38,81,82,72,57,CAM,4,4,Right,181cm / 5'11',72kg / 159lb,ST,63,Uruguay,LPF,HERO,"First Touch+, Finesse Shot, Dead Ball, Incisive Pass, Technical, Flair, Acrobatic",https://www.futbin.com/25/player/54516/enzo-francescoli,,,,,,Base Hero
213956,998,999,Adama Traoré Diarra,88,95,80,77,88,52,88,95,95,79,80,91,78,75,56,74,85,48,81,68,85,88,90,90,83,88,77,53,56,46,56,48,83,87,90,83,RM,4,4,Right,"178cm / 5'10""",86kg / 190lb,ST,29,Spain,Premier League,Fulham,"Rapid+, Whipped Pass, First Touch, Quick Step, Relentless",https://www.futbin.com/25/player/54590/adama-traore-diarra,,,,,,Objectives
232656,999,1000,Theo Hernández,88,96,78,80,85,82,90,96,96,82,73,88,78,82,77,77,86,77,83,72,82,85,84,82,86,86,81,81,78,79,87,81,96,93,89,87,LB,3,4,Left,"184cm / 6'0""",81kg / 179lb,LM,27,France,Serie A TIM,Milano FC,"Bruiser+, Anticipate, Rapid, Quick Step, Relentless, Long Throw",https://www.futbin.com/25/player/54673/theo-hernandez,,,,,,IF
135455,1000,1001,Maicon Douglas Sisenando,88,86,82,81,84,83,85,83,89,86,77,92,87,86,68,77,88,73,81,78,82,84,74,77,85,87,82,84,74,82,83,89,79,85,86,83,RB,4,3,Right,"184cm / 6'0""",77kg / 170lb,RM,43,Brazil,Serie A TIM,HERO,"Whipped Pass+, Power Shot, Bruiser, Trivela",https://www.futbin.com/25/player/55369/maicon-douglas-sisenando,,,,,,Base Hero
183277,1001,1002,Eden Hazard,88,91,83,84,91,37,68,93,89,86,85,82,81,78,88,86,79,80,86,83,84,93,92,91,87,90,89,46,60,32,31,24,64,83,68,50,LM,4,4,Right,"175cm / 5'9""",74kg / 163lb,LW,34,Belgium,Premier League,HERO,"Technical+, Finesse Shot, Tiki Taka, First Touch, Trickster, Quick Step",https://www.futbin.com/25/player/55373/eden-hazard,,,,,,Base Hero
200104,1002,1003,Heung Min Son,88,88,90,83,86,44,74,87,89,92,91,90,90,84,76,84,86,76,85,74,89,88,82,75,91,86,89,41,75,47,36,35,83,89,70,63,LW,5,4,Right,183cm / 6'0',78kg / 172lb,"LM, ST",32,Korea Republic,Premier League,Spurs,"Finesse Shot+, Rapid, Quick Step",https://www.futbin.com/25/player/55393/heung-min-son,,,,,,IF
224458,1003,1004,Diogo José Teixeira da Silva,88,87,86,82,88,63,83,90,85,92,89,90,80,83,73,85,80,64,84,79,84,87,89,90,92,88,86,62,93,58,62,49,95,84,79,89,ST,5,4,Right,"178cm / 5'10""",70kg / 154lb,"RW, LW",28,Portugal,Premier League,Liverpool,"Rapid+, Chip Shot, Power Shot, Long Ball Pass, Relentless",https://www.futbin.com/25/player/55415/diogo-jose-teixeira-da-silva,,,,,,Champions League SBC
239380,1004,1005,Noa Lang,88,87,83,82,89,58,78,90,85,82,83,82,82,88,79,83,82,67,84,77,87,90,93,89,83,89,87,66,57,55,59,50,78,89,73,79,LW,4,5,Right,"179cm / 5'10""",69kg / 152lb,"LM, CAM",25,Netherlands,Eredivisie,PSV,"Incisive Pass, Technical, Flair, First Touch, Quick Step, Trivela",https://www.futbin.com/25/player/55421/noa-lang,,,,,,Champions League
242380,1005,1006,Stephen Antunes Eustáquio,88,83,80,88,85,86,86,84,82,81,78,87,82,69,78,90,85,77,91,88,87,83,84,85,87,89,88,90,66,88,88,86,88,90,82,88,CDM,3,3,Right,"178cm / 5'10""",67kg / 148lb,CM,28,Canada,Liga Portugal,FC Porto,"Finesse Shot, Tiki Taka, Jockey, Bruiser, Press Proven",https://www.futbin.com/25/player/55429/stephen-antunes-eustaquio,,,,,,Europa League
236532,1006,1007,Robin Koch,88,80,51,72,77,88,85,79,80,69,37,74,56,39,51,75,48,34,88,85,38,72,72,62,91,83,92,86,87,87,90,86,89,77,88,88,CB,4,2,Right,"191cm / 6'3""",85kg / 187lb,,28,Germany,Bundesliga,Frankfurt,"Jockey, Block, Intercept, Slide Tackle, Bruiser",https://www.futbin.com/25/player/55430/robin-koch,,,,,,Europa League
247461,1007,1008,Nathalie Björn,88,84,67,83,82,88,83,83,84,87,59,70,78,59,72,65,80,66,94,92,76,77,82,92,90,85,88,89,87,90,85,87,93,82,82,83,CB,3,2,Right,"174cm / 5'9""",67kg / 148lb,"RB, CM",27,Sweden,Barclays WSL,Chelsea,"Anticipate+, Power Header, Jockey, Intercept, Aerial",https://www.futbin.com/25/player/55434/nathalie-bjorn,,,,,,Champions League
241846,1008,1009,Ewa Pajor,88,89,89,65,90,22,72,90,88,91,92,86,86,90,90,73,48,68,76,51,66,90,91,84,80,91,90,21,77,19,13,10,92,84,83,25,ST,3,3,Right,"167cm / 5'6""",61kg / 134lb,LW,28,Poland,Liga F,FC Barcelona,Rapid+,https://www.futbin.com/25/player/55442/ewa-pajor,,,,,,IF
256516,1009,1010,Nicholas Williams Arthuer,88,96,78,82,90,39,68,97,96,82,81,81,75,68,65,84,87,76,86,68,82,91,95,88,84,88,82,43,69,39,31,28,81,84,63,58,LM,5,4,Right,"181cm / 5'11""",67kg / 148lb,"RM, LW",22,Spain,LALIGA EA SPORTS,Athletic Club,"Rapid+, Trivela+, Finesse Shot, Flair, Quick Step, Relentless",https://www.futbin.com/25/player/55467/nicholas-williams-arthuer,,,,,,Europa League SBC
213666,1010,1011,Ruben Loftus-Cheek,88,85,83,85,87,84,88,82,87,90,85,89,82,66,61,86,82,63,90,87,76,88,82,80,85,88,87,84,90,82,85,77,98,84,92,80,CM,4,4,Right,"191cm / 6'3""",88kg / 194lb,CAM,29,England,Serie A TIM,Milano FC,"Power Header, Pinged Pass, Bruiser, Technical, Press Proven",https://www.futbin.com/25/player/55472/ruben-loftus-cheek,,,,,,Champions League
247463,1011,1012,Folarin Balogun,88,92,88,74,87,37,82,90,93,89,90,90,85,85,82,74,69,62,82,68,71,88,86,86,86,87,87,35,88,31,29,27,95,80,86,69,ST,4,3,Right,"178cm / 5'10""",66kg / 146lb,,23,United States,Ligue 1 Uber Eats,AS Monaco,"Chip Shot, Power Shot, Rapid, Flair",https://www.futbin.com/25/player/55473/folarin-balogun,,,,,,Champions League
230020,1012,1013,Pierre Lees-Melou,88,82,80,88,86,83,84,85,80,84,78,85,87,64,71,88,87,77,89,88,87,86,82,79,87,89,87,91,66,86,84,74,80,94,81,80,CDM,4,3,Right,"186cm / 6'1""",70kg / 154lb,CM,31,France,Ligue 1 Uber Eats,Stade Brestois 29,"Pinged Pass, Long Ball Pass, Intercept, First Touch, Relentless",https://www.futbin.com/25/player/55474/pierre-lees-melou,,,,,,Champions League
259307,1013,1014,Malo Gusto,88,93,60,84,87,83,84,92,93,91,49,75,59,65,59,85,91,54,86,79,86,89,86,86,85,86,85,86,63,83,87,85,85,97,76,85,RB,3,3,Right,"178cm / 5'10""",67kg / 148lb,,21,France,Premier League,Chelsea,"Rapid+, Whipped Pass, Jockey, Slide Tackle, Relentless",https://www.futbin.com/25/player/55482/malo-gusto,,,,,,Conference League
265240,1014,1015,Lia Wälti,88,85,67,83,88,86,82,85,85,73,61,74,71,73,68,85,70,49,92,87,79,90,83,82,84,89,82,87,74,86,90,87,86,91,79,78,CDM,4,4,Right,"167cm / 5'6""",56kg / 123lb,CM,32,Switzerland,Barclays WSL,Arsenal,"Intercept+, Anticipate, Slide Tackle, Technical, Press Proven",https://www.futbin.com/25/player/55484/lia-walti,,,,,,Champions League
226302,1015,1016,Alexandra Popp,88,78,88,77,81,53,91,75,81,92,87,92,86,89,87,76,76,75,84,66,75,79,78,79,89,84,83,45,96,46,53,49,95,92,92,85,ST,5,3,Left,"174cm / 5'9""",65kg / 143lb,LM,34,Germany,GPFBL,VfL Wolfsburg,"Power Header+, Bruiser, Trivela, Acrobatic, Aerial",https://www.futbin.com/25/player/55497/alexandra-popp,,,,,,IF
246669,1016,1017,Bukayo Saka,88,87,85,82,89,61,71,90,85,84,86,81,85,81,89,87,86,70,84,71,85,90,86,89,86,89,83,63,50,61,63,61,72,87,64,69,RM,4,3,Left,178cm / 5'10',65kg / 143lb,RW,23,England,Premier League,Arsenal,"Finesse Shot, Whipped Pass, Flair, Technical",https://www.futbin.com/25/player/55498/bukayo-saka,,,,,,IF
207865,1017,1018,Marcos Aoás Corrêa,88,81,60,77,75,90,83,79,82,71,64,66,48,40,55,77,70,35,85,86,70,70,74,74,88,80,88,90,90,91,90,90,90,85,82,83,CB,3,3,Right,"183cm / 6'0""",75kg / 165lb,,30,Brazil,Ligue 1 Uber Eats,Paris SG,"Intercept+, Power Header, Jockey, Anticipate, Aerial",https://www.futbin.com/25/player/55527/marcos-aoas-correa,,,,,,Total Rush
226890,1018,1019,Marta Vieira da Silva,88,80,86,88,91,65,80,80,80,90,84,88,83,90,90,95,88,86,85,82,91,92,90,94,83,90,91,70,76,71,55,51,76,90,77,78,CAM,4,5,Left,"162cm / 5'4""",56kg / 123lb,"RM, ST",39,Brazil,NWSL,Orlando Pride,"Flair+, Technical, First Touch, Trickster, Trivela, Acrobatic",https://www.futbin.com/25/player/55528/marta-vieira-da-silva,,,,,,Total Rush
228702,1019,1020,Frenkie de Jong,88,85,75,88,90,82,84,84,86,84,78,74,72,76,58,90,80,65,93,91,86,90,90,82,91,92,93,87,77,81,81,82,87,95,80,80,CM,4,4,Right,"181cm / 5'11""",74kg / 163lb,CDM,27,Netherlands,LALIGA EA SPORTS,FC Barcelona,"Trivela+, Incisive Pass, Long Ball Pass, Tiki Taka, Flair, Press Proven",https://www.futbin.com/25/player/55529/frenkie-de-jong,,,,,,Total Rush
241637,1020,1021,Aurélien Tchouaméni,88,78,72,82,83,88,85,78,78,77,68,81,78,52,57,85,71,55,88,87,80,82,80,80,87,85,87,90,80,90,88,86,87,86,85,83,CDM,3,3,Right,"188cm / 6'2""",82kg / 181lb,"CB, CM",25,France,LALIGA EA SPORTS,Real Madrid,"Long Ball Pass, Jockey, Intercept, Anticipate, Bruiser, Relentless, Aerial",https://www.futbin.com/25/player/55530/aurelien-tchouameni,,,,,,Total Rush
245637,1021,1022,Georginio Rutter,88,88,80,82,87,50,82,86,89,86,78,87,80,79,74,89,76,53,88,82,70,88,85,89,81,87,80,21,82,54,54,54,97,87,94,41,CAM,5,5,Left,"182cm / 6'0""",77kg / 170lb,ST,23,France,Premier League,Brighton,"Incisive Pass, Pinged Pass, Flair, Trickster, Relentless",https://www.futbin.com/25/player/55608/georginio-rutter,,,,,,Total Rush SBC
190871,1022,1023,Neymar da Silva Santos Jr.,88,87,82,86,93,40,65,88,86,84,83,80,78,87,88,87,83,89,87,82,88,95,91,87,82,95,94,40,68,38,35,31,77,80,56,67,LW,5,5,Right,"175cm / 5'9""",68kg / 150lb,"LM, CAM",33,Brazil,ROSHN Saudi League,Al Hilal,"Trickster+, Dead Ball, Incisive Pass, Technical, Flair, First Touch, Trivela",https://www.futbin.com/25/player/55616/neymar-da-silva-santos-jr,,,,,,Total Rush
233748,1023,1024,Lieke Martens van Leer,88,85,88,87,92,50,78,86,85,88,90,90,85,83,85,90,87,85,87,83,95,93,90,88,88,94,92,51,65,53,46,40,78,78,80,73,LW,4,5,Right,"170cm / 5'7""",66kg / 146lb,LM,32,Netherlands,D1 Arkema,Paris SG,"Incisive Pass, Tiki Taka, Whipped Pass, Technical, Flair, First Touch",https://www.futbin.com/25/player/55630/lieke-martens-van-leer,,,,,,Total Rush
233662,1024,1025,Sakina Karchaoui,88,90,67,83,88,82,67,93,88,83,56,77,76,60,71,74,90,68,87,79,81,88,91,86,83,88,87,86,68,80,86,81,76,90,52,74,LW,4,5,Left,"160cm / 5'3""",55kg / 121lb,"LB, LM",29,France,D1 Arkema,Paris SG,"Whipped Pass, Jockey, Block, Anticipate, Technical, Quick Step, Relentless",https://www.futbin.com/25/player/55637/sakina-karchaoui,,,,,,IF
237383,1025,1026,Alessandro Bastoni,88,80,44,77,78,88,86,78,82,40,35,60,49,45,51,76,76,42,82,86,66,75,70,68,88,84,88,90,88,88,88,87,92,85,86,86,CB,3,2,Left,"190cm / 6'3""",75kg / 165lb,,26,Italy,Serie A TIM,Lombardia FC,"Anticipate+, Pinged Pass, Long Ball Pass, Jockey, Intercept",https://www.futbin.com/25/player/55664/alessandro-bastoni,,,,,,Trailblazers
257534,1026,1027,Cole Palmer,88,82,86,88,90,53,70,80,84,91,88,85,85,72,94,91,84,81,91,87,90,91,86,85,88,92,92,55,66,48,56,43,75,85,65,64,CAM,4,4,Left,189cm / 6'2',74kg / 163lb,"RM, RW",22,England,Premier League,Chelsea,"Incisive Pass+, Dead Ball, Finesse Shot, Whipped Pass, First Touch, Flair, Technical",https://www.futbin.com/25/player/55665/cole-palmer,,,,,,Trailblazers
232580,1027,1028,Gabriel dos S. Magalhães,88,80,43,72,68,89,87,71,88,46,39,65,32,30,42,67,44,32,91,88,55,63,58,50,88,78,80,89,89,90,89,89,90,78,90,91,CB,3,2,Left,"190cm / 6'3""",87kg / 192lb,,27,Brazil,Premier League,Arsenal,"Aerial+, Power Header, Pinged Pass, Anticipate, Bruiser",https://www.futbin.com/25/player/55667/gabriel-dos-s-magalhaes,,,,,,Trailblazers
202811,1028,1029,Emiliano Martínez,88,60,26,50,87,22,88,59,61,12,16,62,16,13,43,67,22,20,61,59,22,23,54,49,84,43,69,21,26,25,20,20,79,40,78,37,GK,4,2,Right,"195cm / 6'5""",88kg / 194lb,,32,Argentina,Premier League,Aston Villa,"Rush Out+, Pinged Pass, FootWork",https://www.futbin.com/25/player/55711/emiliano-martinez,,,,,,FUT Centurions
256790,1029,1030,Jamal Musiala,88,86,85,83,91,64,65,87,85,89,88,84,83,80,65,88,72,65,88,83,80,95,94,94,88,85,84,66,50,65,65,68,70,79,60,60,CAM,4,5,Right,"184cm / 6'0""",72kg / 159lb,"CM, LM",22,Germany,Bundesliga,FC Bayern München,"Technical+, Chip Shot, Incisive Pass, Tiki Taka, Flair, Trickster, Relentless",https://www.futbin.com/25/player/55755/jamal-musiala,,,,,,Trailblazers SBC
231443,1030,1031,Ousmane Dembélé,88,94,80,84,90,44,61,96,93,85,77,88,78,80,79,87,88,66,85,80,86,91,96,83,84,89,84,43,47,44,44,38,68,75,55,57,RW,5,5,Left,"178cm / 5'10""",67kg / 148lb,"RM, CAM",27,France,Ligue 1 Uber Eats,Paris SG,"Quick Step+, Pinged Pass, Rapid, Flair, Trickster, Relentless",https://www.futbin.com/25/player/55757/ousmane-dembele,,,,,,Trailblazers
231432,1031,1032,Lindsey Horan,88,82,87,89,88,73,85,83,82,89,85,91,88,85,78,91,81,89,92,93,70,89,83,80,90,90,86,76,92,70,70,65,95,88,88,73,CM,4,4,Right,"175cm / 5'9""",67kg / 148lb,CAM,30,United States,D1 Arkema,OL,"Pinged Pass+, Finesse Shot, Power Shot, Dead Ball, Incisive Pass, Long Ball Pass, Acrobatic, Aerial",https://www.futbin.com/25/player/55773/lindsey-horan,,,,,,Trailblazers
212198,1032,1033,Bruno Miguel Borges Fernandes,88,78,88,90,87,66,80,80,77,90,88,88,88,90,93,97,84,84,91,92,87,86,85,82,93,91,84,64,64,63,72,67,75,96,70,88,CAM,4,4,Right,"179cm / 5'10""",69kg / 152lb,CM,30,Portugal,Premier League,Manchester Utd,"Incisive Pass+, Dead Ball, Pinged Pass, Long Ball Pass, Flair, First Touch, Relentless",https://www.futbin.com/25/player/55835/bruno-miguel-borges-fernandes,,,,,,FUT Centurions
241721,1033,1034,Rafael da Conceição Leão,88,95,82,83,88,30,78,95,95,78,86,82,78,76,66,87,87,62,86,73,82,90,86,85,85,88,84,25,74,24,26,23,91,78,84,62,LW,4,5,Right,"188cm / 6'2""",81kg / 179lb,"LM, ST",25,Portugal,Serie A TIM,Milano FC,"Rapid+, Finesse Shot, Incisive Pass, Whipped Pass, Flair, Trickster, Quick Step",https://www.futbin.com/25/player/55836/rafael-da-conceicao-leao,,,,,,FUT Centurions
226359,1034,1035,Christine Sinclair,88,82,91,88,87,50,88,82,82,93,90,95,91,91,91,90,81,80,93,88,84,87,80,80,83,91,93,56,84,48,40,39,90,85,97,71,ST,5,4,Right,"175cm / 5'9""",67kg / 148lb,"CM, CAM",41,Canada,NWSL,Portland Timbers-Thorns,"Power Shot+, Finesse Shot, Power Header, Incisive Pass, Technical, Press Proven, Trivela",https://www.futbin.com/25/player/55837/christine-sinclair,,,,,,FUT Centurions
7512,1035,1036,Hernán Crespo,88,88,89,72,88,38,73,89,88,92,93,87,84,86,87,82,75,66,73,56,73,88,90,88,88,87,91,32,92,31,33,32,87,80,78,50,ST,4,4,Right,"184cm / 6'0""",78kg / 172lb,,,Argentina,Icons,EA FC ICONS,"Aerial+, Finesse Shot, Power Shot, Power Header, Quick Step, Acrobatic",https://www.futbin.com/25/player/55861/hernan-crespo,,,,,,Squad Found. C.L.
243027,1036,1037,Juan Sebastián Verón,88,80,84,88,87,79,84,81,80,83,77,93,91,78,90,88,83,87,90,90,86,86,79,78,88,92,90,85,72,77,83,71,70,88,82,89,CM,4,4,Right,"186cm / 6'1""",80kg / 176lb,CAM,,Argentina,Icons,EA FC ICONS,"Incisive Pass+, Dead Ball, Pinged Pass, Long Ball Pass, Flair, Trivela",https://www.futbin.com/25/player/55865/juan-sebastian-veron,,,,,,Squad Found. C.L. SB
232075,1037,1038,Rose Lavelle,88,87,81,86,88,46,64,86,87,87,84,76,80,70,76,88,76,71,93,87,74,91,81,86,85,88,80,49,45,42,49,46,65,81,55,64,CM,4,4,Left,"163cm / 5'4""",56kg / 123lb,CAM,29,United States,NWSL,NJ/NY Gotham,"Pinged Pass+, Incisive Pass, Tiki Taka, Technical, First Touch",https://www.futbin.com/25/player/55875/rose-lavelle,,,,,,IF
39386,1038,1039,DaMarcus Beasley,88,94,80,83,89,80,81,93,94,83,82,77,80,78,82,85,81,86,83,82,84,90,89,86,86,88,85,76,70,83,82,80,86,94,76,76,LM,4,3,Left,173cm / 5'8',66kg / 146lb,"LB, LW",42,United States,Premier League,HERO,"Quick Step+, Technical, Rapid, First Touch, Relentless",https://www.futbin.com/25/player/55899/damarcus-beasley,,,,,,Track Stars Hero SBC
27,1039,1040,Joe Cole,88,89,85,87,91,52,77,90,89,81,86,82,88,83,74,90,88,87,88,77,88,93,92,90,82,92,84,53,60,56,47,42,83,85,76,70,RW,4,4,Right,176cm / 5'9',73kg / 161lb,"RM, CAM, LW",43,England,Premier League,HERO,"Quick Step+, Incisive Pass, Technical, Flair, First Touch, Trivela",https://www.futbin.com/25/player/55924/joe-cole,,,,,,Track Stars Hero
266801,1040,1041,Harry Kewell,88,91,86,89,89,53,73,92,91,84,86,88,88,86,78,92,92,80,88,88,92,92,88,86,85,88,86,46,70,50,55,57,78,80,75,60,LW,3,4,Left,180cm / 5'10',74kg / 163lb,"LM, CAM",46,Australia,Premier League,HERO,"Rapid+, Power Shot, Whipped Pass, First Touch, Relentless, Trivela",https://www.futbin.com/25/player/55925/harry-kewell,,,,,,Track Stars Hero
16619,1041,1042,Iván Córdoba,88,87,64,66,70,91,88,88,86,63,56,82,55,77,79,47,67,39,79,75,39,58,88,92,85,72,83,92,93,89,91,88,95,90,86,90,CB,3,2,Right,173cm / 5'8',70kg / 154lb,,48,Colombia,Serie A TIM,HERO,"Aerial+, Power Header, Jockey, Block",https://www.futbin.com/25/player/55926/ivan-cordoba,,,,,,Track Stars Hero
248717,1042,1043,Lena Oberdorf,88,75,70,80,78,88,93,75,75,79,63,88,68,64,64,84,71,66,85,84,65,74,74,77,88,83,85,87,80,89,91,82,89,82,97,97,CDM,4,3,Right,"174cm / 5'9""",68kg / 150lb,CM,23,Germany,GPFBL,FC Bayern München,"Press Proven+, Power Shot, Long Ball Pass, Intercept, Anticipate, Slide Tackle, Bruiser",https://www.futbin.com/25/player/55931/lena-oberdorf,,,,,,Track Stars
231432,1043,1044,Lindsey Horan,88,81,86,88,87,65,82,83,80,89,85,91,88,85,72,90,81,89,92,92,70,88,82,66,89,90,84,71,92,61,62,51,95,86,86,65,CM,3,4,Right,"175cm / 5'9""",67kg / 148lb,CAM,30,United States,D1 Arkema,OL,"Incisive Pass+, Finesse Shot, Power Shot, Dead Ball, Long Ball Pass, Acrobatic, Aerial",https://www.futbin.com/25/player/55938/lindsey-horan,,,,,,SIF
224158,1044,1045,Sofyan Amrabat,88,78,79,83,87,86,90,77,79,81,76,85,85,78,65,85,71,73,89,87,82,86,83,87,86,91,87,87,71,88,89,85,82,91,89,93,CDM,4,4,Right,"183cm / 6'0""",77kg / 170lb,"CB, CM",28,Morocco,Trendyol Süper Lig,Fenerbahçe,"Pinged Pass, Intercept, Slide Tackle, Bruiser, Press Proven, Aerial",https://www.futbin.com/25/player/55974/sofyan-amrabat,,,,,,FC Pro
198784,1045,1046,Alex Oxlade-Chamberlain,88,88,85,87,91,79,82,89,88,88,83,91,88,68,78,89,88,68,88,85,83,91,89,91,89,91,88,86,46,79,83,81,76,83,81,85,RW,4,5,Right,"175cm / 5'9""",70kg / 154lb,"RM, CM, CAM",31,England,Trendyol Süper Lig,Beşiktaş,"Power Shot+, Whipped Pass, Rapid, Flair, Trickster",https://www.futbin.com/25/player/55976/alex-oxlade-chamberlain,,,,,,FC Pro
242054,1046,1047,Igor Silva de Almeida,88,91,71,83,89,86,83,90,92,88,58,90,79,70,58,79,89,69,84,84,86,89,91,93,85,89,86,89,76,87,89,82,87,89,78,89,RB,3,4,Right,"173cm / 5'8""",66kg / 146lb,"LB, RM",28,Brazil,Ligue 2 BKT,FC Lorient,"Whipped Pass, Jockey, Anticipate, Technical, Rapid",https://www.futbin.com/25/player/55986/igor-silva-de-almeida,,,,,,FC Pro
245751,1047,1048,Hassan Tombakti,88,91,49,73,79,86,88,90,91,48,48,57,45,48,50,73,51,38,87,87,63,75,83,78,86,80,87,88,79,85,87,87,90,88,91,78,CB,4,2,Right,"182cm / 6'0""",74kg / 163lb,CDM,26,Saudi Arabia,ROSHN Saudi League,Al Hilal,"Long Ball Pass, Jockey, Anticipate, Slide Tackle",https://www.futbin.com/25/player/55988/hassan-tombakti,,,,,,FC Pro
45197,1048,1049,Xabier Alonso Olano,88,80,80,89,82,80,81,78,82,73,71,90,92,78,84,88,85,88,91,91,83,78,76,81,87,88,89,80,74,80,81,78,70,88,79,82,CM,4,4,Right,"183cm / 6'0""",77kg / 170lb,CDM,,Spain,Icons,EA FC ICONS,"Long Ball Pass+, Power Shot, Dead Ball, Slide Tackle, Technical, First Touch",https://www.futbin.com/25/player/55992/xabier-alonso-olano,,,,,,On This Day SBC
251829,1049,1050,Ramon Hendriks,88,86,39,77,80,88,86,82,90,39,35,52,34,38,45,72,67,50,87,89,49,74,88,82,84,85,85,88,87,88,90,87,88,87,86,82,CB,4,3,Left,"189cm / 6'2""",76kg / 168lb,"RB, LB",23,Netherlands,Bundesliga,VfB Stuttgart,"Jockey, Block, Anticipate, Slide Tackle, Aerial",https://www.futbin.com/25/player/55994/ramon-hendriks,,,,,,FC Pro SBC
253002,1050,1051,Giacomo Raspadori,88,89,87,81,92,37,67,94,85,88,90,82,85,86,86,84,70,70,89,74,79,94,86,95,85,93,86,25,95,33,32,29,85,81,57,72,ST,5,4,Right,"172cm / 5'8""",69kg / 152lb,"CAM, LW",25,Italy,Serie A TIM,SSC Napoli,"Finesse Shot+, Technical, Trickster, Press Proven, Quick Step",https://www.futbin.com/25/player/56021/giacomo-raspadori,,,,,,Squad Battle Mastery
264950,1051,1052,Shekiera Martinez,88,88,86,83,87,55,86,87,89,91,91,85,78,85,71,85,71,70,95,77,76,87,86,87,88,88,84,41,90,43,61,63,92,86,87,84,ST,4,4,Right,"163cm / 5'4""",60kg / 132lb,RW,23,Germany,GPFBL,SC Freiburg,"Quick Step+, Finesse Shot, Power Header, Technical, Flair, Aerial",https://www.futbin.com/25/player/56037/shekiera-martinez,,,,,,Champs Mastery
224415,1052,1053,Luis Rioja González,88,89,87,84,90,70,82,91,87,88,87,90,90,61,81,75,90,80,86,82,85,92,94,90,85,87,84,68,61,79,68,66,78,90,82,75,LM,4,4,Left,"176cm / 5'9""",70kg / 154lb,"RM, LW",31,Spain,LALIGA EA SPORTS,Valencia CF,"Finesse Shot, Incisive Pass, Whipped Pass, Technical, Rapid, Quick Step",https://www.futbin.com/25/player/56038/luis-rioja-gonzalez,,,,,,Champs Mastery
272004,1053,1054,Érika González Lombídez,88,92,87,86,88,70,78,90,93,89,93,79,89,65,86,84,79,67,94,88,70,88,93,88,85,86,83,74,66,67,73,64,81,82,83,60,CAM,4,4,Right,"168cm / 5'6""",63kg / 139lb,ST,20,Spain,Liga F,Levante UD,"Relentless+, Finesse Shot, Power Shot, Incisive Pass, Technical, Rapid",https://www.futbin.com/25/player/56039/erika-gonzalez-lombidez,,,,,,Champs Mastery
210047,1054,1055,Fabian Schär,88,80,74,87,84,90,88,78,81,70,66,87,79,70,84,87,73,79,93,96,75,83,80,80,90,85,90,91,88,90,90,86,90,86,90,87,CB,3,2,Right,"188cm / 6'2""",84kg / 185lb,,33,Switzerland,Premier League,Newcastle Utd,"Aerial+, Power Shot, Power Header, Long Ball Pass, Anticipate, Slide Tackle",https://www.futbin.com/25/player/56053/fabian-schar,,,,,,Rivals Mastery
261843,1055,1056,Andreia de Jesus Jacinto,88,87,80,88,88,82,84,86,87,87,88,69,80,38,79,93,75,72,96,96,52,86,83,87,87,93,83,90,60,80,88,80,82,95,90,58,CM,4,3,Right,"169cm / 5'7""",59kg / 130lb,CDM,22,Portugal,Liga F,Real Sociedad,"Long Ball Pass+, Incisive Pass, Intercept, Anticipate, Press Proven",https://www.futbin.com/25/player/56054/andreia-de-jesus-jacinto,,,,,,Rivals Mastery
231969,1056,1057,Ruslan Malinovskyi,88,85,88,88,86,77,88,86,84,85,82,98,95,78,94,87,88,96,88,86,95,87,82,82,84,87,85,80,84,76,80,58,90,88,88,87,CM,4,4,Left,181cm / 5'11',79kg / 174lb,CAM,31,Ukraine,Serie A TIM,Genoa,"Dead Ball+, Power Shot, Incisive Pass, Bruiser, Technical, First Touch",https://www.futbin.com/25/player/56055/ruslan-malinovskyi,,,,,,Rivals Mastery
200145,1057,1058,Carlos Henrique Venancio Casimiro,88,80,79,83,78,88,89,79,80,76,75,87,84,83,71,83,74,75,88,86,81,76,68,71,88,84,85,88,86,87,90,89,82,81,90,96,CDM,4,3,Right,"185cm / 6'1""",84kg / 185lb,CM,33,Brazil,Premier League,Manchester Utd,"Long Ball Pass+, Block, Intercept, Slide Tackle, Bruiser, Press Proven",https://www.futbin.com/25/player/56082/carlos-henrique-venancio-casimiro,,,,,,Flashback SBC
230869,1058,1059,Unai Simón Mendibil,88,52,23,33,88,17,88,51,52,14,14,59,13,17,24,48,16,14,38,34,20,12,37,47,82,16,46,26,18,11,18,12,74,44,76,29,GK,3,2,Right,"190cm / 6'3""",89kg / 196lb,,27,Spain,LALIGA EA SPORTS,Athletic Club,"FootWork+, Pinged Pass, Long Ball Pass, Far Throw, Cross Claimer, Rush Out, Deflector",https://www.futbin.com/25/player/56093/unai-simon-mendibil,,,,,,Thunderstruck
212242,1059,1060,Robert Andrich,88,81,83,82,80,88,89,81,81,73,80,90,92,76,67,79,77,82,86,84,84,81,69,65,91,83,82,89,79,90,91,84,86,83,90,97,CDM,4,3,Right,"186cm / 6'1""",85kg / 187lb,"CB, CM",30,Germany,Bundesliga,Leverkusen,"Anticipate+, Power Shot, Power Header, Long Ball Pass, Bruiser, Relentless, Trivela",https://www.futbin.com/25/player/56094/robert-andrich,,,,,,Thunderstruck
227254,1060,1061,Alex Greenwood,88,81,69,84,78,89,88,82,81,51,66,83,69,46,88,71,81,84,91,92,84,71,74,76,89,88,89,92,86,91,89,83,89,91,84,96,CB,3,3,Left,"167cm / 5'6""",62kg / 137lb,LB,31,England,Barclays WSL,Manchester City,"Bruiser+, Pinged Pass, Long Ball Pass, Jockey, Block, Anticipate, Slide Tackle, Relentless, Aerial",https://www.futbin.com/25/player/56095/alex-greenwood,,,,,,Thunderstruck
243030,1061,1062,Gennaro Gattuso,88,81,64,76,72,90,89,82,81,71,60,75,64,57,61,81,61,39,88,84,53,66,77,81,94,74,82,94,63,92,93,91,65,93,86,95,CDM,3,3,Right,"177cm / 5'10""",77kg / 170lb,CM,,Italy,Icons,EA FC ICONS,"Relentless+, Pinged Pass, Jockey, Block, Intercept, Slide Tackle, Bruiser",https://www.futbin.com/25/player/56116/gennaro-gattuso,,,,,,Thunderstruck Icon
240,1062,1063,Roy Keane,88,81,71,84,81,87,89,81,81,70,71,65,83,58,70,86,73,72,91,88,70,78,75,78,92,86,91,95,78,81,92,87,79,93,86,95,CM,4,3,Right,"180cm / 5'11""",76kg / 168lb,,,Republic of Ireland,Icons,EA FC ICONS,"Pinged Pass+, Incisive Pass, Tiki Taka, Intercept, Slide Tackle, First Touch, Press Proven, Relentless",https://www.futbin.com/25/player/56117/roy-keane,,,,,,Thunderstruck Icon
190045,1063,1064,Johan Cruyff,88,86,87,85,88,37,70,88,84,89,90,80,86,89,82,87,80,78,90,82,86,89,86,76,90,89,90,38,59,37,31,34,62,80,67,67,CAM,5,5,Right,"180cm / 5'11""",71kg / 157lb,ST,,Netherlands,Icons,EA FC ICONS,"Tiki Taka+, Chip Shot, Incisive Pass, Flair, First Touch, Trickster, Trivela",https://www.futbin.com/25/player/56120/johan-cruyff,,,,,,On This Day SBC
179813,1064,1065,Edinson Cavani,88,88,91,80,85,61,84,85,90,98,92,94,83,91,94,86,76,87,85,61,89,83,84,82,92,86,93,64,93,55,58,50,88,80,83,90,ST,5,3,Right,"185cm / 6'1""",77kg / 170lb,,38,Uruguay,Sudamericana,Boca Juniors,"Power Header+, Chip Shot, Power Shot, Technical, First Touch",https://www.futbin.com/25/player/56131/edinson-cavani,,,,,,Flashback SBC
237679,1065,1066,Randal Kolo Muani,88,94,88,77,88,44,73,95,94,91,91,91,81,88,77,83,71,66,83,69,78,89,91,85,87,88,86,44,91,37,38,37,94,79,81,41,ST,4,4,Right,"187cm / 6'2""",73kg / 161lb,,26,France,Ligue 1 Uber Eats,Paris SG,"Quick Step+, Finesse Shot, Power Shot, Technical, Flair, First Touch, Trivela, Aerial",https://www.futbin.com/25/player/56136/randal-kolo-muani,,,,,,Thunderstruck
240638,1066,1067,Tijjani Reijnders,88,87,82,88,90,79,81,90,85,85,78,92,89,71,64,89,81,77,93,89,86,91,89,91,86,91,89,81,68,79,83,77,83,95,74,82,CM,4,4,Right,"185cm / 6'1""",73kg / 161lb,"CDM, CAM",26,Netherlands,Serie A TIM,Milano FC,"Tiki Taka+, Power Shot, Incisive Pass, Pinged Pass, Long Ball Pass, Technical, Flair, Quick Step, Relentless",https://www.futbin.com/25/player/56137/tijjani-reijnders,,,,,,Thunderstruck
227337,1067,1068,Svenja Huth,88,88,81,87,88,56,76,89,88,89,81,82,78,89,81,86,89,81,89,87,84,87,95,97,85,88,86,66,37,45,61,69,66,95,78,51,RM,4,4,Right,"163cm / 5'4""",54kg / 119lb,"CAM, RW",34,Germany,GPFBL,VfL Wolfsburg,"Technical+, Finesse Shot, Whipped Pass, Jockey, Anticipate, Rapid, First Touch, Trickster, Quick Step",https://www.futbin.com/25/player/56138/svenja-huth,,,,,,Thunderstruck
34079,1068,1069,Ashley Cole,88,89,67,81,82,87,81,91,88,77,57,75,74,72,74,81,85,64,82,81,83,81,85,86,87,82,84,89,64,89,89,92,83,93,73,87,LB,4,3,Left,"176cm / 5'9""",66kg / 146lb,,,England,Icons,EA FC ICONS,"Jockey+, Whipped Pass, Block, Intercept, Slide Tackle, Technical, Rapid, Relentless, Trivela",https://www.futbin.com/25/player/56140/ashley-cole,,,,,,Thunderstruck Icon
198717,1069,1070,Wilfried Zaha,88,92,86,82,90,45,84,92,92,86,88,91,81,76,83,83,83,61,85,81,82,91,91,81,81,92,86,43,58,41,47,44,82,86,82,86,LM,3,5,Right,"180cm / 5'11""",66kg / 146lb,LW,32,Côte d'Ivoire,Ligue 1 Uber Eats,OL,"Quick Step+, Finesse Shot, Whipped Pass, Technical, Flair, Trickster, Trivela",https://www.futbin.com/25/player/56142/wilfried-zaha,,,,,,Thunderstruck SBC
236610,1070,1071,Moise Kean,88,94,86,70,86,50,85,93,94,92,87,95,75,83,74,70,58,53,82,56,83,87,88,89,83,85,83,39,96,50,45,38,99,87,88,73,ST,4,3,Right,"183cm / 6'0""",72kg / 159lb,,25,Italy,Serie A TIM,Fiorentina,"Trivela+, Chip Shot, Power Shot, Rapid, Flair",https://www.futbin.com/25/player/56168/moise-kean,,,,,,SBC
228093,1071,1072,Marcus Thuram,88,92,87,83,88,57,89,91,92,86,88,90,84,83,75,86,84,63,86,75,80,92,85,80,91,86,83,57,91,50,56,48,98,88,93,76,ST,4,4,Right,"192cm / 6'4""",80kg / 176lb,,27,France,Serie A TIM,Lombardia FC,"Quick Step+, Finesse Shot, First Touch, Relentless, Aerial",https://www.futbin.com/25/player/56177/marcus-thuram,,,,,,Ultimate Succession
241096,1072,1073,Sandro Tonali,88,88,78,86,84,85,86,86,90,80,73,86,87,73,67,84,83,86,90,88,81,81,84,86,86,88,87,87,73,87,87,85,87,85,85,87,CM,4,3,Right,"181cm / 5'11""",79kg / 174lb,CDM,24,Italy,Premier League,Newcastle Utd,"Incisive Pass+, Long Ball Pass, Intercept, Slide Tackle, Bruiser, Relentless",https://www.futbin.com/25/player/56178/sandro-tonali,,,,,,Ultimate Succession
227331,1073,1074,Eugénie Le Sommer,88,83,88,85,88,46,77,82,84,92,90,90,84,85,86,88,85,75,88,80,86,90,80,85,86,90,86,35,93,45,43,35,88,78,82,61,ST,5,5,Right,"161cm / 5'3""",58kg / 128lb,"RW, LW",35,France,D1 Arkema,OL,"Finesse Shot+, Power Shot, Incisive Pass, Technical, First Touch, Quick Step",https://www.futbin.com/25/player/56179/eugenie-le-sommer,,,,,,Ultimate Succession
212622,1074,1075,Joshua Kimmich,88,84,76,90,86,87,80,87,82,82,71,81,85,71,71,88,93,81,90,93,90,85,88,87,91,87,88,90,74,90,88,86,82,91,72,88,RB,4,3,Right,"177cm / 5'10""",75kg / 165lb,"CDM, CM",30,Germany,Bundesliga,FC Bayern München,"Anticipate+, Finesse Shot, Long Ball Pass, Whipped Pass, Jockey, Press Proven, Relentless",https://www.futbin.com/25/player/56180/joshua-kimmich,,,,,,Ultimate Succession
1025,1075,1076,Rui Manuel César Costa,88,85,82,88,86,44,77,84,86,88,77,88,88,80,83,88,86,93,90,85,85,85,85,82,90,90,82,67,50,33,39,41,78,87,81,55,CAM,4,4,Right,180cm / 5'10',74kg / 163lb,,53,Portugal,Serie A TIM,HERO,"Incisive Pass+, Tiki Taka, Technical, Flair, First Touch, Trivela",https://www.futbin.com/25/player/56196/rui-manuel-cesar-costa,,,,,,Ult Succession Hero
256790,1076,1077,Jamal Musiala,88,86,82,80,91,64,66,88,85,87,85,81,80,74,60,86,69,61,86,81,77,95,94,94,88,85,84,66,50,65,64,67,71,80,61,61,CAM,4,5,Right,"184cm / 6'0""",72kg / 159lb,"CM, LM",22,Germany,Bundesliga,FC Bayern München,"Technical+, Incisive Pass, Flair, Trickster",https://www.futbin.com/25/player/56253/jamal-musiala,,,,,,IF
270409,1077,1078,Sávio Moreira de Oliveira,88,94,80,85,90,36,60,96,93,88,84,80,76,70,70,87,88,61,88,82,86,92,93,86,84,90,85,33,54,31,36,43,70,83,52,51,RW,4,4,Left,"176cm / 5'9""",71kg / 157lb,"LM, LW",21,Brazil,Premier League,Manchester City,"Rapid+, Finesse Shot, Pinged Pass, Long Ball Pass, Whipped Pass, Technical, Relentless",https://www.futbin.com/25/player/56286/savio-moreira-de-oliveira,,,,,,Globetrotters
236499,1078,1079,Douglas Luiz Soares de Paulo,88,84,83,90,88,80,83,86,83,81,80,84,89,82,88,91,87,88,92,90,94,87,85,86,86,92,91,83,66,81,84,77,81,88,81,84,CM,4,3,Right,"175cm / 5'9""",66kg / 146lb,CDM,26,Brazil,Serie A TIM,Juventus,"Pinged Pass+, Dead Ball, Incisive Pass, Intercept, Anticipate, Technical, Flair, Press Proven",https://www.futbin.com/25/player/56287/douglas-luiz-soares-de-paulo,,,,,,Globetrotters
176580,1079,1080,Luis Suárez,88,86,91,84,87,47,85,86,86,93,91,90,90,90,88,85,80,87,85,80,92,87,82,85,93,88,96,40,95,40,44,40,85,80,86,91,ST,4,4,Right,"182cm / 6'0""",86kg / 190lb,,38,Uruguay,MLS,Inter Miami CF,"Power Shot+, Finesse Shot, Technical, Press Proven, Quick Step, Trivela, Acrobatic",https://www.futbin.com/25/player/56288/luis-suarez,,,,,,Globetrotters
188152,1080,1081,Oscar dos Santos Emboaba,88,87,86,88,90,70,78,88,86,88,85,87,88,84,83,86,87,86,88,90,86,88,95,90,86,91,88,73,70,70,71,65,80,91,74,72,CAM,4,4,Right,"179cm / 5'10""",70kg / 154lb,"CM, LW",33,Brazil,CSL,Shanghai Port,"Tiki Taka+, Finesse Shot, Dead Ball, Incisive Pass, Long Ball Pass, Technical, First Touch, Trivela",https://www.futbin.com/25/player/56289/oscar-dos-santos-emboaba,,,,,,Globetrotters
267275,1081,1082,Yuki Nagasato,88,84,86,87,90,71,78,87,82,90,88,87,87,73,77,91,78,77,92,90,80,90,95,88,88,91,87,83,68,52,84,65,84,85,76,73,CM,5,4,Right,"168cm / 5'6""",56kg / 123lb,ST,37,Japan,NWSL,Houston Dash,"Technical+, Finesse Shot, Chip Shot, Incisive Pass, Tiki Taka, Quick Step, Aerial",https://www.futbin.com/25/player/56290/yuki-nagasato,,,,,,Globetrotters
208418,1082,1083,Yannick Carrasco,88,93,88,85,90,65,72,92,93,88,88,90,90,80,86,85,87,85,85,80,91,92,91,84,85,90,90,63,62,60,71,67,78,82,68,70,LW,4,4,Right,"181cm / 5'11""",73kg / 161lb,LM,31,Belgium,ROSHN Saudi League,Al Shabab,"Technical+, Finesse Shot, Whipped Pass, Rapid, Flair, Trivela",https://www.futbin.com/25/player/56291/yannick-carrasco,,,,,,Globetrotters
235243,1083,1084,Matthijs de Ligt,88,80,65,70,71,89,88,80,80,47,53,90,80,48,43,52,58,61,86,84,53,68,55,65,90,76,87,88,88,90,90,90,88,77,93,90,CB,3,2,Right,"189cm / 6'2""",89kg / 196lb,,25,Netherlands,Premier League,Manchester Utd,"Anticipate+, Power Shot, Long Ball Pass, Block, Intercept, Bruiser, Aerial",https://www.futbin.com/25/player/56292/matthijs-de-ligt,,,,,,Globetrotters
231410,1084,1085,Brahim Díaz,88,91,84,87,91,38,64,91,91,88,87,83,86,73,66,90,85,67,92,85,83,90,95,97,87,91,87,40,38,50,28,26,68,80,62,50,CAM,5,4,Right,"170cm / 5'7""",68kg / 150lb,"RW, LW",25,Morocco,LALIGA EA SPORTS,Real Madrid,"First Touch+, Incisive Pass, Whipped Pass, Intercept, Technical, Rapid, Flair",https://www.futbin.com/25/player/56293/brahim-diaz,,,,,,Globetrotters
204485,1085,1086,Riyad Mahrez,88,86,88,88,91,42,65,88,85,90,88,89,89,83,80,90,88,87,90,81,92,90,93,92,90,92,88,42,60,48,37,24,74,85,61,50,RM,4,5,Left,"179cm / 5'10""",67kg / 148lb,RW,34,Algeria,ROSHN Saudi League,Al Ahli,"First Touch+, Finesse Shot, Incisive Pass, Tiki Taka, Whipped Pass, Technical, Flair",https://www.futbin.com/25/player/56310/riyad-mahrez,,,,,,Globetrotters
201399,1086,1087,Mauro Icardi,88,82,99,80,83,45,81,80,83,99,99,99,99,99,99,91,57,60,90,78,85,80,78,78,90,86,92,33,98,45,42,23,95,78,85,73,ST,4,4,Right,"181cm / 5'11""",79kg / 174lb,,32,Argentina,Trendyol Süper Lig,Galatasaray,"Finesse Shot+, Chip Shot, Power Header, Incisive Pass, Technical, Flair, Trivela, Aerial",https://www.futbin.com/25/player/56358/mauro-icardi,,,,,,Winter Wildcards
189513,1087,1088,Daniel Parejo Muñoz,88,81,85,93,83,88,86,83,80,82,83,85,90,77,91,95,91,95,94,92,93,82,78,78,80,88,87,94,75,90,88,87,84,88,87,81,CB,4,3,Right,"182cm / 6'0""",74kg / 163lb,"CDM, CM",36,Spain,LALIGA EA SPORTS,Villarreal CF,"Jockey+, Dead Ball, Pinged Pass, Long Ball Pass, Block, Anticipate, Press Proven, Aerial",https://www.futbin.com/25/player/56359/daniel-parejo-munoz,,,,,,Winter Wildcards
256853,1088,1089,Malik Tillman,88,88,81,83,90,73,83,90,86,90,82,85,80,66,69,89,77,50,89,82,80,90,85,91,86,91,87,72,86,66,79,66,92,83,88,70,CAM,4,4,Right,"187cm / 6'2""",71kg / 157lb,"CM, LW",22,United States,Eredivisie,PSV,"Technical+, Power Shot, Incisive Pass, Flair, First Touch, Trivela",https://www.futbin.com/25/player/56360/malik-tillman,,,,,,Winter Wildcards
233756,1089,1090,Dominique Janssen,88,83,63,81,80,87,99,80,86,67,58,80,58,50,70,76,70,80,90,82,80,77,76,80,90,83,82,86,88,87,87,92,99,99,99,99,CB,5,3,Right,"174cm / 5'9""",63kg / 139lb,"LB, CDM",30,Netherlands,Barclays WSL,Manchester Utd,"Aerial+, Long Ball Pass, Block, Quick Step",https://www.futbin.com/25/player/56361/dominique-janssen,,,,,,Winter Wildcards
252145,1090,1091,Nuno Alexandre Tavares Mendes,88,92,63,81,87,83,82,94,91,84,50,87,68,59,49,77,86,63,84,77,78,87,87,88,86,87,85,83,77,82,84,85,92,86,80,80,LB,4,4,Left,"180cm / 5'11""",70kg / 154lb,CB,22,Portugal,Ligue 1 Uber Eats,Paris SG,"Quick Step+, Pinged Pass, Whipped Pass, Block, Rapid, Relentless",https://www.futbin.com/25/player/56388/nuno-alexandre-tavares-mendes,,,,,,Winter Wildcards
1668,1091,1092,Claude Makélélé,88,82,50,77,80,88,87,84,81,61,43,61,54,42,50,80,70,35,88,81,50,72,85,91,90,84,89,92,57,89,94,85,85,91,84,88,CDM,4,3,Right,"174cm / 5'9""",70kg / 154lb,"RM, CM",,France,Icons,EA FC ICONS,"Jockey+, Block, Intercept, Slide Tackle, Bruiser, Press Proven, Relentless",https://www.futbin.com/25/player/56391/claude-makelele,,,,,,Winter Wildcard ICON
146536,1092,1093,Jesús Navas González,88,92,77,87,88,84,78,93,91,87,71,84,80,86,64,88,94,55,89,84,90,88,89,90,86,89,87,85,80,84,84,83,77,88,70,88,RB,4,4,Right,"172cm / 5'8""",60kg / 132lb,RM,39,Spain,LALIGA EA SPORTS,Sevilla FC,"Rapid+, Pinged Pass, Long Ball Pass, Whipped Pass, Jockey, Relentless",https://www.futbin.com/25/player/56392/jesus-navas-gonzalez,,,,,,End of an Era SBC
211110,1093,1094,Paulo Dybala,88,81,87,86,90,42,67,85,77,85,86,86,88,94,90,90,85,89,86,81,91,90,89,91,85,92,88,43,67,33,43,40,79,76,69,49,CAM,3,5,Left,"177cm / 5'10""",75kg / 165lb,ST,31,Argentina,Serie A TIM,AS Roma,"First Touch+, Finesse Shot, Dead Ball, Incisive Pass, Technical, Flair, Trivela",https://www.futbin.com/25/player/56394/paulo-dybala,,,,,,TOTW
232293,1094,1095,Victor Osimhen,88,90,86,66,83,43,83,86,93,94,90,88,76,85,77,71,63,53,73,55,64,82,80,69,91,86,82,35,88,37,46,23,95,82,87,69,ST,4,3,Right,"186cm / 6'1""",77kg / 170lb,,26,Nigeria,Trendyol Süper Lig,Galatasaray,"Chip Shot, Power Header, Rapid, Acrobatic",https://www.futbin.com/25/player/56395/victor-osimhen,,,,,,TOTW
269136,1095,1096,Kobbie Mainoo,88,83,84,87,88,81,82,86,81,91,88,86,77,72,68,91,80,58,90,90,88,88,87,93,83,87,88,82,71,80,84,81,89,81,82,80,CDM,4,4,Right,"181cm / 5'11""",80kg / 176lb,CM,20,England,Premier League,Manchester Utd,"Tiki Taka+, Finesse Shot, Long Ball Pass, Intercept, Technical, Press Proven",https://www.futbin.com/25/player/56424/kobbie-mainoo,,,,,,Winter Wildcards
1845,1096,1097,Ole Gunnar Solskjær,88,87,90,77,86,47,75,88,86,94,93,86,86,89,84,83,74,66,77,71,86,85,82,83,92,88,90,43,88,46,39,43,80,85,75,60,ST,5,4,Right,178cm / 5'10',74kg / 163lb,,52,Norway,Premier League,HERO,"Finesse Shot+, Chip Shot, Power Shot, Power Header, First Touch, Press Proven, Trivela",https://www.futbin.com/25/player/56439/ole-gunnar-solskjaer,,,,,,Winter Wildcard Hero
273812,1097,1098,Steve McManaman,88,90,80,88,89,88,85,88,91,88,78,81,80,84,77,89,90,76,90,85,87,92,83,80,86,88,84,86,80,89,90,86,80,95,85,75,RB,4,4,Right,183cm / 6'0',72kg / 159lb,"RM, RW",53,England,Premier League,HERO,"Whipped Pass+, Chip Shot, Jockey, Anticipate, Technical, First Touch, Relentless",https://www.futbin.com/25/player/56440/steve-mcmanaman,,,,,,Winter Wildcard Hero
273812,1098,1099,Steve McManaman,88,99,80,85,89,47,80,99,99,89,78,81,80,84,77,88,85,74,87,82,84,92,83,80,86,88,84,41,67,39,52,43,77,92,77,72,RM,4,4,Right,183cm / 6'0',72kg / 159lb,"LM, CAM, RW",53,England,Premier League,HERO,"Quick Step+, Chip Shot, Technical, First Touch, Relentless, Trivela",https://www.futbin.com/25/player/56441/steve-mcmanaman,,,,,,Winter Wildcard Hero
256489,1099,1100,Bethany England,88,88,90,80,85,45,79,86,89,91,93,90,86,85,81,77,72,72,90,70,85,85,81,85,84,87,84,42,92,47,33,30,92,82,84,60,ST,5,4,Right,"166cm / 5'5""",59kg / 130lb,,30,England,Barclays WSL,Spurs,"Power Shot+, Power Header, Pinged Pass, Rapid, Press Proven, Aerial",https://www.futbin.com/25/player/56444/bethany-england,,,,,,Squad Foundation
265319,1100,1101,Mayumi Pacheco,88,89,60,84,85,86,83,86,91,72,55,72,55,57,77,70,90,80,90,85,81,87,92,80,84,82,75,87,79,89,84,83,83,94,73,96,LB,4,4,Left,"164cm / 5'5""",55kg / 121lb,,26,England,Barclays WSL,Aston Villa,"Rapid+, Pinged Pass, Whipped Pass, Intercept, Anticipate",https://www.futbin.com/25/player/56445/mayumi-pacheco,,,,,,Squad Foundation
215700,1101,1102,Luke O'Nien,88,84,76,80,75,88,90,87,81,77,75,76,79,79,77,84,74,72,84,80,77,70,83,87,80,75,83,85,83,91,89,88,94,97,84,97,CB,4,2,Right,"179cm / 5'10""",74kg / 163lb,,30,England,EFL Championship,Sunderland,"Intercept+, Pinged Pass, Long Ball Pass, Slide Tackle, Relentless, Long Throw",https://www.futbin.com/25/player/56447/luke-onien,,,,,,Squad Foundation
206534,1102,1103,Patrick Bamford,88,88,90,80,86,50,84,88,88,94,90,93,87,86,86,87,70,70,86,75,80,86,81,80,87,88,85,57,90,57,33,24,94,86,86,76,ST,4,4,Left,"185cm / 6'1""",71kg / 157lb,,31,England,EFL Championship,Leeds United,"Finesse Shot+, Chip Shot, Pinged Pass, Bruiser, First Touch, Acrobatic",https://www.futbin.com/25/player/56448/patrick-bamford,,,,,,Squad Foundation
222331,1103,1104,Lukas Klostermann,88,87,60,75,80,88,86,86,87,78,65,68,41,51,42,66,83,25,85,75,57,80,71,70,89,81,84,86,85,88,88,92,94,84,87,82,CB,3,2,Right,"187cm / 6'2""",88kg / 194lb,RB,28,Germany,Bundesliga,RB Leipzig,"Block+, Pinged Pass, Jockey, Intercept, Rapid, Aerial",https://www.futbin.com/25/player/56449/lukas-klostermann,,,,,,NumeroFUT
216549,1104,1105,Alexander Sørloth,88,87,89,80,87,42,99,81,91,90,94,89,82,77,76,83,75,70,87,67,85,86,84,84,88,90,90,42,96,46,27,25,99,99,99,99,ST,5,4,Left,"195cm / 6'5""",94kg / 207lb,,29,Norway,LALIGA EA SPORTS,Atlético de Madrid,"Press Proven+, Rapid, Flair, Quick Step, Relentless, Trivela, Acrobatic, Long Throw, Aerial",https://www.futbin.com/25/player/56467/alexander-sorloth,,,,,,Winter Wildcards
178088,1105,1106,Juan Manuel Mata García,88,85,86,88,99,52,60,88,83,93,86,84,84,87,93,90,90,93,86,80,98,99,99,99,99,99,99,58,74,56,43,28,58,87,47,58,CAM,4,5,Left,170cm / 5'6',63kg / 139lb,RW,36,Spain,A-League,WS Wanderers,"Trickster+, Finesse Shot, Chip Shot, Incisive Pass, Tiki Taka, First Touch",https://www.futbin.com/25/player/56468/mata-garcia,,,,,,Winter Wildcards
224371,1106,1107,Jarrod Bowen,88,87,88,86,88,52,77,89,86,89,91,87,85,79,78,87,89,79,88,77,85,88,86,88,90,89,87,42,93,55,46,42,93,91,73,67,RM,4,5,Left,"175cm / 5'9""",70kg / 154lb,"RW, ST",28,England,Premier League,West Ham,"Technical+, Whipped Pass, Rapid, Flair, First Touch, Trickster, Press Proven",https://www.futbin.com/25/player/56469/jarrod-bowen,,,,,,Winter Wildcards
243580,1107,1108,Loïs Openda,88,95,87,74,86,34,83,96,94,89,90,88,80,81,78,74,74,58,80,63,71,84,87,90,89,88,86,29,87,32,25,21,98,83,84,78,ST,4,4,Right,"177cm / 5'10""",75kg / 165lb,,25,Belgium,Bundesliga,RB Leipzig,"Quick Step+, Finesse Shot, Chip Shot, Power Shot, Dead Ball, Power Header, Rapid, Trivela",https://www.futbin.com/25/player/56470/lois-openda,,,,,,Winter Wildcards
193080,1108,1109,David De Gea Quintana,88,51,21,33,99,17,87,52,50,9,13,51,12,13,29,38,17,19,40,39,21,18,60,40,84,32,45,21,18,15,16,13,57,30,38,15,GK,3,2,Right,192cm / 6'3',76kg / 168lb,,34,Spain,Serie A TIM,Fiorentina,"Deflector+, Far Throw, FootWork",https://www.futbin.com/25/player/56471/de-gea-quintana,,,,,,Winter Wildcards
241852,1109,1110,Moussa Diaby,88,99,82,80,91,50,73,99,99,86,87,81,79,73,52,83,82,61,82,78,78,92,96,97,86,88,83,56,48,56,41,53,84,97,54,90,RM,3,5,Left,170cm / 5'6',67kg / 148lb,"CAM, RW, ST",25,France,ROSHN Saudi League,Al Ittihad,"Rapid+, Relentless+, Chip Shot, Flair, First Touch, Quick Step, Long Throw",https://www.futbin.com/25/player/56472/moussa-diaby,,,,,,Winter Wildcards
199304,1110,1111,Danilo Luiz da Silva,88,85,72,84,84,88,86,83,86,74,63,88,74,74,72,80,85,82,87,85,82,81,81,81,90,87,91,88,83,88,89,85,92,80,88,87,CB,4,3,Right,"184cm / 6'0""",78kg / 172lb,RB,33,Brazil,Serie A TIM,Juventus,"Anticipate+, Long Ball Pass, Jockey, Block, Intercept, Slide Tackle, Bruiser",https://www.futbin.com/25/player/56473/danilo-luiz-da-silva,,,,,,Winter Wildcards
212218,1111,1112,Aymeric Laporte,88,85,88,86,85,80,90,84,85,94,87,94,88,80,82,85,67,80,94,94,83,85,84,84,87,86,88,81,77,78,82,79,93,85,95,82,ST,5,4,Left,"189cm / 6'2""",85kg / 187lb,,30,Spain,ROSHN Saudi League,Al Nassr,"Aerial+, Finesse Shot, Chip Shot, Power Shot, Power Header, Long Ball Pass, Trivela",https://www.futbin.com/25/player/56474/aymeric-laporte,,,,,,Winter Wildcards
140601,1112,1113,Nemanja Vidic,88,80,50,63,64,91,90,78,82,35,44,70,42,51,66,56,51,47,74,70,51,51,70,71,83,72,86,87,91,93,92,88,91,86,92,89,CB,3,2,Right,"190cm / 6'3""",84kg / 185lb,,,Serbia,Icons,EA FC ICONS,"Block+, Power Header, Jockey, Anticipate, Slide Tackle, Bruiser, Acrobatic, Aerial",https://www.futbin.com/25/player/56491/nemanja-vidic,,,,,,Winter Wildcard ICON
247699,1113,1114,Kenny Dalglish,88,91,86,82,84,40,70,93,90,87,88,83,85,87,85,81,81,95,91,60,87,83,87,85,88,85,84,30,84,34,38,35,76,83,64,67,ST,5,4,Right,173cm / 5'8',73kg / 161lb,,,Scotland,Icons,EA FC ICONS,"Finesse Shot+, Pinged Pass+, Chip Shot, Power Shot, Tiki Taka, Technical, Flair, Quick Step, Trivela",https://www.futbin.com/25/player/56492/kenny-dalglish,,,,,,Winter Wildcard ICON
227261,1114,1115,Alex Scott,88,90,73,82,82,87,83,91,90,72,68,83,77,60,70,71,83,71,87,84,87,80,87,83,91,81,87,89,81,84,91,84,72,86,81,85,LB,4,5,Left,163cm / 5'4',59kg / 130lb,LM,40,England,Barclays WSL,HERO,"Jockey+, Whipped Pass, Anticipate, Quick Step, Relentless, Trivela, Acrobatic, Long Throw",https://www.futbin.com/25/player/56494/alex-scott,,,,,,Winter Wildcard Hero
191694,1115,1116,Jorge Campos,88,88,87,82,88,85,81,91,85,88,88,86,81,92,90,93,73,77,80,83,86,86,91,86,90,88,91,94,95,80,80,90,90,88,78,78,ST,4,4,Right,170cm / 5'6',65kg / 143lb,,58,Mexico,MLS,HERO,"Power Shot+, Finesse Shot, Chip Shot, Rapid, Flair, Relentless, Trivela",https://www.futbin.com/25/player/56495/jorge-campos,,,,,,Winter Wildcard Hero
227261,1116,1117,Alex Scott,88,90,73,82,82,87,83,91,90,72,68,83,77,60,70,71,83,71,87,84,87,80,87,83,91,81,87,89,81,84,91,84,72,86,81,85,RB,4,5,Right,163cm / 5'4',59kg / 130lb,RM,40,England,Barclays WSL,HERO,"Relentless+, Whipped Pass, Jockey, Anticipate, Quick Step, Trivela, Acrobatic, Long Throw",https://www.futbin.com/25/player/56496/alex-scott,,,,,,Winter Wildcard Hero
264240,1117,1118,Pablo Martín Páez Gavira,88,84,78,88,99,83,80,85,83,83,80,80,80,54,57,93,78,53,94,92,83,99,99,99,99,99,99,90,51,83,87,87,65,86,75,90,CM,4,4,Right,"173cm / 5'8""",70kg / 154lb,LW,20,Spain,LALIGA EA SPORTS,FC Barcelona,"Anticipate+, Tiki Taka, Jockey, Block, Intercept, Slide Tackle, Bruiser, Rapid, Relentless",https://www.futbin.com/25/player/56499/pablo-martin-paez-gavira,,,,,,Winter Wildcards
6975,1118,1119,Freddie Ljungberg,88,90,83,87,88,47,80,91,90,86,88,81,80,72,73,88,88,83,90,81,88,90,88,86,88,88,81,46,61,50,44,38,71,90,78,77,LM,5,4,Right,175cm / 5'8',73kg / 161lb,"RM, ST, LW",48,Sweden,Premier League,HERO,"Rapid+, Chip Shot, Incisive Pass, Long Ball Pass, Technical, First Touch, Trickster, Press Proven, Trivela",https://www.futbin.com/25/player/56502/freddie-ljungberg,,,,,,Winter Wildcard Hero
224232,1119,1120,Nicolò Barella,88,82,80,85,88,81,83,86,79,85,78,82,81,82,75,86,81,69,90,87,81,84,93,94,92,90,88,85,61,81,84,82,80,94,75,88,CM,4,3,Right,"172cm / 5'8""",68kg / 150lb,CDM,28,Italy,Serie A TIM,Lombardia FC,"Relentless+, Pinged Pass, Intercept, Anticipate, Slide Tackle, Press Proven",https://www.futbin.com/25/player/56505/nicolo-barella,,,,,,TOTW
220697,1120,1121,James Maddison,88,83,86,89,89,61,76,86,80,89,86,87,87,81,80,90,88,90,89,88,90,89,87,86,83,91,91,50,40,70,72,47,70,87,70,80,CAM,5,4,Right,"175cm / 5'9""",73kg / 161lb,"RM, CM",28,England,Premier League,Spurs,"Finesse Shot+, Chip Shot, Dead Ball, Incisive Pass, Long Ball Pass, Whipped Pass, Flair, Trivela",https://www.futbin.com/25/player/56544/james-maddison,,,,,,NumeroFUT
238257,1121,1122,Millie Bright,88,82,53,80,78,88,89,80,83,40,52,67,48,36,62,80,61,57,91,93,68,78,80,80,90,74,90,86,90,91,88,80,87,80,93,89,CB,4,2,Right,"178cm / 5'10""",76kg / 168lb,,31,England,Barclays WSL,Chelsea,"Aerial+, Power Header, Long Ball Pass, Jockey, Block, Intercept, Anticipate, Bruiser",https://www.futbin.com/25/player/56545/millie-bright,,,,,,NumeroFUT
189805,1122,1123,Luuk de Jong,88,84,89,82,87,65,88,87,81,91,92,88,83,89,80,85,76,76,88,75,75,85,84,84,90,90,90,51,99,67,63,54,97,88,90,80,ST,5,4,Right,"189cm / 6'2""",86kg / 190lb,,34,Netherlands,Eredivisie,PSV,"Power Header+, Finesse Shot, Chip Shot, First Touch, Trivela, Aerial",https://www.futbin.com/25/player/56546/luuk-de-jong,,,,,,NumeroFUT
267201,1123,1124,Jess Fishlock,88,86,87,86,88,80,77,86,86,89,88,85,87,84,82,92,71,78,92,89,81,86,84,95,85,93,89,85,60,82,85,72,75,90,74,71,CAM,5,4,Right,"157cm / 5'2""",54kg / 119lb,"CDM, CM",38,Wales,NWSL,OL Reign,"Incisive Pass+, Finesse Shot, Chip Shot, Pinged Pass, Technical, First Touch, Press Proven",https://www.futbin.com/25/player/56547/jess-fishlock,,,,,,NumeroFUT
272978,1124,1125,Jorrel Hato,88,90,55,82,85,88,83,88,92,73,51,75,41,49,48,80,70,38,94,91,70,80,89,89,89,88,87,91,80,87,89,85,99,81,82,82,CB,3,3,Left,"182cm / 6'0""",76kg / 168lb,LB,19,Netherlands,Eredivisie,Ajax,"Quick Step+, Jockey, Block, Intercept, Anticipate, Slide Tackle, Aerial",https://www.futbin.com/25/player/56548/jorrel-hato,,,,,,NumeroFUT
158625,1125,1126,Dante Bonfim Costa Santos,88,80,56,76,82,88,88,80,80,46,51,67,57,52,65,72,64,61,87,85,56,77,78,78,89,89,92,90,85,92,86,83,83,80,95,84,CB,4,3,Left,"188cm / 6'2""",89kg / 196lb,,41,Brazil,Ligue 1 Uber Eats,OGC Nice,"Anticipate+, Pinged Pass, Long Ball Pass, Jockey, Block, Bruiser, Aerial",https://www.futbin.com/25/player/56549/dante-bonfim-costa-santos,,,,,,NumeroFUT
192505,1126,1127,Romelu Lukaku,88,88,90,82,85,45,90,84,92,92,91,94,82,86,97,84,81,73,84,75,84,86,84,82,88,84,88,32,97,36,47,36,97,82,97,80,ST,5,4,Left,"191cm / 6'3""",94kg / 207lb,,31,Belgium,Serie A TIM,SSC Napoli,"Power Shot+, Finesse Shot, Power Header, Press Proven, Acrobatic, Aerial",https://www.futbin.com/25/player/56558/romelu-lukaku,,,,,,Flashback SBC
208722,1127,1128,Sadio Mané,88,91,86,83,90,48,80,90,91,88,87,90,82,80,80,85,83,68,88,76,82,89,90,94,89,90,87,38,85,46,46,41,92,84,77,80,CAM,4,5,Right,174cm / 5'8',69kg / 152lb,"RM, RW, ST",33,Senegal,ROSHN Saudi League,Al Nassr,"Rapid+, Finesse Shot, Chip Shot, Power Shot, Flair, Quick Step, Relentless",https://www.futbin.com/25/player/56561/sadio-mane,,,,,,Player Moments SBC
250959,1128,1129,Angelo Stiller,88,84,76,89,85,88,87,87,81,77,70,92,82,61,53,87,86,87,91,90,85,85,84,85,88,86,84,89,80,88,89,87,84,93,86,82,CDM,4,4,Left,"183cm / 6'0""",79kg / 174lb,CM,24,Germany,Bundesliga,VfB Stuttgart,"Tiki Taka+, Incisive Pass, Long Ball Pass, Intercept, Press Proven, Relentless",https://www.futbin.com/25/player/56562/angelo-stiller,,,,,,NumeroFUT
241651,1129,1130,Viktor Gyökeres,88,93,87,74,85,42,94,91,95,87,90,89,82,78,85,84,67,64,80,57,76,85,82,82,89,87,87,33,95,40,40,19,98,96,94,90,ST,5,3,Right,"187cm / 6'2""",90kg / 198lb,LW,26,Sweden,Liga Portugal,Sporting CP,"Power Shot, Power Header, Press Proven",https://www.futbin.com/25/player/56666/viktor-gyokeres,,,,,,SIF
245839,1130,1131,Hina Sugita,88,82,83,87,89,80,77,84,80,87,84,82,84,81,72,91,83,70,91,87,72,88,96,90,90,90,82,80,71,81,83,76,80,96,70,68,CM,5,5,Left,"161cm / 5'3""",53kg / 117lb,"CDM, RM",28,Japan,NWSL,Portland Timbers-Thorns,"Technical+, Finesse Shot, Incisive Pass, Anticipate, Flair, Press Proven, Relentless",https://www.futbin.com/25/player/56690/hina-sugita,,,,,,NumeroFUT
233731,1131,1132,Alexander Isak,88,87,88,75,91,41,77,86,88,90,91,86,82,83,87,82,70,67,80,62,77,92,88,84,90,91,91,40,82,37,36,31,92,81,80,61,ST,5,4,Right,"192cm / 6'4""",77kg / 170lb,,25,Sweden,Premier League,Newcastle Utd,"Trivela+, Finesse Shot, Power Shot, Technical, Rapid, Flair, First Touch",https://www.futbin.com/25/player/56695/alexander-isak,,,,,,PL POTM SBC
226177,1132,1133,Becky Sauerbrunn,88,85,47,70,76,90,89,87,83,53,47,48,45,40,46,70,59,41,81,72,53,70,80,81,83,80,87,87,86,95,89,86,91,80,95,83,CB,4,3,Right,"170cm / 5'7""",64kg / 141lb,"RB, CDM",39,United States,NWSL,Portland Timbers-Thorns,"Slide Tackle+, Incisive Pass, Jockey, Intercept, Bruiser, Aerial",https://www.futbin.com/25/player/56718/becky-sauerbrunn,,,,,,End of an Era SBC
265275,1133,1134,Leah Galton,88,88,88,88,89,67,84,87,88,92,88,92,89,82,67,90,89,72,92,84,82,90,80,80,92,92,90,66,73,61,72,65,87,86,90,66,LM,4,4,Left,"170cm / 5'7""",61kg / 134lb,"CAM, LW",30,England,Barclays WSL,Manchester Utd,"Incisive Pass+, Pinged Pass, Whipped Pass, Technical, Rapid, Trickster, Trivela, Aerial",https://www.futbin.com/25/player/56721/leah-galton,,,,,,NumeroFUT
263781,1134,1135,Vanderson de Oliveira Campos,88,90,73,80,88,86,82,92,89,85,74,73,69,72,59,80,83,78,82,72,80,89,87,87,86,87,85,86,81,85,88,88,86,86,80,80,RB,4,4,Right,"173cm / 5'8""",74kg / 163lb,RM,23,Brazil,Ligue 1 Uber Eats,AS Monaco,"Technical+, Whipped Pass, Block, Anticipate, Slide Tackle, Rapid",https://www.futbin.com/25/player/56722/vanderson-de-oliveira-campos,,,,,,NumeroFUT
225508,1135,1136,Eric Bailly,88,88,52,86,82,87,85,85,90,58,41,68,59,52,57,86,72,64,98,89,68,81,83,83,82,81,89,88,82,88,87,89,86,81,88,84,CB,4,3,Right,187cm / 6'1',77kg / 170lb,,31,Côte d'Ivoire,LALIGA EA SPORTS,Villarreal CF,"Long Ball Pass+, Incisive Pass, Pinged Pass, Anticipate, Slide Tackle, Bruiser, First Touch, Press Proven",https://www.futbin.com/25/player/56726/eric-bailly,,,,,,NumeroFUT
225508,1136,1137,Eric Bailly,88,85,52,82,84,89,84,82,87,58,41,68,59,52,57,82,68,60,94,85,64,83,85,85,84,83,91,90,84,90,89,91,85,80,87,83,CB,4,3,Right,187cm / 6'1',77kg / 170lb,,31,Côte d'Ivoire,LALIGA EA SPORTS,Villarreal CF,"Intercept+, Jockey, Block, Slide Tackle, Bruiser, Aerial",https://www.futbin.com/25/player/56727/eric-bailly,,,,,,NumeroFUT
213345,1137,1138,Kingsley Coman,88,92,85,86,91,34,67,95,90,92,84,93,82,88,73,87,88,77,87,79,90,92,95,88,88,91,82,26,69,33,31,24,82,82,68,41,LM,4,5,Right,"181cm / 5'11""",75kg / 165lb,"RM, LW",28,France,Bundesliga,FC Bayern München,"Rapid+, Power Header, Flair, First Touch, Quick Step, Acrobatic, Aerial",https://www.futbin.com/25/player/56728/kingsley-coman,,,,,,Flashback SBC
231443,1138,1139,Ousmane Dembélé,88,94,79,84,90,44,61,96,93,84,76,87,78,80,79,87,88,66,85,80,86,91,96,83,84,89,84,41,47,45,45,36,69,74,56,57,RW,5,5,Left,"178cm / 5'10""",67kg / 148lb,"RM, CAM",27,France,Ligue 1 Uber Eats,Paris SG,"Rapid+, Pinged Pass, Flair, Trickster, Quick Step",https://www.futbin.com/25/player/56729/ousmane-dembele,,,,,,SIF
262866,1139,1140,Kyra Cooney-Cross,88,88,87,89,87,83,85,87,88,93,87,83,89,87,79,93,76,82,94,95,87,83,91,93,91,90,85,90,64,90,81,77,83,96,82,80,CDM,4,4,Right,"164cm / 5'5""",58kg / 128lb,CM,23,Australia,Barclays WSL,Arsenal,"Long Ball Pass+, Power Shot, Incisive Pass, Jockey, Intercept, Bruiser",https://www.futbin.com/25/player/57166/kyra-cooney-cross,,,,,,Future Stars
265188,1140,1141,Giorgio Scalvini,88,82,45,75,72,90,87,82,82,36,30,73,50,50,45,85,50,32,88,85,49,65,72,72,83,80,83,90,82,90,92,90,88,82,88,90,CB,3,2,Right,"194cm / 6'4""",75kg / 165lb,,21,Italy,Serie A TIM,Bergamo Calcio,"Anticipate+, Incisive Pass, Block, Intercept, Bruiser, Aerial",https://www.futbin.com/25/player/57167/giorgio-scalvini,,,,,,Future Stars
273463,1141,1142,João Victor Gomes da Silva,88,86,80,88,86,87,85,85,86,80,74,90,85,68,85,88,80,78,93,92,74,85,83,86,87,87,85,88,80,86,88,87,84,88,80,94,CM,4,4,Right,"176cm / 5'9""",74kg / 163lb,CDM,24,Brazil,Premier League,Wolves,"Intercept+, Bruiser+, Incisive Pass, Long Ball Pass, Slide Tackle, Technical, Relentless",https://www.futbin.com/25/player/57168/joao-victor-gomes-da-silva,,,,,,Future Stars
264298,1142,1143,Conor Bradley,88,93,72,80,87,84,85,93,93,87,73,81,68,61,48,80,87,40,85,74,69,88,83,81,87,88,82,85,70,83,88,84,84,91,80,92,RB,4,4,Right,"181cm / 5'11""",71kg / 157lb,,21,Northern Ireland,Premier League,Liverpool,"Relentless+, Whipped Pass, Jockey, Block, Technical, Rapid",https://www.futbin.com/25/player/57169/conor-bradley,,,,,,Future Stars
276589,1143,1144,Vitor Hugo Roque Ferreira,88,93,87,75,88,40,80,96,91,88,90,88,81,83,80,79,79,89,69,66,94,90,90,86,83,85,83,33,94,40,33,25,97,85,94,35,ST,4,4,Right,"172cm / 5'8""",78kg / 172lb,"RW, LW",20,Brazil,LALIGA EA SPORTS,Real Betis,"Power Shot+, Finesse Shot, Rapid, Flair, Quick Step, Relentless",https://www.futbin.com/25/player/57197/vitor-hugo-roque-ferreira,,,,,,Objectives
251752,1144,1145,Lucas Chevalier,88,55,18,25,91,10,87,57,53,7,9,54,8,9,16,47,12,14,25,22,15,14,38,38,79,17,45,10,12,10,10,11,60,39,53,23,GK,3,1,Right,"189cm / 6'2""",78kg / 172lb,,23,France,Ligue 1 Uber Eats,LOSC Lille,"Rush Out+, Far Throw, FootWork, Far Reach, Deflector",https://www.futbin.com/25/player/57200/lucas-chevalier,,,,,,Future Stars
258683,1145,1146,Ivan Ilic,88,85,86,88,89,84,85,86,84,81,82,97,92,73,70,89,82,72,93,91,82,89,82,80,81,94,82,84,72,85,86,83,85,85,84,89,CM,4,4,Left,"186cm / 6'1""",75kg / 165lb,CDM,24,Serbia,Serie A TIM,Torino,"Anticipate+, Incisive Pass, Long Ball Pass, Intercept, Technical, Flair, Relentless, Trivela",https://www.futbin.com/25/player/57204/ivan-ilic,,,,,,Future Stars
20801,1146,1147,C. Ronaldo dos Santos Aveiro,88,83,90,80,84,36,80,79,86,92,89,94,87,85,92,81,81,79,82,73,82,81,80,64,91,90,97,31,92,25,34,25,99,83,82,64,ST,4,5,Right,"187cm / 6'2""",85kg / 187lb,,40,Portugal,ROSHN Saudi League,Al Nassr,"Power Shot+, Power Header, Flair, Trickster, Trivela, Acrobatic, Aerial",https://www.futbin.com/25/player/57207/c-ronaldo-dos-santos-aveiro,,,,,,SIF
227236,1147,1148,André-Franck Zambo Anguissa,88,84,77,81,86,87,95,84,84,90,74,85,81,61,68,84,72,52,89,86,70,85,85,86,94,86,90,89,78,89,88,85,91,99,94,92,CM,4,3,Right,"184cm / 6'0""",83kg / 183lb,CDM,29,Cameroon,Serie A TIM,SSC Napoli,"Relentless+, Intercept+, Pinged Pass, Block, Anticipate, Bruiser",https://www.futbin.com/25/player/57432/andre-franck-zambo-anguissa,,,,,,SBC
236920,1148,1149,Justin Kluivert,88,95,88,87,92,54,78,95,95,85,86,94,90,79,79,89,92,75,87,82,86,93,99,94,81,91,83,43,81,61,50,43,89,86,72,78,CAM,4,4,Right,"171cm / 5'7""",66kg / 146lb,LM,25,Netherlands,Premier League,AFC Bournemouth,"Power Shot+, Pinged Pass+, Finesse Shot, Technical, Rapid, Flair",https://www.futbin.com/25/player/57433/justin-kluivert,,,,,,PL POTM SBC
277031,1149,1150,Abdukodir Khusanov,88,87,55,76,77,88,89,84,89,62,48,69,51,52,65,72,66,56,87,75,68,75,78,74,90,75,88,88,86,87,90,89,90,82,92,88,CB,4,3,Right,"186cm / 6'1""",84kg / 185lb,,21,Uzbekistan,Premier League,Manchester City,"Intercept+, Jockey, Block, Anticipate, Slide Tackle, Bruiser, Quick Step, Aerial",https://www.futbin.com/25/player/57448/abdukodir-khusanov,,,,,,Future Stars
278016,1150,1151,Murillo Costa dos Santos,88,85,53,77,80,88,90,87,84,49,41,86,50,42,63,70,65,70,85,87,65,80,75,74,90,80,90,87,85,88,89,88,90,86,94,87,CB,4,3,Left,"180cm / 5'11""",75kg / 165lb,,22,Brazil,Premier League,Nott'm Forest,"Slide Tackle+, Bruiser+, Long Ball Pass, Jockey, Block, Intercept, Anticipate",https://www.futbin.com/25/player/57449/murillo-costa-dos-santos,,,,,,Future Stars
268942,1151,1152,Catalina Thomas Coll Lluch,88,61,18,38,92,11,88,60,61,13,8,56,5,7,28,61,9,21,49,35,15,9,50,66,78,34,50,14,7,9,12,14,67,30,65,20,GK,4,1,Right,"170cm / 5'7""",68kg / 150lb,,24,Spain,Liga F,FC Barcelona,"Deflector+, Far Throw, FootWork, Cross Claimer",https://www.futbin.com/25/player/57450/catalina-thomas-coll-lluch,,,,,,Future Stars
264969,1152,1153,Oriane Jean-François,88,85,76,83,84,88,85,85,85,84,76,82,78,61,60,89,62,57,94,91,68,81,82,86,89,90,81,91,71,88,92,83,87,84,86,83,CDM,4,4,Right,"164cm / 5'5""",58kg / 128lb,CM,23,France,Barclays WSL,Chelsea,"Anticipate+, Incisive Pass, Pinged Pass, Tiki Taka, Jockey, Intercept, Slide Tackle, Press Proven",https://www.futbin.com/25/player/57467/oriane-jean-francois,,,,,,Future Stars
265340,1153,1154,Jess Park,88,90,82,84,92,55,82,91,90,88,86,84,76,72,70,88,83,57,91,75,78,94,95,88,83,93,80,52,66,50,64,42,90,96,74,81,RW,4,4,Right,"161cm / 5'3""",56kg / 123lb,"RM, CM",23,England,Barclays WSL,Manchester City,"Trickster+, Finesse Shot, Whipped Pass, Technical, Flair, First Touch, Quick Step, Trivela",https://www.futbin.com/25/player/57471/jess-park,,,,,,Future Stars
253436,1154,1155,Ona Batlle Pascual,88,88,55,84,85,86,76,90,86,73,56,58,44,52,53,76,91,42,92,83,83,85,87,90,88,83,87,87,56,90,90,88,75,96,66,77,RB,4,3,Right,"160cm / 5'3""",51kg / 112lb,LB,25,Spain,Liga F,FC Barcelona,"Pinged Pass+, Whipped Pass, Jockey, Anticipate, Rapid, Quick Step, Relentless",https://www.futbin.com/25/player/57472/ona-batlle-pascual,,,,,,SIF
233419,1155,1156,Raphael Dias Belloli,88,95,85,84,90,58,78,94,95,89,84,89,85,77,84,86,86,85,84,80,87,91,92,83,88,89,84,60,82,51,59,43,89,92,69,81,LW,4,4,Left,"176cm / 5'9""",68kg / 150lb,"RM, LM, RW",28,Brazil,LALIGA EA SPORTS,FC Barcelona,"Power Shot+, Finesse Shot, Rapid, Flair, Trickster, Quick Step, Relentless",https://www.futbin.com/25/player/57475/raphael-dias-belloli,,,,,,SIF
245367,1156,1157,Xavi Simons,88,88,84,87,91,68,78,93,84,84,85,85,87,68,67,92,80,71,91,86,89,90,95,92,89,91,86,72,67,67,69,62,76,91,69,83,CAM,3,4,Right,"179cm / 5'10""",61kg / 134lb,LW,22,Netherlands,Bundesliga,RB Leipzig,"First Touch+, Finesse Shot, Incisive Pass, Tiki Taka, Technical, Flair, Trivela",https://www.futbin.com/25/player/57476/xavi-simons,,,,,,SIF
240091,1157,1158,Guglielmo Vicario,88,56,17,46,91,16,88,59,54,13,6,59,5,7,13,69,11,10,58,55,14,22,56,38,82,44,63,15,11,23,11,13,67,38,60,35,GK,4,1,Right,"194cm / 6'4""",76kg / 168lb,,28,Italy,Premier League,Spurs,"FootWork+, Long Ball Pass, Cross Claimer, Rush Out, Deflector",https://www.futbin.com/25/player/57515/guglielmo-vicario,,,,,,Grassroot Greats
235657,1158,1159,Rachel Daly,88,85,90,84,87,67,80,86,85,95,95,90,82,81,90,86,86,57,87,80,84,87,86,83,88,90,83,47,82,72,71,67,93,85,85,57,ST,4,5,Right,"167cm / 5'6""",62kg / 137lb,CAM,33,England,Barclays WSL,Aston Villa,"Finesse Shot+, Power Shot, Incisive Pass, Technical, First Touch, Press Proven, Quick Step, Relentless",https://www.futbin.com/25/player/57516/rachel-daly,,,,,,Grassroot Greats
207956,1159,1160,Pelly-Ruddock Mpanzu,88,92,80,85,88,86,91,92,92,82,76,90,86,66,56,86,84,52,94,88,55,89,88,90,84,86,88,88,87,81,88,85,97,97,94,76,CM,4,4,Right,"175cm / 5'9""",74kg / 163lb,CDM,31,Congo DR,EFL League One,Rotherham Utd,"Bruiser+, Pinged Pass, Jockey, Intercept, Rapid, Press Proven",https://www.futbin.com/25/player/57517/pelly-ruddock-mpanzu,,,,,,Grassroot Greats
208128,1160,1161,Hakan Çalhanoglu,88,84,82,89,88,87,80,84,84,76,77,88,89,76,92,91,81,88,92,92,91,87,88,87,89,91,88,90,72,88,90,87,80,85,76,84,CDM,5,4,Right,"178cm / 5'10""",69kg / 152lb,CM,31,Türkiye,Serie A TIM,Lombardia FC,"Incisive Pass+, Anticipate+, Pinged Pass, Long Ball Pass, Jockey, Intercept, Bruiser, Technical, First Touch",https://www.futbin.com/25/player/57518/hakan-calhanoglu,,,,,,Grassroot Greats
217870,1161,1162,Giovanni Di Lorenzo,88,90,74,82,83,87,88,90,90,77,73,80,76,66,65,80,85,76,85,81,75,83,83,86,85,84,81,89,78,87,90,87,93,96,85,86,RB,4,4,Right,"183cm / 6'0""",82kg / 181lb,RM,31,Italy,Serie A TIM,SSC Napoli,"Jockey+, Intercept+, Whipped Pass, Block, Slide Tackle, Technical, Rapid, First Touch, Relentless",https://www.futbin.com/25/player/57519/giovanni-di-lorenzo,,,,,,Grassroot Greats
274536,1162,1163,Moïse Bombito,88,97,62,72,80,84,88,98,96,78,73,53,55,30,42,70,67,37,83,75,54,80,75,75,83,82,83,84,73,87,87,80,92,85,90,85,CB,4,3,Right,"190cm / 6'3""",81kg / 179lb,LB,25,Canada,Ligue 1 Uber Eats,OGC Nice,"Bruiser+, Pinged Pass, Block, Slide Tackle, Rapid",https://www.futbin.com/25/player/57539/moise-bombito,,,,,,Grassroot Greats
227255,1163,1164,Fran Kirby,88,91,88,87,92,50,77,92,90,93,86,92,86,93,78,86,82,80,91,86,83,92,93,97,90,93,86,42,85,43,51,46,92,85,74,70,CAM,4,5,Right,"157cm / 5'2""",52kg / 115lb,"RM, RW, ST",31,England,Barclays WSL,Brighton,"Incisive Pass+, Finesse Shot, Power Shot, Tiki Taka, Technical, Rapid, Flair, Trickster, Trivela",https://www.futbin.com/25/player/57751/fran-kirby,,,,,,Grassroot Greats
265249,1164,1165,Lauren James,88,91,84,83,90,42,85,95,88,85,85,88,81,74,73,84,91,76,79,80,84,95,71,80,80,93,77,42,69,32,45,40,93,78,94,70,LM,4,5,Right,"175cm / 5'9""",77kg / 170lb,"CAM, RW, LW",23,England,Barclays WSL,Chelsea,"Trickster+, Long Ball Pass, Whipped Pass, Rapid, Flair, First Touch, Quick Step",https://www.futbin.com/25/player/57754/lauren-james,,,,,,TOTW
246219,1165,1166,Khadija Shaw,88,85,88,78,83,34,87,86,85,91,92,90,82,79,77,87,65,60,86,75,64,84,59,45,92,92,92,27,97,24,32,21,94,83,94,73,ST,4,3,Right,"180cm / 5'11""",70kg / 154lb,,28,Jamaica,Barclays WSL,Manchester City,"Aerial+, Chip Shot, First Touch, Press Proven",https://www.futbin.com/25/player/57755/khadija-shaw,,,,,,SIF
240717,1166,1167,Lineth Beerensteyn,88,93,86,85,91,58,83,94,93,90,95,82,79,69,68,83,81,67,94,78,85,92,87,93,90,92,81,54,76,58,58,50,95,85,85,70,LW,3,4,Right,"162cm / 5'4""",60kg / 132lb,"LM, RW, ST",28,Netherlands,GPFBL,VfL Wolfsburg,"Rapid+, Finesse Shot, Technical, Quick Step",https://www.futbin.com/25/player/57756/lineth-beerensteyn,,,,,,SIF
213331,1167,1168,Jonathan Tah,88,83,40,66,68,89,88,76,89,38,34,63,27,56,40,62,43,30,86,75,41,66,54,44,92,73,87,86,90,90,90,84,90,72,96,87,CB,3,2,Right,"195cm / 6'5""",94kg / 207lb,,29,Germany,Bundesliga,Leverkusen,"Block+, Anticipate, Slide Tackle, Aerial",https://www.futbin.com/25/player/57757/jonathan-tah,,,,,,TOTW
247679,1168,1169,Victor Boniface,88,89,92,83,90,50,91,87,91,93,91,99,88,88,83,90,65,75,90,80,86,92,85,77,88,92,87,45,94,50,42,36,95,84,97,86,ST,4,4,Right,"190cm / 6'3""",91kg / 201lb,,24,Nigeria,Bundesliga,Leverkusen,"Power Shot+, Pinged Pass+, Finesse Shot, Power Header, Technical, Aerial",https://www.futbin.com/25/player/57807/victor-boniface,,,,,,UCL Live
215441,1169,1170,Serhou Guirassy,88,85,91,77,87,43,84,81,88,94,94,92,86,86,90,81,60,72,88,72,78,86,81,83,91,90,94,32,91,46,32,38,91,79,89,77,ST,4,3,Right,"187cm / 6'2""",82kg / 181lb,,29,Guinea,Bundesliga,Borussia Dortmund,"Chip Shot+, Finesse Shot, Power Header, First Touch, Trivela, Aerial",https://www.futbin.com/25/player/58153/serhou-guirassy,,,,,,SIF
